An Intentional Forgetting-Driven Self-Healing Method for Deep Reinforcement Learning Systems,Climate Change Adaptation,KO/check,Climate Risks Modeling,KO/check,878919a5009b3e3b47d06d604566693b
"The paper discusses a self-healing method for Deep Reinforcement Learning (DRL) systems called Dr. DRL, which integrates intentional forgetting to address inefficiencies in Continual Learning (CL) when adapting to environmental drifts in production settings. This method prioritizes key problem-solving skills and accelerates adaptation in drifted environments.","The primary focus of the paper is on adapting DRL systems to changing environments. Adaptation is a core theme in adapting to climate change, particularly as it involves adjusting systems to cope with environmental changes effectively and efficiently.","The given environmental conditions specified in the paper do not refer to climate topics. ""DRL-based systems [...] are likely to generate incorrect or undesirable behaviors when operating in constantly everchanging production settings. This phenomenon is known as environmental drift [4], which is the manifestation of concept drift [5, 6] in DRL systems"". ","The paper relates to modeling and adapting AI systems for unpredictable and changing environmental conditions, akin to how climate risks modeling involves preparing for and mitigating unpredictable climatic changes.",The given environmental conditions specified in the paper do not refer to climate topics,
,N/A,OK,N/A,OK,
,"The paper primarily focuses on adaptation strategies for AI systems rather than direct applications in environmental or ecological contexts. Therefore, it doesn't fit neatly into other eco-responsible categories beyond adaptation frameworks.",,The focus on intentional forgetting and self-healing in AI systems doesn't specifically align with other eco-responsible sub-categories since the applications are more about system processes than external environmental applications.,,
Neighbor Auto-Grouping Graph Neural Networks for Handover Parameter Configuration in Cellular Network,Climate Change Mitigation,KO/Check,Energy Efficiency in Buildings,KO/Check,85617b2cfcbc8ef2494a374368d3276f
"This paper introduces a learning-based framework to optimize handover parameters in cellular networks using a novel graph convolutional network. The model focuses on handling dependencies between neighboring cells and aims to enhance network throughput and stability, which could reduce the need for expert intervention. It addresses spatial and temporal complexities and can significantly improve network performance, especially in underserved areas.","The paper discusses an approach to optimize cellular network operations, which could lead to energy efficiency gains within the network infrastructure. Energy efficiency in telecommunications aligns with Climate Change Mitigation, even though not directly related to carbon reduction, it supports reducing the overall energy demand.","Even though sustainable applications are mentioned (short paragraph), they are not central. ""The conducted simulations shows the superiority of TAG-GCN which has a huge potential social impact by improving the cellular network parameters and providing massive connectivity and high coverage with a balanced traffic across the network. Hence, this can help the widespread adaptation of new technologies to benefit many sectors such as health and education.""","While the focus is on cellular networks, the optimization of handover parameters can be linked indirectly to energy efficiency as improved network performance can lead to reduced energy consumption through efficient resource allocation.","Even though sustainable applications are mentioned (short paragraph), they are not central. ""Besides, this framework can bring new possibilities for important applications to under-developed regions including online education, health monitoring devices by improving their real time connection (Attaran 2021).""",
,Support to Global South,KO/Check,Support RE Deployment,KO/Check,
,"The framework proposed in the paper can improve network performance in underserved regions, contributing to better infrastructure and connectivity, which is crucial for bridging the digital divide in developing areas.","Even though one of the main purposes is to help underserved regions, including Southern ones, it will be done through climate/sustainable actions. ""Besides, this framework can bring new possibilities for important applications to under-developed regions including online education, health monitoring devices by improving their real time connection (Attaran 2021).""","Though indirect, the enhancement of network quality and coverage through the proposed method could support the deployment of renewable resources by enabling better communication and control systems.","""This can bring exciting new opportunities to these regions such as remote education, remote working, health monitoring, video streaming, etc.""",
,,,,,
,,,,,
The generalizability of pre-processing techniques on the accuracy and fairness of data-driven building models: a case study,Climate Change Mitigation,KO/Check,Energy Efficiency in Buildings,KO/Check,84ce54da8fde89d11993e89ebc647449
"This paper examines the effectiveness of different pre-processing techniques on the accuracy and fairness of data-driven building models (DDBMs) used for predicting lighting status in buildings. It introduces a new technique called sequentially balanced sampling (SBS) and compares it with existing methods to handle data distribution imbalances. The study conducts simulations on lighting data to evaluate these techniques in terms of their impact on predictive accuracy and fairness, with implications for improving DDBM performance.","The focus on improving the predictive performance of building management systems through data-driven models aligns with efforts to optimize energy consumption and reduce emissions in the building sector, which is crucial for climate change mitigation.","This paper aims to improve the accuracy and fairness of data-driven building models. Even though sustainable applications are mentioned, they are not central. ""[...] plenty of information [...] has been dynamically collected from buildings [2]. These data could be used as a basis to develop data-driven building models (DDBMs) to predict indoor air temperature [3], energy consumption [4], [5], [6], thermal comfort [7], occupancy status/numbers [8], [9], [10], indoor air quality [11], fire hazard [12] or HVAC system performance [13], [14].""",The use of data-driven models to predict aspects such as energy consumption and HVAC performance directly contributes to improving energy efficiency in building management.,"This paper aims to improve the accuracy and fairness of data-driven building models. Even though sustainable applications are mentioned, they are not central. ",
,N/A,OK,N/A,OK,
,"The content of the paper is primarily focused on data-driven models for energy and building management, without direct connections to other listed eco-responsible categories.",,"The focus is specifically on energy efficiency within building contexts, without mentioning activities outside this specific area.",,
GAUCHE: A Library for Gaussian Processes in Chemistry,Climate Change Mitigation,KO/Check,Industry,KO/Check,87edb74fb6193d66722392da2df34b13
"This paper introduces GAUCHE, an open-source library designed to facilitate the use of Gaussian processes in chemistry. It provides a robust and user-friendly framework for molecular discovery, chemical reaction optimization, and protein design by offering specialized kernels for various molecular representations.","The primary purpose of the paper is to present a tool that can be used in molecular discovery, which has applications in optimizing chemical processes and potentially reducing environmental impacts, thus contributing to climate change mitigation.","Despite the fact that it might be true, it is not mentioned in the paper","The paper's focus on improving chemical reactions and molecular design through advanced computational methods positions it within the industry sub-category, as it aims to optimize industrial chemical processes.","Despite the fact that it might be true, it is not mentioned in the paper",
,N/A,OK,N/A,OK,
,"While the paper focuses on applications that could benefit from improved chemical processes, it does not directly address secondary eco-responsible categories.",,The paper does not directly address sub-categories beyond those related to industrial applications in chemistry.,,
,,,,,
,,,,,
,,,,,
,,,,,
Multi-Agent Reinforcement Learning for Fast-Timescale Demand Response of Residential Loads,Climate Change Mitigation,OK,Renewable Energy and Grid Optimization,OK,8031140694a4dbcbac671cff7b8c2390
"This paper presents a decentralized multi-agent reinforcement learning approach to manage the fast-timescale demand response of residential electrical loads, particularly air conditioners, to aid frequency regulation in power grids integrating renewable energy. The proposed approach employs multi-agent proximal policy optimization with both hand-engineered and learned communication strategies, offering scalability and robustness in controlling large aggregations of residential air conditioners.","The paper addresses a method for facilitating the integration of renewable energy and improving frequency regulation in power grids, which are crucial aspects of climate change mitigation.",,The methods discussed focus on optimizing grid operations by using demand response to mitigate the intermittency of renewable energy sources through efficient energy management.,,
,N/A,OK,N/A,OK,
,There are no additional eco-responsible aspects discussed beyond the primary focus on demand response for renewable integration.,,The focus of the paper is specifically on renewable energy and grid optimization without delving into other sub-categories.,,
Peer-to-Peer Energy Trading and Energy Conversion in Interconnected Multi-Energy Microgrids Using Multi-Agent Deep Reinforcement Learning,Climate Change Mitigation,OK,Renewable Energy and Grid Optimization,OK,8599282d633340f83e592625f09b8e2f
"This paper explores the external peer-to-peer energy trading and internal energy conversion within interconnected residential, commercial, and industrial multi-energy microgrids (MEMGs). The authors propose a multi-agent deep reinforcement learning (MADRL) approach to optimize these processes, aiming to reduce operational costs and environmental impacts.","The paper focuses on optimizing energy trading and conversion in MEMGs, which directly contributes to reducing environmental impacts and operational costs of energy systems—key aspects of climate change mitigation.",,"The paper addresses optimization of energy trading and conversion within microgrids, which are integral to renewable energy systems and grid management.",,
,Sustainable Finance,KO/Check,Energy Efficiency in Buildings,KO/Check,
,"The paper discusses reduced operational costs and economic implications related to energy supply and carbon taxation, aligning with sustainable finance considerations.","The ""trading"" word refers to the energy conversion trading, not the financial approach. ","By improving the energy conversion and trading in multi-energy microgrids, the paper implicitly contributes to enhancing energy efficiency in the buildings sector.","Despite the fact that it might be true, it is not mentioned in the paper/the subcategory does not match the category",
,,,,,
,,,,,
AmbieGen: A Search-based Framework for Autonomous Systems Testing,Climate Change Mitigation,KO/Check,Transportation,KO/Check,84454a28444a54049f6f207173c3ad15
"The paper presents AmbieGen, an open-source framework that employs evolutionary search methods to generate test scenarios for autonomous systems like autonomous vehicles and robots. The framework aims to address the challenge of exhaustive scenario testing by identifying critical test cases that could reveal vulnerabilities or failures in these systems before their deployment.","The framework is indirectly related to climate change mitigation through its application in making autonomous systems safer and more reliable. Autonomous systems, such as electric vehicles, can contribute to climate change mitigation through more efficient transportation systems, reducing emissions by optimizing routes, and safer operation.","Despite the fact that it is partly true, it is not mentioned in the paper","AmbieGen is specifically used for testing autonomous systems like self-driving cars and autonomous robots, which aligns well with the Transportation sub-category under Climate Change Mitigation.","Despite the fact that it is partly true, it is not mentioned in the paper",
,N/A,OK,N/A,OK,
,The paper doesn't directly address any other eco-responsible categories.,,"Apart from its main focus on transportation, the paper does not dive into other sub-categories.",,
Conditional Permutation Invariant Flows,Climate Change Mitigation,KO/Check,Transportation,KO/Check,8618feaf948bb7208b4f2cf03b5c4bfc
"This paper introduces a conditional generative model called Conditional Permutation Invariant Flows, designed for set-valued data where the order of data does not affect their probability. The model is based on normalizing flows and focuses on tasks such as traffic scene and bounding box generation, showing its robustness in preserving permutation invariance while being conditioned on external inputs.","The paper discusses applications of the model including realistic traffic scene generation which can aid in the development of autonomous driving systems. This has implications for reducing traffic congestion and fuel usage, aligning with climate change mitigation through transportation optimization.","Despite the fact that it might be true, it is not mentioned in the paper. ""This work introduced conditional permutation invariant flows, a framework built on continuous normalizing
flows that enables conditional set generation with a tractable density"". ","The application of this model in generating realistic traffic scenes is specifically related to improving transportation systems, which can influence the efficiency and environmental impact of vehicular traffic.","The traffic scene is used as a case that has only been selected to illustrate the efficiency of the permutation invariant solution. ""For traffic scene generation, we significantly outperform baselines, and are the first to present a permutation invariant solution.""",
,N/A,OK,N/A,OK,
,The paper primarily focuses on the methodological advancement of conditional permutation invariant flows without direct implications in any other specified eco-responsible category.,,"Apart from transportation, no other specific sub-category within the eco-responsible areas is directly addressed or applicable here.",,
Predicting Tactical Solutions to Operational Planning Problems under Imperfect Information,Climate Change Mitigation,KO/Check,Transportation,KO/Check,80e37670d2422618be92e0c686804ad5
"This paper integrates machine learning and operations research to develop a high-speed predictive methodology for tactical solutions in two-stage stochastic programming. It demonstrates this through an application in rail transportation load planning, predicting tactical descriptions of operational solutions under imperfect information.","The paper is related to transportation, which is a crucial sector for climate change mitigation, as improvements in transportation planning can reduce emissions by optimizing operations.","Despite the fact that it might be true, it is not mentioned in the paper. ""This paper has proposed a supervised ML approach for predicting expected
TDOSs under imperfect information in short computing time.""","The focus of the paper is on improving rail transportation load planning through predictive modeling, optimizing capacity usage, and enhancing the decision-making process, which directly aligns with the transportation sub-category.","Despite the fact that it might be true, it is not mentioned in the paper. ""We considered an application related to railway demand and capacity management at the tactical level (accept / reject booking requests) whose solution depends on a kind of packing problem at the operational level. A similar problem occurs in other freight transportation settings, for example, airline cargo and less-than-truckload.""",
,N/A,OK,N/A,OK,
,The paper does not directly address other predefined eco-responsible categories beyond the application in transportation planning.,,The paper's application is specific to transportation and does not extend to other sub-categories.,,
A Framework for Obtaining Accurate Posteriors of Strong Gravitational Lensing Parameters with Flexible Priors and Implicit Likelihoods Using Density Estimation,Climate Science,KO/Check,Climate Modeling and Predictions,KO/Check,8669b26f8c8fa81d3acddb435b761e0d
"This paper presents a machine learning framework for analyzing strong gravitational lensing systems. It proposes using implicit likelihood inference to predict lensing parameters accurately through neural networks, allowing for efficient processing of large datasets expected from future astronomical surveys. The paper investigates the ability to model the likelihood of compressed statistics and explores the effectiveness of bivariate neural networks for estimating the density of these statistics, particularly focusing on the distribution of lens parameters.","The paper is primarily geared towards advancing methods in astrophysics and cosmology, which, although not directly related to climate science, involve similar statistical modeling techniques. It can help in developing better models for understanding cosmic structures, indirectly impacting large-scale environmental models.","Despite the fact that it might be true, it is not mentioned in the paper","The paper deals with modeling techniques and predictions within the scope of gravitational lensing, which parallels the methodologies used in climate modeling and predictions.","Despite the fact that it might be true, it is not mentioned in the paper",
,N/A,OK,N/A,OK,
,The paper does not discuss applications related to the eco-responsible categories listed _  it is focused on astrophysical phenomena.,,There is no direct correlation with the sub-categories of climate-oriented studies _  the focus remains on astrophysics.,,
A Heat Diffusion Perspective on Geodesic Preserving Dimensionality Reduction,Climate Science,KO/Check,N/A,OK,88ee341947a1ea640c7cc34db61ee83e
"The paper explores a novel heat diffusion-based methodology for manifold learning and dimensionality reduction, offering a new theoretical link between heat diffusion and manifold distances in high-dimensional, noisy datasets. It introduces 'heat geodesic embeddings' to enhance preservation of geodesic distances and improve data denoising, showing improvements over existing state-of-the-art methods across various datasets, including single cell RNA-sequencing data.","The paper describes a method for dimensionality reduction and manifold learning that could potentially be applied in climate science for dealing with complex, high-dimensional datasets, such as those encountered in climate modeling.","Despite the fact that it might be true, it is not mentioned in the paper",The paper's methodologies are general-purpose techniques and are presented without specific reference to a particular eco-responsible sub-category or application within the notes provided.,,
,N/A,OK,N/A,OK,
,"The main focus of the paper is on mathematical and computational techniques for dimensionality reduction, not directly on eco-responsible applications.",,"Given the technical nature of the paper, there are no direct or implied links to eco-responsible sub-categories from the choices available.",,
Your child needs surgery: A survey-based evaluation of simulated expert consent conversations by key stakeholders.,N/A,OK,N/A,OK,800c64c426191fb8c64d64d1abef0220
"This paper explores the quality of expert consent conversations in pediatric surgery by examining perspectives from key stakeholders, including families and healthcare professionals. It identifies strengths and gaps in the current process and suggests improvements to enhance patient engagement, trust, and satisfaction.","The paper is focused on the medical field, specifically pediatric surgery, and explores the informed consent process. As such, it doesn't align with the eco-responsible AI categories provided, which are primarily related to environmental and sustainable practices.",,"The sub-categories provided are focused on environmental sustainability, climate change, and related areas, which do not match the focus of this medical-related research paper.",,
A Halfspace-Mass Depth-Based Method for Adversarial Attack Detection,N/A,OK,N/A,OK,801b1948440f8d32e6a0f07f77a6244c
"This paper proposes a new method called HAMPER for detecting adversarial attacks in machine learning models. It utilizes the concept of data depths, specifically the halfspace-mass depth, to detect anomalies in high-dimensional spaces. The paper claims that HAMPER outperforms state-of-the-art methods for adversarial detection across multiple benchmarks and provides evidence of its effectiveness through extensive experimentation.","The paper focuses on improving machine learning models' robustness against adversarial attacks, which does not directly tie into any specific eco-responsible category like Climate Change Mitigation, Adaptation, or any others listed.",,The paper's focus on adversarial attack detection in machine learning does not align with any predefined sub-categories related to eco-responsibility.,,
,N/A,OK,N/A,OK,
,"Given the technical nature focusing on adversarial attacks in machine learning, there are no additional direct links to eco-responsible AI categories.",,"Since the paper does not address any specific environmental or eco-responsible sub-category issues, there are no secondary sub-categories applicable.",,
A Reproducible and Realistic Evaluation of Partial Domain Adaptation Methods,N/A,OK,N/A,OK,85c9b8d4b8958f50e83285e7820dcfe1
"The paper evaluates various Partial Domain Adaptation (PDA) methods using realistic model selection strategies without relying on target labels, which is often assumed in PDA scenarios. It presents a detailed experimental setup and discusses the reproducibility and effectiveness of these methods across two datasets, OFFICE - HOME and VISDA, using multiple strategies and seed variations.","The paper does not discuss any eco-responsible applications such as climate change mitigation or adaptation, natural systems protection, or pollution. It focuses purely on the technical evaluation of domain adaptation methods in machine learning, without links to eco-responsible objectives.",,The discussion of PDA methods does not fit into any eco-responsible sub-categories provided.,,
,N/A,OK,N/A,OK,
,"The focus of the paper is on technical aspects of domain adaptation in machine learning without direct links to environmental, sustainability, or climate-related categories.",,"Since the paper exclusively addresses machine learning methods evaluation without addressing eco-friendly applications, it does not have secondary sub-categories within the eco-responsible context.",,
A debriefing tool to acquire non-technical skills in trauma courses,N/A,OK,N/A,OK,87b55166dec55a745c61ac243d5332bc
"The paper evaluates the use of the PEARLS Healthcare Debriefing Tool within trauma simulation courses to develop non-technical skills such as communication, decision-making, leadership, and teamwork. It reports on the creation of a specific debriefing tool card for trauma scenarios, aiming to structure and improve the debriefing process in trauma education, with a focus on non-technical skills.","The paper is focused on educational methodologies in medical training, specifically related to trauma care and non-technical skills development, which does not directly relate to any of the eco-responsible categories provided.",,"As the paper does not relate to any environmental or climate-related sub-category, the appropriate choice is 'N/A'. The paper focuses on educational approaches rather than ecological implications.",,
Adapting Triplet Importance of Implicit Feedback for Personalized Recommendation,N/A,OK,N/A,OK,8438d99675ffe3cd61f947878a3f85f6
"The paper presents a novel training framework called Triplet Importance Learning (TIL) for personalized recommendation systems, leveraging implicit feedback. The framework improves recommendation accuracy by adaptively learning the importance scores of training triplets, overcoming limitations of previous methods which treated all triplets equally or relied on difficult-to-obtain auxiliary information. The paper demonstrates the compatibility of TIL with several models, showing substantial performance improvements across different datasets.",The paper does not focus on environmental or climate-related issues but rather on improving recommendation systems using deep learning techniques.,,The sub-categories provided do not match the subject of improving implicit feedback mechanisms in recommendation systems.,,
,N/A,OK,N/A,OK,
,"As the paper is not directly related to eco-responsibility, no secondary categories apply from the given list.",,The research context is technical and does not align with the defined environmental sub-categories.,,
Adjusting Machine Learning Decisions for Equal Opportunity and Counterfactual Fairness,N/A,OK,N/A,OK,8150a24a83456f23173dcbd371d6e49b
"The paper discusses the development of two algorithms to adjust machine learning decisions to ensure fairness. The algorithms focus on maintaining equal counterfactual opportunity and counterfactual fairness in high-stakes decisions such as admissions, income, credit, and recidivism. The methods allow post-hoc adjustments to machine learning models to adhere to fairness criteria without retraining the models.","The paper primarily deals with fairness in machine learning algorithms, which does not directly align with any of the pre-defined eco-responsible categories related to climate or environmental sustainability.",,The sub-category also does not fit as the paper is centered around fairness in ML rather than climate or environmental applications.,,
,N/A,OK,N/A,OK,
,The focus on fairness in machine learning is not directly relevant to eco-responsible categories centered on climate or environmental sustainability.,,None of the existing sub-categories fit because the subject is about algorithmic fairness rather than environmental focus.,,
An Empirical Investigation of the Role of Pre-training in Lifelong Learning,N/A,OK,N/A,OK,893687d5bdc8f3ec4c3642ad321d6957
"The paper investigates the impact of pre-training on lifelong learning within machine learning, particularly in reducing catastrophic forgetting. It examines how pre-trained models fare in retaining previously learned tasks' information compared to models with random initialization. The study involves empirical assessments across various tasks in natural language processing and computer vision to understand the role of pre-trained weights and suggests optimization methods to enhance lifelong learning.",The paper primarily discusses technical advancements in machine learning and lifelong learning paradigms without directly addressing any eco-responsible category such as climate change or environmental protection.,,"The paper's main discussion revolves around pre-training models in machine learning not directly linked to any eco-responsible actions specified in the sub-categories, such as renewable energy or pollution reduction.",,
,Climate Change Mitigation,KO/Check,,,
,"While the paper's focus is technical, it acknowledges the potential energy savings through improved lifelong learning models, which can indirectly contribute to climate change mitigation by reducing computational energy requirements.","The main goal of the authors is to ""investigate the role of pre-training in lifelong learning, examining various benchmarks and modalities."". Even though this is mentionned that 'The lifelong learning paradigm in machine learning is an attractive alternative to the more prominent isolated learning scheme [...] due to [...] its potential to reduce energy waste by obviating excessive model re-training'."" climate-related topics are not central in the paper. ",,,
An Empirical Study of Retrieval-Enhanced Graph Neural Networks,N/A,OK,N/A,OK,84d155b4537139753e36c711717ba40c
"The paper explores the enhancement of Graph Neural Networks (GNNs) using a retrieval-based approach called Graph Retrieval. This method involves retrieving similar graph examples to augment GNN models for various graph property prediction tasks. Extensive experiments demonstrate substantial improvements in GNN performance across multiple datasets, especially in addressing long-tailed label distribution problems.","The paper primarily focuses on developing an enhanced methodology for graph neural networks rather than addressing any direct eco-responsible application related to climate change, sustainability, or natural systems protection.",,"The paper does not specifically cater to any sub-category within an eco-responsible framework, focusing instead on technical improvements and empirical evaluations of GNNs.",,
,Climate Science,KO/Check,Climate Modeling and Predictions,KO/Check,
,"While the paper itself does not directly address climate science, GNNs can be applied broadly to any domain involving graph-structured data, including environmental data modeling or climate science applications.","Despite the fact that it might be true, it is not mentioned in the paper","Despite not directly indicated in the paper, enhanced GNNs have the potential to be useful in climate modeling and prediction tasks where graph structures represent climate data.","Despite the fact that it might be true, it is not mentioned in the paper",
Augmenting Human Selves Through Artificial Agents – Lessons From the Brain,N/A,OK,N/A,OK,88158acd03d95b65644c1402f536bfce
"The paper explores the potential of artificial agents to augment human capabilities by leveraging principles from neuroscience, specifically the free energy principle and temporo-spatial dynamics. It discusses the development of adaptive agents that align with both social and environmental contexts, proposing applications such as psychiatric assistance, environmental disaster prediction, and moral decision-making.",The paper primarily deals with AI and neuroscience concepts aimed at augmenting human capabilities and does not directly address eco-responsible applications or categories related to climate or environmental science.,,"Similar to the primary category, the sub-category is also not applicable since the paper's focus is not directly aligned with any specific eco-responsible sub-categories provided.",,
,,,,,
,,,,,
Balaur: Language Model Pretraining with Lexical Semantic Relations,N/A,OK,N/A,OK,8674745f1cf9e89de6bff9e4d85a80ee
"The paper introduces BALAUR, a method for pretraining language models by integrating lexical semantic relations directly into the model's hidden states to improve performance on tasks that require understanding of hypernymy and other semantic relations. This approach is shown to enhance generalization and efficiency in language models like BERT.",The paper focuses on improving the performance of language models on specific linguistic tasks using lexical semantic relations. It does not directly address any eco-responsible topics listed in the predefined categories.,,The focus of the paper is on linguistic model training and does not fit into any sub-categories related to climate change or eco-responsible initiatives.,,
,N/A,OK,N/A,OK,
,"As the paper is primarily concerned with technical improvements in natural language processing involving semantic relationships, it does not touch upon any eco-responsible topics that are relevant to the existing categories.",,No sub-categories under eco-responsible AI apply to this paper since it does not contribute directly or indirectly to environmental or sustainable goals.,,
Beyond accuracy: generalization properties of bio-plausible temporal credit assignment rules,N/A,OK,N/A,OK,875dd4b6f05e1a232b850149661badfb
The paper investigates the generalization properties of bio-plausible learning rules in recurrent neural networks (RNNs). It compares these rules to traditional machine learning algorithms like backpropagation through time (BPTT) in terms of generalization metrics. The study leverages deep learning theories regarding loss landscape curvature to understand why bio-plausible learning shows worse and more variable generalization compared to non-bio-plausible methods. The paper further derives theoretical explanations and suggests remedies for improving generalization in biologically motivated learning mechanisms.,The paper primarily deals with the theoretical understanding of learning mechanisms in the brain related to biological plausibility in neural networks rather than addressing eco-responsible or sustainability issues directly.,,"As the primary category is N/A, the sub-category is also marked as N/A due to the paper's focus on neuroscience and machine learning theories rather than environmental sustainability or climate topics.",,
,N/A,OK,N/A,OK,
,"The content and focus of the paper do not align with any eco-responsible or sustainability categories typically associated with climate, natural systems, pollution, or sustainable finance.",,The study's focus on bio-plausible neural learning mechanisms does not directly relate to any listed sub-categories under typical eco-responsible areas.,,
Block Contextual MDPs for Continual Learning,N/A,OK,N/A,OK,86fbb4ae61b347c1f2f88c714e646aad
"This paper introduces the Block Contextual MDP framework for addressing nonstationarity in continual reinforcement learning settings, enabling RL agents to generalize better across tasks. The framework incorporates smoothness properties to manage changing contexts in nonstationary environments, proposing an algorithm (ZeUS) for zero-shot adaptation and strong performance on several nonstationary environments.","The paper focuses on reinforcement learning algorithms in the context of continual learning rather than eco-responsible topics related to climate change or sustainability. Hence, it doesn't fit into any of the predefined categories.",,The paper is centered around reinforcement learning concepts without direct relevance to eco-responsible sub-categories.,,
,N/A,OK,N/A,OK,
,"The discussion is technical and relates to reinforcement learning, which doesn't align with eco-responsible categories.",,"Similar to the main category, since the paper lacks eco-responsible context, it does not fit into any sub-category.",,
Bridging the Gap Between Offline and Online Reinforcement Learning Evaluation Methodologies,N/A,OK,N/A,OK,8030e031298afd71781d18dbac1936cf
"This paper proposes a sequential approach to evaluate offline reinforcement learning algorithms by using data efficiency as a metric, termed Sequential Evaluation (SeqEval). The authors detail how this evaluation provides insights into the algorithms' data efficiency and robustness to dataset distribution changes. The paper further demonstrates this approach through experiments comparing different offline RL algorithms.","The paper primarily focuses on evaluation methodologies in reinforcement learning, which does not directly relate to eco-responsible categories like climate change or pollution.",,"There are no direct references to sub-categories under eco-responsible themes, as the content is more focused on reinforcement learning methodologies.",,
,N/A,OK,N/A,OK,
,"The scope of the paper is technical and related to reinforcement learning algorithms, without direct connections to eco-responsible themes.",,The sub-categories of eco-responsibility do not apply to this paper which focuses on technical evaluation strategies for RL.,,
Bugs in machine learning-based systems: a faultload benchmark,N/A,OK,N/A,OK,8278240614e76b0a674455d3c3769c34
"This paper discusses the creation of a faultload benchmark, called defect4ML, which documents bugs in machine learning systems using TensorFlow and Keras. It addresses the reproducibility and verifiability of these bugs, providing a standard benchmark to evaluate ML-based systems' software reliability engineering practices.","The paper primarily deals with software reliability engineering and bug benchmarking for ML systems, areas which do not directly align with the provided eco-responsible categories.",,"There is no direct sub-category related to software engineering or benchmarking within the provided list, thus N/A is selected.",,
CADet: Fully Self-Supervised Out-Of-Distribution Detection With Contrastive Learning,N/A,OK,N/A,OK,86c1f057a680058424bac6ce1042523c
"The paper introduces CADet, a novel fully self-supervised method for anomaly detection based on contrastive learning and maximum mean discrepancy (MMD). The method is designed to detect out-of-distribution (OOD) samples including both unseen classes and adversarial perturbations. It leverages self-supervised contrastive learning paired with MMD to robustly identify whether two sample sets originate from the same distribution, outperforming current methods in adversarial detection and performing comparably in label-based OOD detection without needing OOD examples for training or tuning.","The paper primarily deals with anomaly detection in machine learning models and does not directly relate to eco-responsible categories concerned with climate, pollution, or nature protection.",,The technological advancement described in the paper focuses on machine learning methodology improvement rather than a specific environmental sub-category.,,
,N/A,OK,N/A,OK,
,There are no indirect or secondary links to environmental applications outlined in the paper. It's strictly focused on machine learning challenges.,,Since the paper deals strictly with AI advancements in anomaly detection and does not branch into specific eco-responsible issues.,,
Compositional Attention: Disentangling Search and Retrieval,N/A,OK,N/A,OK,8347206bebbcbb10be6412b1f20f316f
"This paper introduces a novel attention mechanism called Compositional Attention, which aims to enhance the flexibility and efficiency of the search and retrieval process in multi-head attention frameworks like the Transformer model. The proposed mechanism decouples search and retrieval processes and allows them to be dynamically recombined, addressing issues of redundant parameters and improving generalization.","The paper focuses on improving the efficiency and flexibility of attention mechanisms in deep learning models, like the Transformer, which are not directly related to any specific environmental application or eco-responsible category.",,The paper does not fit into any specific sub-category as it focuses on an overall mechanistic improvement in AI models without addressing a particular environmental sub-sector.,,
,Climate Change Mitigation,KO/Check,Renewable Energy and Grid Optimization,KO/Check,
,"While the paper itself does not directly discuss climate change mitigation, improving the efficiency and flexibility of AI models can indirectly support climate-related applications where AI is involved, such as optimizing resources or energy efficiency in various sectors.","Despite the fact that it might be true, it is not mentioned in the paper","Efficiency improvements in AI models like Transformers could be applied to optimize renewable energy resources and grid operation sectors _  however, this is speculative since the paper does not explicitly discuss these applications.","Despite the fact that it might be true, it is not mentioned in the paper",
Compositional Generalization in Dependency Parsing,N/A,OK,N/A,OK,82383802ddd1ebe932f89b2a83681ed5
"The paper investigates compositional generalization in dependency parsing using the Compositional Freebase Queries (CFQ) dataset. It introduces dependency parsing as a new task on this dataset, aiming to explore the syntactic structures driving parser performance. Through experiments with a state-of-the-art dependency parser, the study examines the impact of compound divergence and identifies syntactic structures that correlate with parsing errors. The results highlight the potential for improving understanding of syntactic influences on parser performance and contribute a new resource for parsing research.",The paper does not directly relate to eco-responsible AI or any environmental aspect _  it focuses primarily on natural language processing and syntactic parsing performance analysis.,,"Since the primary category is N/A, the sub-category is also classified as N/A as it does not fit any eco-responsible classification.",,
Contextual bandit optimization of super-resolution microscopy,N/A,OK,N/A,OK,88e350746c925089515ceba236bda55d
"The paper discusses the optimization of optical microscopy parameters to enhance imaging techniques using a contextual bandit approach. It aims at identifying optimal imaging parameters by considering multiple objectives and the current state of the sample, optimizing imaging parameters in a sample-dependent manner for super-resolution microscopy.","The paper primarily focuses on optimizations of microscopy imaging parameters using machine learning approaches. It does not directly align with major eco-responsible categories such as Climate Change Mitigation, Adaptation, or others focused on environmental impacts.",,The paper does not fit into any specific sub-category related to eco-responsible actions since it focuses on microscopy parameter optimization.,,
,Climate Science,KO/Check,Climate Data,KO/Check,
,"Although not directly related to climate change or environmental issues, the optimization techniques in super-resolution microscopy could potentially be applicable in scientific research areas, including climate science imaging tasks, thus having indirect relevance.","Despite the fact that it might be true, it is not mentioned in the paper",The techniques developed could find utility in optimizing imaging necessary for climate-related research data collection and interpretation though this is speculative.,"Despite the fact that it might be true, it is not mentioned in the paper",
Contrastive Retrospection: honing in on critical steps for rapid learning and generalization in RL,N/A,OK,N/A,OK,888ad1859cdf10e5e21b5e2b69988739
"The paper introduces 'Contrastive Retrospection' (ConSpec), an RL algorithm that uses offline contrastive learning to identify critical steps in tasks. This approach offers advantages in rapid identification of such steps, generalizes better to out-of-distribution cases, and improves long-term credit assignment in a variety of RL tasks, including grid-worlds and complex 3D environments. ConSpec, by focusing on retrospective identification of critical steps, enhances learning efficiency and interpretability in RL tasks.","The paper primarily discusses a new algorithm in reinforcement learning, focusing on rapid learning and generalization, with no direct reference or application to eco-responsible categories such as climate change mitigation, adaptation, or natural systems protection.",,None of the sub-categories under the eco-responsible categories are relevant to this paper. The focus is on methodological improvements in reinforcement learning rather than environmental or eco-responsible applications.,,
,N/A,OK,N/A,OK,
,"There are no aspects of the paper that relate to environmental sustainability, pollution reduction, or any of the specified eco-responsible categories. It is more centered on methodological advancements in reinforcement learning.",,"The sub-categories provided do not apply to the subject matter of the paper, since it delves into reinforcement learning algorithms rather than eco-responsible innovations or applications.",,
Convergence of Proximal Point and Extragradient-Based Methods Beyond Monotonicity: the Case of Negative Comonotonicity,N/A,OK,N/A,OK,871beb289fa93a4e1d03aeb93923d8de
"The paper explores the convergence properties of proximal point (PP) and extragradient (EG) methods in optimization, specifically beyond the standard monotonicity assumption by considering negative comonotonicity. It provides complexity analyses, convergence rates, and constructs worst-case examples under this framework. The focus is theoretical, investigating convergence in the context of variational inequalities frequently arising in machine learning applications.","The paper is theoretical, focusing on mathematical convergence analysis of optimization methods. There are no direct applications or implications for eco-responsible fields such as climate change or sustainability.",,"Given the paper's focus on theoretical aspects of optimization and convergence, it doesn't fit into any eco-responsible sub-category.",,
,N/A,OK,N/A,OK,
,"As the paper is mathematical and theoretical in nature, it does not relate to eco-responsible topics such as climate change or sustainable development.",,The paper does not address any sub-category in eco-responsibility or sustainability. Its focus remains on mathematical analysis.,,
Current State and Future Directions for Learning in Biological Recurrent Neural Networks: A Perspective Piece,N/A,OK,N/A,OK,851fa17af8345c2e2066f32cea870202
"This paper provides a perspective on the learning processes in biological recurrent neural networks, in comparison to artificial systems. It reviews the challenges of temporal credit assignment, synaptic plasticity, and the theoretical vs. experimental divide in understanding these networks. The paper concludes with recommendations for future research in both theoretical and experimental neuroscience.","The paper is primarily concerned with theoretical neuroscience and the mechanics of learning in biological systems, rather than eco-responsible topics related to environmental concerns or sustainability.",,The content does not explore or suggest applications in any sub-categories linked to eco-responsibility.,,
,N/A,OK,N/A,OK,
,There are no direct connections or references to eco-responsible categories like climate change or natural systems protection.,,"The paper focuses on theoretical and experimental frameworks in neuroscience, which are non-aligned with eco-responsible sub-categories.",,
Do SSL Models Have Déjà Vu? A Case of Unintended Memorization in Self-supervised Learning,N/A,OK,N/A,OK,88d0fbb713fd626755ce2bf67d495053
"This paper investigates the unintended memorization phenomenon in self-supervised learning (SSL) algorithms, which can memorize specific parts of training images rather than learning generalized representations. The paper highlights privacy risks associated with this memorization and suggests potential mitigation strategies.","The paper primarily focuses on the memorization issues and privacy risks associated with SSL models, which do not directly relate to any of the predefined eco-responsible categories.",,The paper does not fit into the predefined sub-categories since it addresses a technical issue not directly related to eco-responsible AI.,,
,N/A,OK,N/A,OK,
,"Since the focus of the paper is on understanding and mitigating unintended memorization in SSL models, it does not align with the secondary eco-responsible categories either.",,"The paper's exploration of SSL memorization and privacy is not relevant to the specified sub-categories, leading to a secondary categorization of N/A.",,
Doubly Right Object Recognition: A Why Prompt for Visual Rationales,N/A,OK,N/A,OK,879bd798379c2445d70c7b1a229eae37
This paper explores the capability of computer vision models to not only provide accurate categorical labels for objects in images but also to give correct rationales for their predictions. It introduces a benchmark for 'doubly right' object recognition and proposes a 'why prompt' approach to improve the ability of models to generate correct rationales by adapting language model insights into visual models. This approach aims to enhance explainability and user trust in AI systems.,"The paper primarily focuses on improving explainability and rationale generation in computer vision models, which does not directly align with any of the existing eco-responsible categories provided such as climate change mitigation or adaptation.",,"The research does not fit within the sub-categories designed for eco-responsible impacts, as it targets the advancement of AI explainability.",,
,N/A,OK,N/A,OK,
,There are no direct applications or discussions in the paper related to eco-responsible issues such as climate change or pollution.,,The paper does not contribute to specific eco-friendly technological advancements but focuses on the cognitive and interpretative capabilities of AI.,,
DynGFN: Towards Bayesian Inference of Gene Regulatory Networks with GFlowNets,N/A,OK,N/A,OK,821fb4397b45ae7f2242011574bfc807
"The paper presents DynGFN, a method for inferring gene regulatory networks (GRNs) using a Bayesian approach with Generative Flow Networks (GFlowNets). The method addresses challenges in modeling cyclic structures and captures uncertainty in gene interactions from RNA velocity data.","The primary focus of the paper is on developing a Bayesian inference method for gene regulatory networks, which is more of a biostatistical advancement rather than a direct eco-responsible or climate-related study.",,"There is no direct reference to eco-responsible applications or topics within the sub-categories provided, as the focus remains on genetic networks and Bayesian inference.",,
,N/A,OK,N/A,OK,
,The paper is focused on developing an inference method for biological data rather than any direct implications or applications related to eco-responsibility or climate science.,,The study is not aligned with any particular climate-related or eco-responsible sub-category _  it is centered around gene regulatory networks and their inference.,,
Empirical Analysis of Model Selection for Heterogenous Causal Effect Estimation,N/A,OK,N/A,OK,81e7ee7cb4315a3d3fc59eee750b7f5d
"This paper provides an empirical analysis for model selection in causal inference, focusing specifically on CATE estimation. It evaluates a wide range of surrogate metrics used for model selection by benchmarking them across 78 datasets and proposes new strategies, including two-level model selection and causal ensembling, to enhance the model selection process. The study examines the effectiveness of 34 surrogate metrics for CATE estimation, using AutoML for tuning and generative modeling to ensure reliable benchmarks.",The paper primarily revolves around the methodological aspect of model selection for causal inference rather than directly addressing any eco-responsible domain such as climate change or sustainability.,,"The paper does not focus on any of the sub-categories listed under the eco-responsible domains, as it is not framed within an eco-responsible context.",,
,N/A,OK,N/A,OK,
,"As with the primary category, the paper does not address eco-responsible themes specifically. It is concerned with methodology in machine learning and statistics.",,"Like the primary sub-category, no specific sub-category applies as the paper is methodological in nature and does not address eco-responsible sub-domains directly.",,
Empirical Study on Optimizer Selection for Out-of-Distribution Generalization,N/A,OK,N/A,OK,821cf905c323dc067e4dd6a7b45e356c
"This study systematically evaluates the performance of popular adaptive and non-adaptive first-order optimizers in tasks involving out-of-distribution (OOD) generalization in deep learning. It compares their effectiveness across various datasets and hyperparameter configurations, demonstrating that non-adaptive optimizers like momentum-based SGD often outperform adaptive ones like Adam in OOD settings. The research provides practitioners with insights into choosing optimizers for better OOD performance.","The paper mainly addresses the role of optimizers in out-of-distribution generalization within deep learning, a topic not directly related to eco-responsible AI categories such as climate change or sustainability.",,"The specific focus of the paper on optimizer selection does not align with any of the eco-responsible sub-categories listed, which pertain to specific domains of climate change and sustainability.",,
,Climate Science,KO/Check,,KO/Check,
,"Although not directly focused on climate applications, improvements in out-of-distribution generalization can enhance climate modeling and predictions by making models more robust to distributional shifts, which are prevalent in climate data.","Despite the fact that it might be true, it is not mentioned in the paper",,"Despite the fact that it might be true, it is not mentioned in the paper",
EpiK-Eval: Evaluation for Language Models as Epistemic Models,N/A,OK,N/A,OK,838cb1104c619004d4207e57ec075430
"The paper introduces EpiK-Eval, a novel question-answering benchmark for evaluating large language models (LLMs) in their ability to consolidate knowledge from segmented narratives. This assessment aims to determine if LLMs can maintain a coherent and consistent knowledge state, an essential trait for effective reasoning and applications. Evaluations show significant weaknesses in LLMs' ability to consolidate knowledge, suggesting a need for refining training objectives to enhance their reasoning capabilities.","The paper focuses on evaluating the internal capabilities of language models and does not discuss any direct applications, impacts, or contributions to eco-responsible AI categories.",,The paper does not fit any specific eco-responsible sub-category as it primarily addresses methodological improvements in AI.,,
,N/A,OK,N/A,OK,
,The content of the paper is focused on theoretical and methodological advancements in AI without a connection to eco-responsible or environmental aspects.,,"Since the paper does not discuss applications related to environmental or sustainable practices, no secondary sub-categories are applicable.",,
Evaluation of a prenatal screening decision aid: A mixed methods pilot study.,N/A,OK,N/A,OK,80e8fc01ed0d5d0a91ed463bd30ff38b
The paper discusses the development and evaluation of a decision aid aimed at assisting pregnant women and their partners in making informed decisions about prenatal screening for trisomy. It involves a mixed-methods study conducted in Quebec City to determine the usefulness and acceptability of the decision aid among the participants.,"The paper primarily focuses on medical decision-making aids in prenatal care, which is not related to eco-responsible AI.",,"The focus of the study is on prenatal care decision-making aids, which does not pertain to any environmental or eco-responsible sub-category.",,
,N/A,OK,N/A,OK,
,No secondary eco-responsible category fits the content and purpose of this paper as it does not deal with environmental matters.,,The study's medical focus does not align with any eco-responsible sub-categories listed.,,
Exploring trust development in families of children towards surgical and emergency care providers: A scoping review of the literature.,N/A,OK,N/A,OK,8234cb64c7fc5e81831c08dd0c162e85
"This paper reviews existing literature to identify the factors that foster trust development in pediatric surgical and urgent care settings, examining constructs like competence, communication, dependability, and caring. It highlights the importance of communication and compassionate care in building trust, especially considering sociodemographic factors like ethnicity, education, and language barriers.","The paper is not related to eco-responsible AI or environmental themes. It focuses on trust development in healthcare, specifically in pediatric surgical and emergency contexts, which does not align with any provided eco-responsible categories.",,The paper does not fall under any sub-category of eco-responsible fields. Its focus is healthcare-related trust development rather than environmental or sustainable themes.,,
,N/A,OK,N/A,OK,
,"Since the primary focus is on healthcare and trust in pediatric surgical settings, it does not relate to any secondary eco-responsible categories either. There are no links to climate change, pollution, or sustainability topics within the provided categories.",,"Due to the paper's focus on healthcare rather than on eco-responsible topics, there are no applicable sub-categories under the eco-responsible classifications.",,
FIXME: synchronize with database! An empirical study of data access self-admitted technical debt,N/A,OK,N/A,OK,81f80c0bd41d7ee648de71a0f98c3dd2
"This paper investigates self-admitted technical debt (SATD) in data-intensive systems with a focus on data access logic. It conducts a large-scale empirical study analyzing the prevalence, composition, and evolution of SATDs in systems using relational and NoSQL databases. The paper introduces a taxonomy for SATD categories specific to data access and examines the introduction and removal circumstances of such debt.","The paper addresses software development technical debt which doesn't fit directly into any predefined eco-responsible categories. It focuses on software quality and technical debt management, areas not covered by our environmental categories.",,"The sub-categories provided do not cover software engineering, technical debt, or software quality, under which this study's findings fall.",,
,N/A,OK,N/A,OK,
,The study is focused on software engineering issues not directly related to eco-responsible AI use cases or environmental sustainability.,,"Software engineering and technical debt management are not covered by the current sub-categories, which focus on environmental and sustainability topics.",,
FairPrism: Evaluating Fairness-Related Harms in Text Generation,N/A,OK,N/A,OK,f00954a5c603790fbef8315e51434126
"This paper introduces FairPrism, a dataset developed to assess and mitigate fairness-related harms in AI-generated text, particularly focusing on gender and sexuality-related harms. It highlights the limitations of existing datasets and provides recommendations for developing more effective tools for harm measurement and mitigation in AI text systems.","The paper primarily deals with fairness and harm related to text generation in AI systems, which does not directly align with traditional eco-responsible categories that target environmental or sustainability issues.",,The subject of AI text generation and associated fairness harms does not fit within any sub-category related to environmental or sustainability domains listed.,,
,N/A,OK,N/A,OK,
,The focus on AI-related fairness issues is outside the scope of environmental and sustainability categories provided.,,No sub-category matches the paper's focus on fairness issues within AI-generated text _  it is not about environmental or sustainability concerns.,,
Fast-Converging Simulated Annealing for Ising Models Based on Integral Stochastic Computing,N/A,OK,N/A,OK,882b320559cbdf75b02c4b9c21443ca0
"The paper introduces a method for fast-converging simulated annealing (SA) using integral stochastic computing for solving Ising model-based combinatorial optimization problems. This involves utilizing probabilistic bits (p-bits) to enhance convergence speed significantly. The method is evaluated and compared with conventional simulated annealing and quantum annealing on problems like the traveling salesman problem, maximum cut, and graph isomorphism.",The paper focuses on computational optimization methods rather than directly addressing any eco-responsible category. It is primarily concerned with algorithmic improvements in solving combinatorial optimization problems.,,The described technology in the paper does not fit any specified sub-category as it focuses on computational methods rather than eco-responsible actions or applications directly impacting climate or environmental management.,,
FedShuffle:  Recipes for Better Use of Local Work in Federated Learning,N/A,OK,N/A,OK,80612da3712ecbdb63097830f0f45716
"This paper introduces FedShuffle, a novel local update method in Federated Learning designed to address challenges of data imbalance, client sampling, and random reshuffling. The method provides theoretical convergence guarantees and aims to improve upon existing methods like FedAvg and FedNova.","The paper focuses on improving computational methods in Federated Learning, which is primarily a technical advancement not directly linked to eco-responsible initiatives or categories.",,There is no direct connection to any eco-responsible sub-categories as the paper is centered on algorithmic and federated learning improvements.,,
,N/A,OK,N/A,OK,
,The proposed method and its applications do not align explicitly with the provided eco-responsible categories. The focus of the paper is more technical and computational.,,"The improvements in FL do not fall under any specific eco-responsible sub-categories listed, as the focus is on technical efficiencies and learning convergence.",,
Feeding What You Need by Understanding What You Learned,N/A,OK,N/A,OK,81e27400c7f954f3a17bfada8dd7432d
"The paper presents a framework for machine reading comprehension (MRC) that assesses model capabilities in a multi-dimensional, explainable manner. This approach seeks to optimize training by understanding both model capacity and data properties, and incorporates a Capability Boundary Breakthrough Curriculum (CBBC) strategy to improve learning efficiency.","The paper focuses on improving machine learning model training efficiency, particularly in machine reading comprehension, without direct linkage to eco-responsible AI applications.",,The study does not specifically address any of the listed sub-categories related to eco-responsible AI.,,
,N/A,OK,N/A,OK,
,"There are no direct or indirect mentions of eco-responsible AI applications, climate, or sustainability topics.",,"Given the focus on machine learning methodology without eco-responsible implications, none of the sub-categories apply.",,
Fortuitous Forgetting in Connectionist Networks,N/A,OK,N/A,OK,82944eb09743ec0a34d854bd3ec318b1
"This paper explores the concept of 'forget-and-relearn' in artificial neural networks, proposing that forgetting can be beneficial to learning. It presents a framework unifying many existing iterative training algorithms, highlighting the role of forgetting in removing undesirable information and enhancing features under varying conditions. By understanding these dynamics, the paper suggests improvements in algorithm performance through targeted forgetting operations, impacting both image classification and language emergence tasks.",The paper does not directly relate to any eco-responsible categories focused on environmental or climate impact. It deals more with improving deep learning algorithms through the concept of 'forget-and-relearn.',,"Similarly, the sub-category does not fit into any predefined eco-responsible sub-categories since the paper does not address topics directly related to environmental applications or impact.",,
"GitHub repositories with links to academic papers: Public access, traceability, and evolution",N/A,OK,N/A,OK,8692afce6cb14effd90b46fd9a36a20e
"The paper investigates the links between GitHub repositories and academic papers, with a focus on public access, traceability, and the evolution of these connections. It conducts a large-scale study of over 20,000 GitHub repositories to explore how these links are established and maintained, typically found in the README files of the repositories. The study aims to understand issues of public access and how traceable these academic references are within connected repositories.","The paper focuses on traceability and public access of academic papers in GitHub repositories, which does not directly align with the specified eco-responsible categories related to environmental, sustainable, or climate-related objectives.",,"The paper does not fit into any of the eco-responsible sub-categories provided, as its focal points are more about scientific collaboration and traceability via GitHub rather than specific environmental impacts.",,
,N/A,OK,N/A,OK,
,"The study does not directly relate to any eco-responsible areas like climate change, natural systems protection, or similar categories as listed.",,There are no relevant sub-categories as the topic of GitHub repository linkage to academic papers does not correlate with eco-responsible applications or technologies.,,
Gradient Masked Averaging for Federated Learning,N/A,OK,N/A,OK,8078611b46ac8434ddffc3e716f5aa8e
"The paper introduces Gradient Masked Averaging (GMA) as an alternative technique in Federated Learning to tackle data heterogeneity and improve generalization. GMA replaces standard parameter averaging in federated algorithms with a method focusing on learning invariant mechanisms relevant across different distributed data, thereby enhancing model performance, especially under non-i.i.d conditions.","The paper primarily deals with a computational and methodological advancement in federated learning without explicit ties to eco-responsible AI applications or categories outlined, even though it mentions federated learning might lower carbon footprint compared to traditional ML methods.",,"Since the paper's content focuses on the federated learning method improvement, no direct sub-category of eco-responsible technology applies as per the provided options.",,
,Climate Change Mitigation,ko/check,GHG Measurement and Tracking,ko/check,
,"While the primary focus is not directly on climate change, the mention that federated learning could potentially have a lower carbon footprint than traditional centralized approaches hints at a benefit in the Climate Change Mitigation category.",,"The broad claim about federated learning having a lower carbon footprint can be related to reducing greenhouse gas emissions, though it is only tangentially mentioned without detailed exploration.",,
Halting Time is Predictable for Large Models: A Universality Property and Average-Case Analysis,N/A,OK,N/A,OK,8141cd943245fda9531e413caae7c965
This paper explores the predictability of halting time for large-scale problems trained with first-order methods. It introduces a universality property indicating that halting time is independent of the probability distribution of inputs for certain models. It provides explicit average-case convergence rates and suggests this property holds for a general class of algorithms.,The paper primarily focuses on the theoretical aspects of optimization algorithms for large-scale models and does not directly deal with eco-responsible themes such as climate science or natural systems protection.,,"Sub-categories are defined under specific eco-responsible categories and since the primary category is N/A, sub-categories also do not apply.",,
,N/A,OK,N/A,OK,
,The content focuses on the theoretical analysis of optimization algorithms which do not concern eco-responsible subjects.,,The primary analysis of average-case performance and convergence in optimization algorithms falls outside eco-responsibility considerations.,,
HiFormer: Hierarchical Multi-scale Representations Using Transformers for Medical Image Segmentation,N/A,OK,N/A,OK,8677014f1420563b32b185937275a330
"This paper introduces HiFormer, a novel method combining CNN and transformer architectures for enhancing medical image segmentation. The method involves hierarchical multi-scale feature representations and a Double-Level Fusion (DLF) module to improve segmentation accuracy and efficiency. HiFormer is tested on various medical datasets, demonstrating superior performance compared to existing methods.",The paper is focused on medical image segmentation and does not relate to environmental or eco-responsible topics directly.,,"The sub-categories are related to climate and environmental applications, which do not pertain to this paper on medical image segmentation.",,
,N/A,OK,N/A,OK,
,No secondary categories apply as the paper is not relevant to climate or eco-responsible AI.,,The paper does not discuss climate-related applications or technologies.,,
Hierarchical Reinforcement Learning for Precise Soccer Shooting Skills using a Quadrupedal Robot,N/A,OK,N/A,OK,88054901fa80690fd920340ffbbfd31f
"This paper discusses the development and application of hierarchical reinforcement learning frameworks to enable a quadrupedal robot to execute precise soccer shooting skills. The approach decomposes the task into motion control and motion planning, training a policy to handle arbitrary shooting motions while maintaining balance, and a planning policy to achieve target shooting. The effectiveness of the framework is demonstrated through experiments, highlighting significant improvements after applying the method on real-world tasks. This research contributes to advancements in robot motion control and planning under uncertain dynamics like a deformable soccer ball with friction variability.","The paper does not fit into any of the predefined eco-responsible categories as it addresses robotic soccer skills, which are not aligned with climate-related or environmental sustainability topics.",,"None of the predefined sub-categories can classify the topic of this paper as it relates to developing robotic motion skills for playing soccer, which isn't linked to eco-responsible themes.",,
High-Order Pooling for Graph Neural Networks with Tensor Decomposition,N/A,OK,N/A,OK,8858dbee4574118b9d520004f41063e1
"The paper introduces Tensorized Graph Neural Networks (tGNNs), a novel architecture that uses tensor decomposition to model high-order non-linear node interactions in graph neural networks. The tGNN architecture leverages the symmetric CP decomposition for efficient parameterization of permutation-invariant multilinear maps and demonstrates superior performance in node and graph classification tasks compared to existing methods.",The paper focuses on theoretical advancements and architectural improvements in Graph Neural Networks without directly addressing eco-responsible applications.,,The sub-categories listed do not match the core contributions of the paper regarding improvements in Graph Neural Networks architecture and pooling strategies.,,
,Climate Change Mitigation,KO/Check,Industry,KO/Check,
,"While the paper itself does not focus directly on climate-related applications, GNNs are often used in domains such as social networks, recommender systems, and drug discovery, which can indirectly support climate-related innovations such as optimizing resources and improving efficiency in various systems.","Despite the fact that it might be true, it is not mentioned in the paper","GNNs could be applied in industry contexts to optimize processes, resource allocation, or operational strategies by analyzing complex datasets or networks, which can contribute to better resource efficiency and less waste in industrial settings.","Despite the fact that it might be true, it is not mentioned in the paper",
,,,,,
,,,,,
,,,,,
,,,,,
"IGLUE: A Benchmark for Transfer Learning across Modalities, Tasks, and Languages",N/A,OK,N/A,OK,85b331c203251771ba650e9e8eba1ba5
"The paper introduces IGLUE, a multilingual and multimodal benchmark designed to evaluate cross-lingual transfer in vision-and-language (V&L) tasks across 20 different languages. The benchmark includes tasks like visual question answering, cross-modal retrieval, grounded reasoning, and grounded entailment. It provides comprehensive datasets and standard evaluation protocols for zero-shot and few-shot learning scenarios, highlighting existing challenges and performance gaps in current multilingual multimodal models.",The paper does not focus on environmental issues or applications directly related to eco-responsible AI. It centers around a multilingual and multimodal benchmark for vision-and-language tasks.,,"As the paper does not fit into any of the provided eco-responsible AI sub-categories, 'N/A' is selected.",,
Improving Image-Based Precision Medicine with Uncertainty-Aware Causal Models,N/A,OK,N/A,OK,83bcfb73e4ed01e38be74f757196fd38
This paper presents an uncertainty-aware causal model using Bayesian deep learning to improve treatment recommendations in image-based precision medicine. It focuses on predicting treatment effects in multiple sclerosis patients by analyzing MR brain images and aims to enhance clinical decision-making by incorporating uncertainty estimates.,"The paper focuses on medical applications in precision medicine rather than directly addressing eco-responsible AI categories such as climate change, natural systems protection, or pollution.",,"The study does not relate to any sub-category under eco-responsible AI categories. It is centered on precision medicine, which does not fall within the listed sub-categories for environmental impact.",,
,N/A,OK,N/A,OK,
,"As the primary focus is medical applications for treatment improvement, there are no secondary categories related to eco-responsibility applicable here.",,"The research's impact is medical and focused entirely on patient outcomes, thus no environmental sub-categories apply.",,
Interacting brains revisited: A cross‐brain network neuroscience perspective,N/A,OK,N/A,OK,842f97fe9b2b9cdb8e734db777647332
This paper proposes a comprehensive framework for studying interbrain networks using bipartite graphs to analyze social interactions. It examines the neural basis of social behavior by considering the synchronized activities of interacting individuals' brains. The study introduces methods to represent and predict social behaviors using graph-based interbrain networks and demonstrates the distinct neural processes during cooperative and competitive tasks.,"The paper mainly deals with neuroscience research related to social interaction using graph-based methods and hyperscanning, which does not directly fit into any eco-responsible categories provided (such as Climate Change, Pollution, etc.)",,"Since there is no direct application or relevance to eco-responsible sub-categories like Climate Change Mitigation, Pollution, etc., this paper does not fit within these sub-categories.",,
,N/A,OK,N/A,OK,
,"The focus remains on the neuroscience of social interaction, without direct relevance to eco-responsible aims, climate, or environmental systems.",,There are no secondary sub-categories applicable as the paper does not align with any environmental-focused topics or technological applications for sustainability.,,
Joint Bayesian Inference of Graphical Structure and Parameters with a Single Generative Flow Network,N/A,OK,N/A,OK,87cc0062308ab80b8b6138d93209fa2a
"This paper introduces a method using Generative Flow Networks (GFlowNets) to approximate the joint posterior distribution over both the structure and parameters of Bayesian Networks. The approach aims to address challenges in Bayesian structure learning by providing an accurate approximation of the joint posterior, leveraging advances in non-discrete sample spaces. The method is evaluated against existing approaches on both simulated and real data, demonstrating favorable results.","The paper focuses on Bayesian inference using Generative Flow Networks applied to Bayesian Networks, which does not directly tie to any eco-responsible AI category such as Climate Change or Pollution.",,"The proposed method and its applications focus primarily on Bayesian Networks and graph inference, not aligning with any sub-category that pertains to eco-responsible AI topics like renewable energy or climate modeling.",,
Language Model Alignment with Elastic Reset,N/A,OK,N/A,OK,8253261ee0c1ce451a1b79fd0bde4f46
"This paper addresses the challenge of optimizing language models through reinforcement learning (RL) without leading to 'language drift,' a common issue where models improve on specific rewards but degrade in performance on other tasks. The authors propose a new algorithm, Elastic Reset, which improves reward optimization while mitigating drift. Elastic Reset periodically resets the model to an exponential moving average (EMA) of itself which helps maintain improvements from pretraining. Experiments demonstrate that this technique achieves better balance between performance and reward optimization in tasks like translation and sentiment analysis.",The paper primarily focuses on improving language model alignment in reinforcement learning contexts without direct mention or application in eco-responsible categories such as climate change or natural systems protection. It is more about optimizing AI training methodologies.,,"As with the primary category, the sub-categories mainly cover eco-responsible topics which the paper does not directly address. The research is focused on AI training alignment rather than environmental or sustainable applications.",,
,,,,,
,,,,,
,,,,,
,,,,,
Lazy vs hasty: linearization in deep networks impacts learning schedule based on example difficulty,N/A,OK,N/A,OK,86f107cdebe92059a794ee1d17169736
"The paper investigates the impact of linear (lazy) vs non-linear (hasty) learning regimes in deep networks on how these networks learn examples of varying difficulty. The study reveals that non-linear regimes prioritize easier examples leading to faster training, while linear regimes may exhibit more robustness against spurious correlations and noise.","The paper primarily focuses on the theoretical aspects of training regimes in deep networks rather than any direct environmental, sustainable, or eco-responsible applications. It explores the impacts of linear vs non-linear learning without linking it to environmental sustainability.",,"The lack of connection to any eco-responsible actions or technologies such as Renewable Energy, Pollution, or Climate Science, leads to the 'N/A' choice for sub-categories as well.",,
,N/A,OK,N/A,OK,
,"Similarly, there are no secondary eco-responsible categories applicable to this paper as it is focused on deep learning training dynamics without direct links to climate or sustainability topics.",,"As with primary sub-categories, the paper does not relate to any environmental, climate, or sustainability actions, remaining purely focused on computational aspects of deep learning.",,
Learning Representations for New Sound Classes With Continual Self-Supervised Learning,N/A,OK,N/A,OK,82a1933f35dcc2920f9bcd65c1d425b3
"This paper focuses on developing a sound recognition system that can continually incorporate new sound classes without relying heavily on labeled data. By adopting self-supervised representation learning, the authors propose a method that is robust to catastrophic forgetting. The approach involves training an encoder using unlabeled data, then finetuning a classifier for specific tasks. The proposed method aims to improve continual learning by making it less prone to forgetting and computationally efficient.","The paper does not directly relate to any of the predefined eco-responsible categories. It discusses methodologies for continual learning and sound recognition systems, focusing on algorithmic development rather than environmental impacts or applications.",,The content of the paper does not align with any sub-category focused on environmental or ecological topics. Its primary focus is on advancing machine learning techniques for sound classification.,,
,N/A,OK,N/A,OK,
,"The paper's focus is on machine learning algorithms rather than environmental or sustainability topics, which is why no secondary category is applicable.",,"Similar to the primary sub-category, no secondary eco-responsible sub-categories apply as the paper focuses on machine learning techniques.",,
Learning To Cut By Looking Ahead: Cutting Plane Selection via Imitation Learning,N/A,OK,N/A,OK,80761d68fd8db4973271fccb11d77e43
"This paper introduces a new neural architecture called NeuralCut, which utilizes imitation learning to optimize the selection of cutting planes in mixed-integer linear programming (MILP) problems. By approximating a greedy lookahead selection rule, the neural model aims to improve the efficiency and effectiveness of cut selection in MILP solvers. The approach shows potential application in various MILP contexts, including neural network verification.","The paper focuses on optimization techniques for solving mathematical programming problems, specifically MILPs. While it may have indirect applications that impact environmental problems, these are not the central focus of the study. Therefore, it does not directly fall under any specific eco-responsible category.",,The work is primarily concerned with operational improvements in mathematical programming and does not specifically address any particular environmental sub-categories.,,
,N/A,OK,N/A,OK,
,"The primary focus of the paper remains on improving computational efficiencies for MILP solvers, which are not directly linked to eco-responsible functions.",,The subject of this paper does not align with specific eco-responsible sub-categories as it focuses on mathematical optimization techniques.,,
Learning with Rejection for Abstractive Text Summarization,N/A,OK,N/A,OK,858804af0cad945157e9b4aa613acd8e
This paper presents a novel training objective for abstractive text summarization using rejection learning. It aims to reduce non-factual content in generated summaries by allowing models to reject potentially noisy tokens during training. The method is demonstrated to improve the factuality of summaries compared to baseline models.,"The paper focuses on improving abstractive text summarization through rejection learning, which doesn't directly relate to eco-responsible categories. It doesn't address climate-related issues or eco-responsibilities.",,"There is no direct application or relation to eco-responsible sub-categories like renewable energy, pollution reduction, etc. The paper is centered on natural language processing techniques rather than environmental issues.",,
Let the Flows Tell: Solving Graph Combinatorial Problems with GFlowNets,N/A,OK,N/A,OK,842334b6b5e13b464b4ebff8fa684449
"This paper focuses on employing GFlowNets, a deep learning method, to efficiently solve combinatorial optimization (CO) problems, which are known to be challenging due to their NP-hard nature. The authors design Markov decision processes tailored to different combinatorial problems and propose efficient training techniques for GFlowNets to address these tasks. The approach aims to improve solution quality and diversity in CO tasks, with applications in areas such as medicine, engineering, and operations research.","The paper is primarily focused on improving computational methods for solving combinatorial optimization problems using machine learning techniques. While these problems have broad applications in various fields, the paper does not directly address eco-responsible themes such as climate change or sustainability.",,The paper does not fit into any specific eco-responsible sub-category as it deals with computational techniques.,,
,N/A,OK,N/A,OK,
,The focus of the paper is on computational methods rather than applications in specific eco-responsible areas like climate or sustainability.,,"The paper’s contributions are in advancing machine learning techniques, not in specific sub-categories related to eco-responsibility.",,
Leveraging Integer Linear Programming to Learn Optimal Fair Rule Lists,N/A,OK,N/A,OK,88d06e5315bfe6de3b02c8ed267361d5
"This paper discusses improvements on the CORELS learning algorithm to create optimal rule lists considering fairness, accuracy, and sparsity. It introduces an Integer Linear Programming method to enhance the fairness constraints handling, optimizing search space exploration. The paper provides empirical results showing the benefits of this approach in various datasets concerning fairness and efficiency.","The paper primarily deals with fairness and interpretability in machine learning models, which does not directly align with any specific eco-responsible category provided in the list. It focuses on the optimal construction of rule lists considering fairness constraints.",,"The sub-categories provided do not align with the paper's focus, which is on fairness and optimization of rule lists in machine learning.",,
,N/A,OK,N/A,OK,
,"The focus is on fairness in machine learning, which does not fit into any predefined environmental or sustainable categories.",,"The paper emphasizes improvements in learning algorithms in terms of fairness and efficiency, which does not correlate directly with any environmental or sustainable sub-categories offered.",,
List-GRAND: A Practical Way to Achieve Maximum Likelihood Decoding,N/A,OK,N/A,OK,8690054bd6dc10594f25af404b70ac96
"The paper introduces List-GRAND (LGRAND), a technique designed to improve the decoding performance of Ordered Reliability Bits-GRAND (ORBGRAND). LGRAND aims to achieve maximum likelihood (ML) decoding performance similar to Soft-GRAND (SGRAND), addressing the limitations of parallel hardware implementation. The paper details the VLSI architecture for implementing LGRAND and compares its performance to existing GRAND variants, showing improvements in decoding accuracy and hardware efficiency.","The paper primarily focuses on advancements in decoding technology and VLSI implementation, which does not directly align with the typical eco-responsible categories such as climate change or pollution.",,"The paper does not address any specific sub-categories related to climate change or environmental issues, as its focus is technical improvement in VLSI systems.",,
,N/A,OK,N/A,OK,
,There are no direct environmental impacts or applications related to eco-responsible AI discussed in this paper.,,"In line with the primary sub-category, the paper does not touch upon sub-categories concerning environmentally related technologies or applications.",,
Lookback for Learning to Branch,N/A,OK,N/A,OK,86871b276665632d5b70c1b7e8069d45
"This paper explores the application of graph neural networks (GNNs) in enhancing mixed-integer linear programming (MILP) solvers by focusing on the lookback phenomenon in branch-and-bound (B&B) algorithms. The research introduces techniques that leverage the lookback phenomenon to train GNNs more effectively, resulting in improved solver performance, including reduced tree size and solving time.","The paper focuses on computational methods for optimization in MILP solving, which are general-purpose techniques applied to various domains, including climate change problems as exemplified by its use in urban traffic management and data center management. However, it does not directly focus on environmental or eco-responsible applications, thus 'N/A' is chosen for primary categorization.",,"The mathematical optimization methods, while applicable to different eco-responsible domains, do not specifically focus on any sub-category of eco-responsibility such as renewable energy, carbon removal, or climate modeling.",,
,Climate Change Mitigation,KO/Check,Energy Efficiency in Buildings,KO/Check,
,"Despite the generic mathematical focus of the paper, the applications mentioned, such as urban traffic management and data center management, align with climate change mitigation efforts by potentially improving energy efficiency and reducing emissions.","The aim of the author is to introduce new techniques. There are more than 1 application (not only climate change mitigation)/ ""To imitate the target behavior more closely, we propose two methods that incorporate the lookback phenomenon into
GNN training:[...] ","The mention of data center resource management can extend to improving energy efficiency in buildings, which contributes to climate change mitigation by optimizing energy use.","Wrong sub-category?/Broader application. ""Thus, the impact of the research in the area is potentially very high, not only from a methodological perspective but also in terms of day to day challenges that we all face, including drug discoveries and climate change.""",
,,,,,
,,,,,
Maintenance Cost of Software Ecosystem Updates,N/A,OK,N/A,OK,8278f3e9b11717ce40e9323dd28950c4
This paper quantifies the maintenance cost of software ecosystem updates by leveraging software release metadata. It presents a model to calculate the maintenance cost in Industry 4.0 contexts and evaluates the model using three specific use cases.,The paper is primarily focused on software maintenance within Industry 4.0 and does not directly relate to eco-responsible AI categories.,,Sub-categories relevant to eco-responsible AI do not apply as the paper focuses on software maintenance costs.,,
,N/A,OK,N/A,OK,
,The focus remains on software maintenance and does not tangibly relate to eco-responsibility themes specified in the provided categories.,,There is no relevant eco-responsible sub-category applicable to the content of this paper.,,
Maximum State Entropy Exploration using Predecessor and Successor Representations,N/A,OK,N/A,OK,8930a484d8aad1cf022ec0f1a62713d5
"This paper presents ηψ-Learning, an algorithm to learn efficient exploration policies in reinforcement learning by maximizing the entropy of the state visitation distribution through a single finite-length trajectory. The method combines predecessor and successor representations to optimize exploration efficiently in both discrete and continuous environments, aiming to achieve optimal state coverage with limited interactions.","The focus of this paper is primarily on reinforcement learning optimization techniques, specifically improving exploration algorithms, which does not directly relate to any environmental or eco-responsible initiatives.",,"Since the paper does not fit within the primary categories related to eco-responsibility, there is also no specific sub-category that applies.",,
,N/A,OK,N/A,OK,
,"The paper is fundamentally about an exploration strategy in reinforcement learning, which is not aligned with typical eco-responsible themes or domains such as those addressing climate change, biodiversity, or pollution.",,"Due to the paper's focus on algorithmic efficiency in reinforcement learning, it does not engage with typical eco-responsible subcategories.",,
Medial Spectral Coordinates for 3D Shape Analysis,N/A,OK,N/A,OK,85c7be9ae1417d7dba570240adac8e4c
"This paper introduces a novel 3D shape representation using medial spectral coordinates, which incorporate local object width information. These coordinates improve 3D shape analysis tasks such as classification, segmentation, and correspondence by leveraging the duality between an object's medial surface and its boundary. The paper also presents algorithms for computing these coordinates and demonstrates their advantages over previous methods.",The paper primarily deals with computer vision techniques for 3D shape analysis without an apparent direct application to eco-responsibility or sustainability.,,"Since the paper does not align with any eco-responsible sub-categories, it is marked as N/A.",,
,N/A,OK,N/A,OK,
,"As the primary category is N/A, secondary categories are also marked as N/A.",,"Since the primary sub-category is N/A, secondary sub-categories are also marked as N/A.",,
Memory-Aware Functional IR for Higher-Level Synthesis of Accelerators,N/A,OK,N/A,OK,803ab888a9275bf98ed64947c39fbc38
"This paper presents a novel functional intermediate representation (Shir) for synthesizing hardware accelerators on FPGAs. The IR explicitly manages memory operations and parallelism, allowing efficient synthesis of hardware from high-level programming abstractions. The approach is demonstrated with stencil computations and matrix-matrix multiplication on an FPGA, showing competitive performance with optimized OpenCL implementations.",The paper primarily discusses the synthesis of hardware accelerators using a new intermediate representation and does not directly relate to any specific eco-responsible category such as climate change or pollution control.,,The sub-categories defined do not directly apply to the paper's primary focus on hardware synthesis and accelerators.,,
,Climate Change Mitigation,KO/Check,Industry,KO/Check,
,The development of more efficient accelerators could indirectly contribute to climate change mitigation if applied in various energy-intensive computations and systems.,"Despite the fact that it might be true, it is not mentioned in the paper","Efficient hardware accelerators can be used in various industrial applications to improve performance and efficiency, potentially leading to reduced energy consumption.","Despite the fact that it might be true, it is not mentioned in the paper",
Monoallelic Heb/Tcf12 Deletion Reduces the Requirement for NOTCH1 Hyperactivation in T-Cell Acute Lymphoblastic Leukemia,N/A,OK,N/A,OK,82a8d0c7e17e1f266e999ccc5cee16ce
"The research investigates the role of Heb/Tcf12 deletion in T-cell acute lymphoblastic leukemia (T-ALL) and how it impacts the synergy between pre-TCR and NOTCH1 signaling pathways in leukemogenesis. The findings indicate that Heb/Tcf12 monoallelic deletion allows for bypassing the requirement of pre-TCR signaling for leukemic progression, suggesting a complex interplay in T-ALL pathogenesis.","The paper focuses on the biological mechanisms underpinning T-cell acute lymphoblastic leukemia, which does not directly relate to eco-responsible AI categories listed. Its primary focus is on genetic interactions in leukemogenesis rather than environmental or sustainability issues.",,There is no direct association of the paper's research with any eco-responsible sub-category as it deals with leukemia pathogenesis and genetic signaling pathways.,,
Morphological Parameters and Associated Uncertainties for 8 Million Galaxies in the Hyper Suprime-Cam Wide Survey,N/A,OK,N/A,OK,87e302e8b5bb0bec847b28af46dd7bc2
"The paper presents GaMPEN, a machine learning framework that estimates morphological parameters and their uncertainties for about 8 million galaxies in the Hyper Suprime-Cam (HSC) Wide survey. GaMPEN employs Bayesian posteriors for parameters like bulge-to-total light ratio, effective radius, and flux. The approach involves training with simulated galaxies and transfer learning with real data, providing significant improvements over traditional methods. The paper’s methods are poised for use in upcoming large imaging surveys.","The paper primarily focuses on machine learning applications in astrophysics, specifically galaxy morphology, which does not directly fit into any of the predefined eco-responsible categories related to climate, pollution, sustainability, or natural systems protection.",,There is no direct sub-category under the eco-responsible categories provided that aligns with the paper's focus on galaxy morphology and machine learning.,,
,N/A,OK,N/A,OK,
,"The study is predominantly centered on astrophysical phenomena and the use of machine learning to analyze galaxy data, which does not intersect with any specific eco-responsible category related to Earth or sustainability.",,"The work does not touch upon any specific eco-responsible subcategories such as renewable energy, pollution, or biodiversity as its content is focused on astronomy and machine learning.",,
Normalization Layers Are All That Sharpness-Aware Minimization Needs,N/A,OK,N/A,OK,834ccbff850a508669207ac9fc95445c
"This paper investigates the role of normalization layers in Sharpness-Aware Minimization (SAM), showing that perturbing only these layers in the optimization process can outperform perturbing all parameters. It examines the impact of this approach across different architectures and use cases, highlighting its advantages in computational efficiency and generalization performance.","The paper focuses on the technical optimization of neural networks using normalization layers within SAM, a topic not directly related to environmental applications or sustainability. It is primarily concerned with improving machine learning efficiency, which could indirectly benefit eco-responsible topics but is not the main focus here.",,The work described in the paper does not fit into any eco-responsible sub-category. It focuses on the internal mechanics of deep learning optimization rather than applications in environmental fields.,,
,N/A,OK,N/A,OK,
,"The technical improvements in SAM, while possibly beneficial to energy efficiency in general computational contexts, are not directly tied to specific environmental applications as outlined in the categories.",,"The paper's contributions are technical, focusing on deep learning algorithm performance, without direct relevance to eco-responsible sub-categories.",,
Optimal Control of Network-Coupled Subsystems: Spectral Decomposition and Low-Dimensional Solutions,N/A,OK,N/A,OK,88688fcea6ee2e0d0209106d59671f18
"This paper explores the optimal control of network-coupled subsystems by employing spectral decomposition. The method decomposes a complex system into simpler components, allowing for scalable and efficient implementation of control laws. The framework is applicable to systems where dynamics and cost couplings are defined by an underlying graph, and it particularly benefits large-scale network systems by reducing computational complexity. The paper also extends its framework to stochastic systems and discusses applications such as consensus problems in networked control.","The paper does not directly address any of the predefined eco-responsible categories like Climate Change Mitigation, Adaptation, etc. It focuses on control systems and optimization for networked structures, which while potentially useful in applications, does not directly fall into the eco-responsibility categories listed.",,"Since the primary category is 'N/A', the sub-category is also marked as 'N/A'. The paper is focused on control systems for network optimization and does not fit the eco-responsible sub-categories provided.",,
Penalties and Rewards for Fair Learning in Paired Kidney Exchange Programs,N/A,OK,N/A,OK,82a8c3548a65399d02f0159f877191fc
"This paper discusses the use of dynamic learning algorithms in kidney exchange programs to optimize transplant performance by assigning optimal weights to patient-donor pairs. The study demonstrates that dynamic algorithms can outperform static ones, enhancing fairness across patient-donor pairs and increasing the number of transplants. The key finding is that assigning negative weights (penalties) to non-directed donors significantly impacts the program's overall performance, compared to focusing solely on rewarding patient-donor pairs.",The paper is primarily focused on the optimization of kidney exchange programs using mathematical and algorithmic approaches. There is no direct application or reference to eco-responsibility or environmental considerations.,,The sub-categories listed are not relevant as they focus on environmental and climate-related issues. The paper is on optimizing healthcare through mathematical modeling and algorithmic improvements in kidney pair donation programs.,,
Physics-Guided Adversarial Machine Learning for Aircraft Systems Simulation,N/A,OK,N/A,OK,858ed7cca3e9f923bfa07ec858a53fbd
"The paper introduces a physics-guided adversarial machine learning approach to enhance the reliability of machine learning models used in aircraft systems simulation. This method combines adversarial testing with physics-informed training to ensure the consistency of model predictions with physics domain knowledge, aiming to improve trust in ML-based systems for aircraft performance assessment.","The paper primarily focuses on advancements in machine learning techniques for the aviation industry, without specific emphasis on eco-responsible AI categories related to climate, environment, or sustainability from the provided hierarchy.",,"The paper does not align with any of the listed eco-responsible sub-categories as its primary focus is on improving the trustworthiness of ML models for aircraft systems, rather than addressing specific environmental or sustainability issues.",,
Population heterogeneity in clinical cohorts affects the predictive accuracy of brain imaging,N/A,OK,N/A,OK,85813e5a435f7b0c77ca420bcdb2cadf
"This paper investigates the impact of population diversity on the predictive accuracy of brain imaging in clinical cohorts, specifically for neuropsychiatric disorders like autism. It explores how differences in demographic factors such as age, sex, and imaging site affect the generalizability of predictive models, using datasets like ABIDE and HBN. The authors propose the use of propensity scores to quantify heterogeneity and highlight the challenges prevailing deconfounding practices face in accounting for this diversity.","The paper focuses on machine learning applications in medical imaging and diagnostics, particularly analyzing how population diversity affects model predictions in brain imaging, which does not directly fit any of the eco-responsible categories related to environmental or climate science.",,"The specific sub-categories under eco-responsible AI primarily focus on climate-related impacts, sustainable development, and natural systems, none of which are addressed by this paper, which is centered on predictive modeling in neuroimaging.",,
Prioritizing Samples in Reinforcement Learning with Reducible Loss,N/A,OK,N/A,OK,81e9820574a3532ed12a03965c2c8dc9
"This paper introduces a novel method for sample prioritization in reinforcement learning, called Reducible Loss (ReLo). Unlike traditional methods that prioritize based solely on training loss, ReLo prioritizes samples where training loss can be reduced significantly, enhancing robustness and sample efficiency. The method is applied to various reinforcement learning scenarios, demonstrating better performance and lower computational overhead compared to existing methods. The paper provides experimental results on benchmarks like the DeepMind Control Suite and OpenAI Gym.","The paper primarily focuses on optimizing reinforcement learning through a method called Reducible Loss, which isn't directly related to any eco-responsible AI applications. The main focus is on algorithmic improvements rather than environmental impacts.",,"Similar to the category decision, this study is largely about reinforcement learning techniques without a direct sub-category fitting into environmentally responsible AI applications.",,
,N/A,OK,N/A,OK,
,"No particular eco-responsible application is identified, as the paper targets general reinforcement learning improvements rather than specific environmental issues.",,The research does not extend into eco-responsible sub-categories as it is primarily focused on sample efficiency in reinforcement learning.,,
Processing visual ambiguity in fractal patterns: Pareidolia as a sign of creativity,N/A,OK,N/A,OK,804a0b0fe740abd087e9a9139af38f4a
"This paper explores the relationship between creativity and pareidolia, the phenomenon of perceiving recognizable forms in ambiguous stimuli such as fractal images. It suggests that more creative individuals report pareidolia across a wider range of image fractal dimensions and it proposes 'divergent perception' as a complementary concept to measure creativity, opening new avenues for studying creative behavior.","The paper primarily deals with cognitive psychology and the study of creativity, rather than an eco-responsible focus area. It doesn't seem to address topics related to climate change, sustainability, or environmental science directly.",,"Similar to the primary category, the paper does not delve into any subcategories related to eco-responsibility as it is focused on creativity and perception study.",,
,N/A,OK,N/A,OK,
,"As the paper does not engage with subjects typically linked to the environmental, climate, or sustainability fields, no secondary category within the eco-responsible spectrum is applicable.",,There are no secondary sub-categories applicable here as the content does not align with any eco-responsible sub-categories given its focus on cognitive sciences.,,
PromptMix: A Class Boundary Augmentation Method for Large Language Model Distillation,N/A,OK,N/A,OK,80b08386fda6d43e84892a3a1e8fe1c6
"The paper presents PromptMix, a method for data augmentation in text classification using few-shot and zero-shot learning scenarios. It leverages large language models to generate augmented data near class boundaries and employs a relabeling technique to improve label accuracy. The method improves the performance of smaller models by transferring knowledge from large language models like GPT3.5-turbo into smaller ones like DistilBERT and BERT.","The paper does not align with any specific eco-responsible category given its primary focus on language model distillation and data augmentation techniques, which do not contribute directly to environmental sustainability goals.",,No sub-category under eco-responsible AI is relevant as the paper does not focus on environmental impacts or sustainability.,,
,N/A,OK,N/A,OK,
,"There are no identifiable secondary eco-responsible themes or applications in this paper, as its primary focus is on computational linguistics methods and improving language models rather than addressing environmental issues.",,The research focuses solely on language model performance improvements and lacks implications for eco-friendly practices or technologies.,,
QU-BraTS: MICCAI BraTS 2020 Challenge on Quantifying Uncertainty in Brain Tumor Segmentation - Analysis of Ranking Metrics and Benchmarking Results,N/A,OK,N/A,OK,8369e2db6b6f898b7fd0f3b18d345418
"This paper examines the uncertainty quantification in brain tumor segmentation using deep learning. It analyzes the results and ranking scores from the BraTS 2020 Challenge to evaluate the effectiveness of different uncertainty measures, providing insights into enhancing clinical reliability of deep learning models in medical imaging.","The paper focuses on medical imaging and uncertainty quantification in the context of brain tumor segmentation, which does not directly align with the eco-responsible categories provided. The primary focus is on improving clinical workflows in neuroscience, not environmental impact.",,"Similar to the primary category, the sub-category is not applicable as the sub-categories provided focus on eco-responsible applications like renewable energy, pollution, etc., whereas this paper is concerned with medical imaging.",,
Qualitative Code Suggestion: A Human-Centric Approach to Qualitative Coding,N/A,OK,N/A,OK,87e0a4b75a36bb0602e7d2820b01445a
"This paper introduces and investigates a new task called Qualitative Code Suggestion (QCS), which aims to assist qualitative researchers by suggesting codes based on previously coded text passages. The research focuses on understanding challenges in coding processes and proposes methods like using NLP to improve efficiency in qualitative coding. It presents a dataset related to cardiovascular disease interviews and evaluates the AI systems via human-centric metrics.","While the paper is innovative and notable for AI and NLP developments, it doesn't focus on eco-responsibility or environmental issues directly. Thus, it doesn't fit neatly into any of the predefined eco-responsible categories dedicated to climate, pollution, or sustainability.",,"The paper doesn't contribute to eco-responsibility or sustainability-focused sub-categories, and its primary goal is improving qualitative coding as a task within AI/NLP fields.",,
,N/A,OK,N/A,OK,
,The primary focus of the paper is on improving qualitative coding using NLP techniques and does not engage with secondary eco-responsible themes.,,"As the focus is on AI/NLP for qualitative coding rather than an environmental issue, it doesn't delve into sub-categories concerning eco-responsibility.",,
Reusable Slotwise Mechanisms,N/A,OK,N/A,OK,80c1a8e42d6ef26f27911d4c874b3deb
"The paper introduces Reusable Slotwise Mechanisms (RSM), a framework designed to model object dynamics using slots. The approach leverages Central Contextual Information (CCI) along with a modular architecture to select and apply reusable mechanisms for predicting future states of object slots, improving scene comprehension, reasoning, and out-of-distribution generalization. The study details experiments demonstrating superior performance in tasks such as video prediction and visual question answering.","The paper focuses on a deep learning model designed for improved scene comprehension and generalization in tasks like video prediction and visual question answering. It does not directly address any eco-responsible applications or categories such as climate change, pollution, or sustainable finance.",,"Since the paper does not fit into any eco-responsible categories, it also does not align with any specific sub-category related to environmental or sustainability topics.",,
,N/A,OK,N/A,OK,
,"The research primarily aims at advancing deep learning methodologies for object dynamics modeling, lacking direct implications or applications for any established eco-responsible categories or sub-categories.",,"The advances discussed in the paper revolve around deep learning model architecture and not around sub-categories like renewable energy, pollution reduction, or natural systems protection.",,
Robust and Controllable Object-Centric Learning through Energy-based Models,N/A,OK,N/A,OK,876478616d04ee118a1a548151e0a858
"This paper introduces EGO, a framework for learning object-centric representations through energy-based models. By leveraging vanilla attention mechanisms and permutation-invariant energy functions, EGO can infer object-centric latent variables without supervised data. The framework shows promise in tasks like unsupervised object discovery, scene decomposition, and manipulation.","The paper focuses on a deep learning methodology for object-centric representation learning, which does not directly address any eco-responsible applications or environmental categories listed.",,"The paper does not focus on any specific eco-responsible sub-category as it is methodologically oriented, aiming to enhance object-centric representation learning using energy-based models.",,
,Climate Science,KO/Check,,,
,"Object-centric learning methodologies may contribute to climate-related data analysis and modeling, but the paper does not directly address such applications.","Despite the fact that it might be true, it is not mentioned in the paper",,,
,,,,,
,,,,,
"SARS-CoV-2 infection in Africa: a systematic review and meta-analysis of standardised seroprevalence studies, from January 2020 to December 2021",N/A,OK,N/A,OK,88ec253879a8a9a8edc9c0c850ac0e1a
This paper presents a systematic review and meta-analysis of seroprevalence studies conducted in Africa to estimate the seroprevalence of SARS-CoV-2 from January 2020 to December 2021. It highlights the challenges in detecting COVID-19 incidence in Africa due to limited surveillance and lab capacities. The study aims to inform public health decision-making by understanding the population's exposure and guiding targeted public health policies.,The paper focuses on the epidemiological assessment of SARS-CoV-2 in Africa and does not directly align with any of the eco-responsible categories since it deals with public health rather than environmental sustainability or climate change issues.,,"There is no sub-category that appropriately matches the focus of the paper, which is centered on COVID-19 seroprevalence and public health strategies in Africa.",,
,Support to Global South,KO/Check,Policy Advice and Knowledge Sharing,KO/Check,
,"The study focuses on Africa, detailing the seroprevalence and epidemiological data, which can aid public health strategies in regions that typically have less access to resources and data-driven insights.",Health ≠ climate,"The research aims to provide data that informs evidence-based decision-making and guides public health policies for better health management in Africa, aligning with shared knowledge in global south support.",Health ≠ climate,
Single‐pass stratified importance resampling,N/A,OK,N/A,OK,86f0aaa0be44f97f258b9d7ea83875f8
"The paper presents a novel algorithm for stratified resampling in Monte Carlo integration that does not require precomputation and only needs a single pass over the candidates, preserving input stratification. This is particularly relevant for applications in physically based rendering to achieve more realistic images efficiently.","The paper primarily discusses technical aspects of improving rendering algorithms using Monte Carlo integration, which does not directly relate to climate or eco-responsibility topics.",,"The sub-categories listed mainly pertain to environmental or climate-focused solutions, which this technical paper on rendering does not address.",,
,N/A,OK,N/A,OK,
,"The paper does not address eco-responsible themes such as climate change, natural systems protection, or pollution. Its focus is on computational methods in graphics and rendering.",,"The research does not pertain to specific sub-categories like Renewable Energy, Waste, or Agriculture _  it is focused on rendering techniques in computer graphics.",,
SkillQG: Learning to Generate Question for Reading Comprehension Assessment,N/A,OK,N/A,OK,88b0145a929b65cf59e49c19b0f73b0b
"SkillQG is a question generation framework that enhances machine reading comprehension by generating questions based on five skill dimensions inspired by Bloom’s Taxonomy. The system improves question quality and controllability by incorporating skill-specific knowledge into the question generation process. Experimental results show that SkillQG enhances the performance of question answering systems by providing more relevant and skill-oriented questions, demonstrating improvements over baseline models.","The paper does not directly relate to any eco-responsible category such as climate change, pollution, or sustainable finance.",,"The paper does not align with any of the specified sub-categories beneath the eco-responsible categories. Its primary focus is on question generation for comprehension assessment, not on environmental or sustainability issues.",,
,N/A,OK,N/A,OK,
,The content of the paper is focused on question generation for reading comprehension and does not address any issues related to the eco-responsible categories.,,"The sub-categories are related to environmental and sustainability issues, which are not addressed in the paper.",,
Social Neuro AI: Social Interaction as the “Dark Matter” of AI,N/A,OK,N/A,OK,8858de226e3185f0c473989293b3c4a6
"The paper presents a framework for incorporating biological examples of social learning mechanisms into AI, emphasizing that social interactions are largely unexplored but crucial for developing advanced cognitive abilities in AI. The authors propose 'Social NeuroAI' as a field to focus on socially intelligent agents through biological plausibility, temporal dynamics, and social embodiment.","The paper focuses on social interactions and cognitive development within AI, which does not fit into any of the predefined eco-responsible categories focused on climate change and sustainability.",,The primary focus on social learning and interactions in AI development does not match any listed sub-categories related to environmental or sustainable topics.,,
,,,,,
,,,,,
Stateful active facilitator: Coordination and Environmental Heterogeneity in Cooperative Multi-Agent Reinforcement Learning,N/A,OK,N/A,OK,84c7970be0f338862ff22170071efaf8
"This paper introduces a method called Stateful Active Facilitator (SAF) for cooperative multi-agent reinforcement learning (MARL). The method addresses the challenges of coordination and environmental heterogeneity in MARL environments. It introduces HECOGrid, a suite of environments designed to test MARL approaches on varying coordination and heterogeneity levels. The paper evaluates the SAF against existing baselines, demonstrating its advantageous performance in high-coordination and high-heterogeneity environments.","The paper primarily focuses on improving multi-agent reinforcement learning techniques by addressing coordination and environmental heterogeneity issues. While these advancements might support some applications in eco-responsible areas indirectly, the paper itself does not directly relate to any of the predefined eco-responsible categories.",,"As the paper does not directly relate to any applications within the listed sub-categories, it falls under 'N/A'. The research is centered on advancing cooperative multi-agent reinforcement learning, which may have potential implications on various domains, but these are not explicitly discussed in environmental contexts within the paper.",,
Studying the characteristics of AIOps projects on GitHub,N/A,OK,N/A,OK,8586ecefbf04e89448030517b8d02583
"This paper analyzes open-source AIOps projects on GitHub to understand their characteristics, including input data, analysis techniques, and goals.",,,,,
"It compares AIOps projects to baseline machine learning and general-purpose projects, revealing that AIOps projects have more issues but also receive more attention and growth. The study aims to provide insights into improving AIOps project practices.","The paper focuses on AIOps, which primarily relates to IT operations and software engineering rather than specifically addressing eco-responsible AI applications or categories such as climate change or sustainability.",,"As the paper does not align with any specific eco-responsible sub-category like renewable energy or pollution management, it falls into the 'N/A' sub-category.",,
,N/A,OK,N/A,OK,
,"No secondary eco-responsible category applies, as the paper is not oriented toward environmental sustainability or climate-related issues.",,No secondary eco-responsible sub-category is applicable as it does not align with the environmental sustainability context.,,
Tell Me How to Survey: Literature Review Made Simple with Automatic Reading Path Generation,N/A,OK,N/A,OK,868cdb7d8537d744af610a217bdba7d7
"This paper discusses the development of a Reading Path Generation (RPG) system for automatically creating paths of papers for literature surveys. The system considers the relevance and prerequisite relationships between papers, and aims to ease the process of getting familiar with new research topics. The authors also introduce SurveyBank, a new dataset for evaluating the RPG task, and a graph-optimization-based approach to generate the reading path.","The paper primarily focuses on developing a system for generating reading paths in literature reviews, which does not directly relate to eco-responsible categories such as climate change, pollution, or natural systems protection.",,The sub-category does not apply as the paper is unrelated to any specific eco-responsible topics listed.,,
,N/A,,N/A,,
,The content is centered on academic tools and datasets rather than any eco-responsible technologies or applications.,,"The paper doesn't relate to any eco-responsible projects or sub-categories, focusing instead on literature review systems.",,
The Effect of diversity in Meta-Learning,N/A,OK,N/A,OK,86b431f9268c6246f92e3c94d67734c5
"This paper investigates the role of task diversity in meta-learning, particularly how varying task distributions affect the performance of different meta-learning models. Contrary to conventional wisdom, the study finds that task diversity does not necessarily boost meta-learning performance. Instead, repeating the same tasks during training can yield comparable results to more diverse task sampling methods. The research evaluates various meta-learning models and employs different task sampling strategies across multiple datasets to reach these conclusions.",The paper focuses on meta-learning and does not directly address any eco-responsible categories related to environmental or climate issues.,,The paper does not fit within any eco-responsible sub-categories as it is concerned with methodological aspects of meta-learning rather than environmental impact or sustainability applications.,,
,N/A,OK,N/A,OK,
,No secondary eco-responsible categories are directly relevant to the findings or focus of this paper.,,"Since the primary sub-category is N/A, there are no relevant secondary sub-categories.",,
The Hidden Uniform Cluster Prior in Self-Supervised Learning,N/A,OK,N/A,OK,85c947579308960ff2417db4dcd207a8
"This paper explores the biases in self-supervised learning frameworks that lead to uniform clustering of data, a problem that can degrade performance in class-imbalanced settings. The authors propose an alternative approach, Prior Matching for Siamese Networks, that incorporates power-law distributed feature priors to improve representation learning on imbalanced datasets. Empirical validation shows that this method results in better semantic representations and improves performance on downstream tasks.",The paper primarily focuses on theoretical advancements in machine learning and representation learning rather than direct applications to eco-responsible categories.,,The sub-category is not applicable as the paper is not related to eco-responsible applications.,,
The StatCan Dialogue Dataset: Retrieving Data Tables through Conversations with Genuine Intents,N/A,OK,N/A,OK,86f0c40eedc400fcc7532e03e46e9b63
"This paper introduces the StatCan Dialogue Dataset, which consists of conversations between users and agents at Statistics Canada to retrieve data tables. The dataset is used to assess two tasks: automatic retrieval of relevant tables based on conversation context, and automatic generation of agent responses. The paper explores the challenges in these tasks and presents baselines, finding that models struggle to generalize to new interactions, especially due to temporal data shifts.","The paper focuses on the development of a dialogue dataset aimed at improving conversational agents, which does not directly relate to any eco-responsible category like climate change, pollution, etc. It's primarily a data-centric paper focused on dialogue systems for retrieving statistical data rather than addressing environmental or sustainable topics directly.",,The paper's content does not fit into any specified eco-responsible sub-category as it mainly revolves around data dialogue and retrieval tasks rather than environmental or societal impact actions.,,
,N/A,OK,N/A,OK,
,"Since the paper is not aimed at any specific eco-responsible applications, and is more about data retrieval and dialogue management, secondary categories do not apply.",,The paper does not engage with any environmental or societal sub-category tasks directly and therefore secondary sub-categories are not applicable.,,
The use of artificial intelligence and virtual reality in doctor-patient risk communication: A scoping review.,N/A,OK,N/A,OK,887abc02ac9aee9c5abbe3183ff55300
"This paper reviews the application of artificial intelligence (AI) and virtual reality (VR) in enhancing communication about risks between doctors and patients, particularly in a surgical context. It explores how these technologies can facilitate shared decision-making and improve patient outcomes by providing decision support tools, treatment visualizations, and communication training.","The paper primarily deals with AI and VR applications in the medical field, specifically enhancing doctor-patient communication around surgical risks. This does not directly align with the provided eco-responsible categories.",,"As the paper does not fit into any listed eco-responsible sub-categories, 'N/A' is chosen for the sub-category as well.",,
,N/A,OK,N/A,OK,
,"The secondary applications discussed, such as decision support and treatment visualization, are extensions of the primary medical focus and also do not align with the eco-responsible categories provided.",,There are no sub-categories related to the medical focus of this paper in the provided eco-responsible list.,,
Thinker: Learning to Plan and Act,N/A,OK,N/A,OK,853b4365147abd5c244df90341e2f25b
"This paper introduces the Thinker algorithm, a novel reinforcement learning approach that enables agents to autonomously interact with a learned world model. The algorithm wraps the environment with a world model and introduces new actions for interacting with this model, allowing for planning by proposing alternative plans before action execution. The approach eliminates the need for handcrafted planning algorithms by allowing autonomous planning, demonstrated through experiments in Sokoban and Atari benchmarks.","The paper focuses on advancements in reinforcement learning algorithms, specifically the Thinker algorithm, which is primarily a technological and methodological advancement in AI, rather than directly related to eco-responsible categories.",,The work does not fit into any specific eco-responsible sub-category as it focuses on developing a reinforcement learning framework rather than an environmental or sustainability issue.,,
,N/A,OK,N/A,OK,
,There are no discussions or applications in the paper that align with the predefined eco-responsible categories such as Climate Change Mitigation or Adaptation.,,The sub-categories of eco-responsible sectors are not covered in this research as it pertains more to AI methodologies than direct environmental improvement.,,
Toward Stronger Textual Attack Detectors,N/A,OK,N/A,OK,888dec9ba3c15bbdcfb48857754166ea
"The paper focuses on improving the resilience of NLP systems to adversarial attacks by introducing LAROUSSE, a new unsupervised framework for detecting textual adversarial attacks, and STAKEOUT, a benchmark for evaluating such frameworks.","The paper primarily deals with security and robustness of NLP systems against adversarial attacks, which does not directly fit into any of the predefined eco-responsible categories focusing on climate, natural systems, pollution, finance, or global south support.",,"The research primarily revolves around AI safety and security, which does not align with the eco-responsible sub-categories centered around energy, agriculture, pollution, etc.",,
,N/A,OK,N/A,OK,
,"The focus on NLP security against adversarial threats, as opposed to climate or environmental impact, makes it irrelevant to the secondary categories as well.",,"As the study focuses solely on textual attack detection in NLP, it doesn't provide insights into any eco-responsible sub-category.",,
"Towards Reliable Misinformation Mitigation: Generalization, Uncertainty, and GPT-4",N/A,OK,N/A,OK,849cf57287b99dc7d5583d7aded9184b
"This paper explores the use of GPT-4 in misinformation mitigation, focusing on generalization and uncertainty. It introduces techniques to handle uncertainty and discusses the development of the LIAR-New dataset for evaluating misinformation. The paper aims to lay the groundwork for more practical systems in combating misinformation.",The paper primarily discusses misinformation mitigation and does not directly fit into any of the predefined eco-responsible categories. It focuses on societal impact rather than environmental impact.,,"There is no indication that the paper's topics align with any environmentally-focused sub-categories _  it is centered on misinformation, which is more of a societal issue.",,
,N/A,OK,N/A,OK,
,"The focus is on misinformation, a societal issue, which doesn't align with the predefined eco-responsible categories related to environmental impact.",,"The sub-categories listed are environmentally-oriented, and this paper does not discuss issues related to these topics.",,
What does it mean to be a responsible AI practitioner: An ontology of roles and skills,N/A,OK,N/A,OK,842431cf1e22fb8804c28b8f211ca237
"The paper explores the roles and skills of responsible AI practitioners. It develops an ontology that outlines the roles, responsibilities, skills, and qualifications needed for these practitioners, based on job postings and expert interviews. This work is intended to help industry leaders build responsible AI teams and to assist educators in developing AI ethics curricula.","The paper does not specifically address any of the listed eco-responsible categories such as Climate Change Mitigation, Adaptation, or Pollution. Instead, it deals with AI ethics and responsible AI practices, focusing on roles and skills required in this emerging field.",,The paper does not fit into any of the specific eco-responsible sub-categories provided. It primarily addresses the development of roles and skills for responsible AI practice.,,
,N/A,OK,N/A,OK,
,"The paper is centered around AI ethics and education, without a direct link to environmental sustainability or eco-responsible AI.",,"Given its focus on responsible AI and ethics roles, the paper does not align with any eco-responsible sub-categories listed.",,
When Do Graph Neural Networks Help with Node Classification: Investigating the Homophily Principle on Node Distinguishability,N/A,OK,N/A,OK,85e13bf4ef3e6e577295a80ec3904ed2
"This paper investigates the effectiveness of Graph Neural Networks (GNNs) in node classification tasks, specifically examining how intra-class and inter-class node distinguishability (ND) and the homophily principle affect GNN performance. It introduces a novel graph model, CSBM-H, to study these effects and proposes new metrics for node distinguishability. The study seeks to provide a better understanding of when GNNs outperform other models and introduces a classifier-based performance metric to evaluate GNN effectiveness without training.",The paper primarily focuses on theoretical and methodological advances in using GNNs for node classification without direct application to eco-responsible categories. The subject matter does not align with themes related to ecological or environmental impacts.,,The paper does not fit into any of the provided eco-responsible sub-categories as its focus is on the technical enhancement of GNNs without direct ecological or sustainability topics.,,
,N/A,OK,N/A,OK,
,The secondary aspects of the paper do not focus on any remarkable contributions to eco-responsible AI practices and remain within the domain of enhancing GNN methodologies.,,"The paper's exploration of node classification using GNNs does not intersect with the suggested eco-responsible sub-categories, such as climate change or natural systems.",,
When Do Transformers Shine in RL? Decoupling Memory from Credit Assignment,N/A,OK,N/A,OK,8175f13fc7127971a79689c7995c9cad
"This paper investigates the efficacy of Transformer architectures in reinforcement learning (RL) by parsing out the effects of memory capabilities and credit assignment on the performance of RL tasks. Through defining memory and credit assignment quantitatively, the study finds that while Transformers boost long-term memory in RL algorithms to a notable extent, they fall short on improving long-term credit assignment.","The focus of the paper is on understanding the role of Transformers in RL by assessing their memory and credit assignment capabilities, which does not directly relate to any eco-responsible applications or categories.",,"The research paper does not focus on any specific eco-related technology or solution, thus it does not fit within any of the predefined sub-categories.",,
,Climate Science,KO/Check,Climate Modeling and Predictions,KO/Check,
,"The paper emphasizes the significance of rigorous evaluation methods such as defining memory and credit assignment in RL _  although it does not directly study climate phenomena, this methodological rigor is foundational to creating robust simulation models including those used in climate science.","Despite the fact that it might be true, it is not mentioned in the paper","Although indirectly related, the structured focus on temporal dependencies in this paper may aid in designing simulation models which are crucial for climate modeling and predictions.","Despite the fact that it might be true, it is not mentioned in the paper",
,N/A,OK,N/A,OK,
,"Besides the discussion on Transformers' effectiveness in RL, the paper doesn't contribute directly to eco-responsible advancements.",,The application of the findings directly to any sub-category related to climate or ecology is not apparent.,,
DASVDD: Deep Autoencoding Support Vector Data Descriptor for Anomaly Detection,Pollution,KO/Check,Air Pollution,KO/Check,87f1f0e42bba13f7f8014633758c47c4
"The paper introduces a new anomaly detection method called DASVDD, which combines deep autoencoders with a support vector data descriptor to detect anomalies across various datasets. The method minimizes the volume of the enclosing hypersphere on autoencoder representations while considering reconstruction errors, showing robust performance in multiple anomaly detection scenarios.","The paper's contribution to anomaly detection can be useful for industrial monitoring, which is related to pollution detection and management. Anomaly detection in such contexts helps identify irregularities that may suggest pollution events or inefficiencies in pollution control systems.","Despite the fact that it might be true, it is not mentioned in the paper","Anomaly detection algorithms like DASVDD can be utilized in detecting air quality anomalies indicative of pollution events, thus helping in managing and controlling air pollution.","Despite the fact that it might be true, it is not mentioned in the paper",
,Natural Systems Protection,KO/Check,Biodiversity,KO/Check,
,Anomaly detection can help in monitoring natural environments to identify unusual patterns that could indicate ecological disturbances or threats.,"Despite the fact that it might be true, it is not mentioned in the paper",Detection of anomalies in biodiversity data can help identify potential threats to ecosystems and support conservation efforts.,"Despite the fact that it might be true, it is not mentioned in the paper",