Reincarnating Reinforcement Learning: Reusing Prior Computation to Accelerate Progress,Climate Change Mitigation,N/A,Energy Efficiency in Buildings,N/A,97f28ecf1bc9ed21535a8bcf84fdee02
"The paper presents reincarnating reinforcement learning (RRL), an approach to reuse prior computational work in reinforcement learning instead of starting from scratch. This approach seeks to leverage existing policies and learned data to accelerate the training of RL agents, making RL research more accessible to institutions with limited computational resources. The paper focuses on policy-to-value reincarnating RL and introduces a new method, QDagger, demonstrating its effectiveness in various settings such as Atari games and real-world problems like navigation of stratospheric balloons.","The paper emphasizes reducing computational resources, which aligns with climate change mitigation efforts by potentially lowering the energy consumption associated with large-scale training of RL models.","Despite the fact that it might be true, it is not mentioned in the paper. ""Overall, this work argues for an alternative approach to [Reinforcement Learning (RL)] research, which we believe could significantly improve real-world RL adoption and help democratize it further""","Although indirect, the focus on reducing computational resources can contribute to energy-efficient practices in computational processes, analogous to energy efficiency efforts in buildings.","Despite the fact that it might be true, it is not mentioned in the paper. ""Overall, this work argues for an alternative approach to [Reinforcement Learning (RL)] research, which we believe could significantly improve real-world RL adoption and help democratize it further""",
,Support to Global South,N/A,Support Renewable Energy Deployment,N/A,
,"By democratizing access to efficient RL methods, the paper supports Global South initiatives by enabling more researchers to participate without industrial-scale resources.","Despite the fact that it might be true, it is not mentioned in the paper. ""Overall, this work argues for an alternative approach to [Reinforcement Learning (RL)] research, which we believe could significantly improve real-world RL adoption and help democratize it further""","By providing access to more efficient computational processes, it indirectly supports efforts to bolster renewable energy research and deployment, especially in regions with limited access.","Despite the fact that it might be true, it is not mentioned in the paper. ""Overall, this work argues for an alternative approach to [Reinforcement Learning (RL)] research, which we believe could significantly improve real-world RL adoption and help democratize it further""",
Resource-Efficient Separation Transformer,Climate Change Mitigation,N/A,Energy Efficiency in Buildings,N/A,d15a346b47c82ef810cba8f292eb9154
"The paper presents the Resource-Efficient Separation Transformer (RE-SepFormer), an architecture for Transformer-based speech separation. The model emphasizes computational efficiency, reducing parameters and operations compared to previous architectures while maintaining performance. The paper focuses on adapting Transformers for reduced computational burden using non-overlapping blocks and compact latent summaries. The RE-SepFormer is tested on WSJ0-2Mix and WHAM! datasets in both causal and non-causal settings, achieving competitive results with significantly decreased memory and inference time.","The development of a more resource-efficient model directly contributes to reducing energy consumption and carbon emissions associated with deep learning models, a critical aspect of climate change mitigation.","Despite the fact that it might be true, it is not mentioned in the paper. ""This paper explores Transformer-based speech separation with a reduced computational cost.""","The aspect of energy efficiency in computational models can be parallel to energy efficiency in buildings in terms of reducing energy consumption and associated emissions, albeit in the context of computational operations rather than physical infrastructure.","Despite the fact that it might be true, it is not mentioned in the paper. ""This paper explores Transformer-based speech separation with a reduced computational cost.""",
,N/A,N/A,N/A,N/A,
,"The paper primarily focuses on energy efficiency in computational models, and no other distinct secondary sustainable development category is prominently addressed.",,The paper primarily addresses energy efficiency in deep learning models without overlapping into other specific sub-categories.,,
,,,,,
,,,,,
Trade-off Between Accuracy and Fairness of Data-driven Building and Indoor Environment Models: A Comparative Study of Pre-processing Methods,Climate Change Mitigation,Climate Change Mitigation,Energy Efficiency in Buildings,Energy Efficiency in Buildings,d24a5ec6f833c61e020c4a41efa49d2e
"This paper explores the balance between accuracy and fairness in data-driven models for building and indoor environments. It introduces three types of fairness in building engineering, examines two types of fairness, and proposes pre-processing methods to improve fairness in predictive models used for lighting status prediction. The study compares these methods in terms of their impact on accuracy and fairness across various scenarios.","The study focuses on data-driven models for buildings, specifically looking at energy management and efficiency, which aligns with climate change mitigation efforts through improved energy efficiency in buildings.",,"The paper's focus is on building and indoor environment models which are used to predict variables that can influence energy management in buildings, directly correlating with energy efficiency improvements.",,
,N/A,N/A,N/A,N/A,
,There are no explicit secondary sustainable development areas addressed in the paper apart from energy efficiency in buildings.,,There are no explicit secondary sub-categories relevant to the content of the paper beyond energy efficiency in buildings.,,
Aligning artificial intelligence with climate change mitigation,Climate Change Mitigation,Climate Change Mitigation,Industry,N/A,c44882c7cb4fb4c15eafeee31514f414
"The paper discusses how artificial intelligence, particularly machine learning, can be aligned with climate change mitigation efforts. It introduces a framework for assessing AI's impacts on greenhouse gas emissions through compute-related, immediate application, and system-level impacts. The paper also suggests pathways and policies for aligning AI with climate strategies.",The paper primarily addresses the mitigation of climate change through efficient use of AI and ML technologies to reduce greenhouse gas emissions.,,"The paper discusses optimizing industrial processes with AI, which directly relates to the Industry sub-category within Climate Change Mitigation.","The authors don't focus on the industrial sector. ""Assessing and shaping the effects of artificial intelligence (AI) and machine learning (ML) on climate change mitigation demands a concerted effort across research, policy, and industry. However, there is great uncertainty regarding how ML may affect present and future greenhouse gas (GHG) emissions.",
,Climate Science,Climate Science,Greenhouse Gases Measurement and Tracking,Greenhouse Gases Measurement and Tracking,
,The paper touches on climate science as it discusses the need to incorporate AI's effects in climate and energy models.,,The paper includes GHG tracking as an application of ML in climate change mitigation.,,
,,,,,
,,,,,
Improving *day-ahead* Solar Irradiance Time Series Forecasting by Leveraging Spatio-Temporal Context,Climate Change Mitigation,Climate Change Mitigation,Renewable Energy and Grid Optimization,Renewable Energy and Grid Optimization,a3a5be931eb6645a06a6edbbc5130534
The paper presents a deep learning architecture called CrossViViT for day-ahead solar irradiance forecasting. It leverages spatio-temporal context from satellite data to improve forecast accuracy. The paper introduces a multi-modal dataset and suggests a novel evaluation scheme to test model performance under varying cloudy conditions. The focus is on Global Horizontal Irradiance forecasting for solar power grid integration.,"The paper's central focus is on enhancing the accuracy of solar power integration into energy grids, which contributes to climate change mitigation by promoting the use of renewable energy sources.",,"The work focuses on solar irradiance forecasting to enable better integration of solar energy into the power grid, directly relating to optimizing renewable energy sources.",,
,Climate Science,Climate Science,Climate Modeling and Predictions,Climate Modeling and Predictions,
,"The paper involves solar irradiance forecasting, which relates to climate science as it involves collecting and analyzing climate-related data.",,The task of predicting solar irradiance inherently involves climate modeling and prediction.,,
,,,,,
,,,,,
IG-RL: Inductive Graph Reinforcement Learning for Massive-Scale Traffic Signal Control,Climate Change Mitigation,N/A,Transportation,N/A,9bba7b43c8042ef96b26bc30af31da1f
"The paper presents a novel approach using Inductive Graph Reinforcement Learning (IG-RL) for traffic signal control. The method leverages graph-convolutional networks to manage traffic systems, offering scalability and adaptability to novel road networks and traffic scenarios without additional training. The approach is tested on synthetic road networks and large-scale real-world networks, such as Manhattan, to evaluate its effectiveness in reducing congestion and improving traffic flow.","The paper focuses on reducing traffic congestion, which is a significant contributor to urban carbon emissions and ecological disruption, thereby contributing to climate change mitigation efforts.","Despite the fact that it might be true, it is not mentioned in the paper. ""We introduce Inductive Graph Reinforcement Learning (IGRL) based on graph-convolutional networks which adapts to the structure of any road network, to learn detailed representations of traffic signal controllers and their surroundings.""","The paper's main focus is on optimizing traffic signal control using reinforcement learning, which directly relates to the transportation sub-category within climate change mitigation.","Despite the fact that it might be true, it is not mentioned in the paper. ""We introduce Inductive Graph Reinforcement Learning (IGRL) based on graph-convolutional networks which adapts to the structure of any road network, to learn detailed representations of traffic signal controllers and their surroundings.""",
,Climate Change Adaptation,N/A,Transportation,N/A,
,"The method adapts to new road networks and traffic conditions, supporting adaptive management of urban infrastructure.","Despite the fact that it might be true, it is not mentioned in the paper. ""We introduce Inductive Graph Reinforcement Learning (IGRL) based on graph-convolutional networks which adapts to the structure of any road network, to learn detailed representations of traffic signal controllers and their surroundings.""","The adaptation to new traffic scenarios supports resilience against changing patterns, relevant to adaptive infrastructure management in transportation.","Despite the fact that it might be true, it is not mentioned in the paper. ""We introduce Inductive Graph Reinforcement Learning (IGRL) based on graph-convolutional networks which adapts to the structure of any road network, to learn detailed representations of traffic signal controllers and their surroundings.""",
Model-based graph reinforcement learning for inductive traffic signal control,Climate Change Mitigation,N/A,Transportation,N/A,c1b59e4db71d0cfdfd635bdc489047d6
"The paper introduces MuJAM, a model-based reinforcement learning method for adaptive traffic signal control (ATSC). The approach uses graph neural networks to handle changing inputs and environments, facilitating zero-shot transfer to new road-network topologies and traffic distributions.","The paper addresses adaptive traffic signal control, which directly impacts transportation efficiency and indirectly reduces emissions, thus falling under Climate Change Mitigation.","Despite the fact that it might be true, it is not mentioned in the paper. The authors focus on reinforcement learning methods for adaptivetraffic-signal-control. They ""introduce a new model-based method, MuJAM, which, on top of enabling explicit coordination at scale for the first time, pushes generalization further by allowing a generalization to the controllers’ constraints.""","The core of the paper is on optimizing traffic signal control, which is an intrinsic part of transportation.","Despite the fact that it might be true, it is not mentioned in the paper. The authors focus on reinforcement learning methods for adaptivetraffic-signal-control. They ""introduce a new model-based method, MuJAM, which, on top of enabling explicit coordination at scale for the first time, pushes generalization further by allowing a generalization to the controllers’ constraints.""",
,Climate Change Adaptation,N/A,Climate Risks Modeling,N/A,
,The emphasis on handling variable traffic patterns and road network changes aligns with adapting to changing environmental conditions and infrastructure needs.,"Despite the fact that it might be true, it is not mentioned in the paper. The authors focus on reinforcement learning methods for adaptivetraffic-signal-control. They ""introduce a new model-based method, MuJAM, which, on top of enabling explicit coordination at scale for the first time, pushes generalization further by allowing a generalization to the controllers’ constraints.""","The paper indirectly supports adaptation by modeling traffic under varying conditions, akin to risk modeling.","Despite the fact that it might be true, it is not mentioned in the paper. The authors focus on reinforcement learning methods for adaptivetraffic-signal-control. They ""introduce a new model-based method, MuJAM, which, on top of enabling explicit coordination at scale for the first time, pushes generalization further by allowing a generalization to the controllers’ constraints.""",
,,,,,
,,,,,
Optimising Electric Vehicle Charging Station Placement Using Advanced Discrete Choice Models,Climate Change Mitigation,Climate Change Mitigation,Transportation,Transportation,b118a307b9a0bad801a3c95671008452
"The paper focuses on optimizing the placement of electric vehicle (EV) charging stations to increase EV adoption, accounting for budget constraints and user convenience. It utilizes advanced discrete choice models to reflect heterogeneous user preferences and complex substitution patterns. The paper proposes an optimization model that accounts for user classes and develops a bilevel program reformulated into a maximum covering problem for better computational efficiency.","The primary focus is on reducing CO2 emissions by optimizing EV infrastructure, which is a climate change mitigation strategy.",,Transportation is the key sub-category since the paper focuses on electric vehicle infrastructure and its role in reducing emissions from traditional vehicles.,,
,N/A,Climate Change Mitigation,N/A,Renewable Energy and Grid Optimization,
,"The paper primarily focuses on climate change mitigation through transportation optimization. No additional secondary themes of sustainable development, such as adaptation or pollution control, are addressed.",,No other sub-categories besides transportation are significantly discussed in this paper.,,
Predicting the probability distribution of bus travel time to measure the reliability of public transport services,Climate Change Mitigation,N/A,Transportation,N/A,970e576167a6da37405ccaba4d6e71ec
"The paper examines predictive models for estimating the probability distribution of bus travel times to improve reliability in public transport services. It highlights the use of probabilistic models to predict the conditional probability density function of travel times, with a focus on reducing expected secondary delays to enhance service reliability.","The paper's focus on improving public transport reliability addresses issues of urban transportation efficiency, which is crucial for reducing emissions and promoting sustainable transport systems.","Despite the fact that it might be true, it is not mentioned in the paper. ""This work aims at providing tools to measure, and eventually improve, the reliability of one of the outputs of the service planning phase, namely vehicle schedules.""","The paper specifically deals with public transport, including bus schedules and reliability, fitting under the Transportation category for Climate Change Mitigation.","Despite the fact that it might be true, it is not mentioned in the paper. ""This work aims at providing tools to measure, and eventually improve, the reliability of one of the outputs of the service planning phase, namely vehicle schedules.""",
,Climate Change Adaptation,N/A,Climate Risks Modeling,N/A,
,Improving public transport reliability can also be seen as an adaptation measure to reduce urban congestion and increase urban resilience to transportation disruptions.,"Despite the fact that it might be true, it is not mentioned in the paper. ""This work aims at providing tools to measure, and eventually improve, the reliability of one of the outputs of the service planning phase, namely vehicle schedules.""","Although not directly addressed, ensuring reliable public transport can help cities adapt to various climate risks by providing dependable mobility services under changing conditions.","Despite the fact that it might be true, it is not mentioned in the paper. ""This work aims at providing tools to measure, and eventually improve, the reliability of one of the outputs of the service planning phase, namely vehicle schedules.""",
The load planning and sequencing problem for double-stack trains,Climate Change Mitigation,N/A,Transportation,N/A,a9189e022a932a9ea31975cfa6ce64d3
"This paper focuses on the integrated load planning and sequencing problem for double-stack trains at intermodal railway terminals. It aims to optimize the assignment of containers from storage to railcars and improve the loading sequence, reducing container handling by using integer linear programming formulations. The study shows significant efficiencies in operation with potential reductions in container handlings, specifically benefiting gantry cranes and reach stackers.","The paper contributes to reducing carbon emissions by enhancing the efficiency of freight transportation, a significant source of greenhouse gases.","Despite the fact that it might be true, it is not mentioned in the paper.. ""This paper addresses an operational planning problem which consists in selecting a set of containers to be loaded, assigning these containers to specific positions on double-stack railcars (so-called slots) and determining the order in which the containers are retrieved from the stack and placed on the railcars so as to maximize the use of the railcars and minimize the handling effort in the terminal.""","The paper specifically addresses enhancements in freight transportation planning and loading efficiency in rail transport systems, contributing to overall transportation sustainability.","Despite the fact that it might be true, it is not mentioned in the paper.. ""This paper addresses an operational planning problem which consists in selecting a set of containers to be loaded, assigning these containers to specific positions on double-stack railcars (so-called slots) and determining the order in which the containers are retrieved from the stack and placed on the railcars so as to maximize the use of the railcars and minimize the handling effort in the terminal.""",
,N/A,N/A,N/A,N/A,
,The paper does not significantly cover other aspects of Climate or Ecological Sustainable Development outside transportation efficiency.,,The paper does not delve into other sub-categories beyond improving transportation efficiency in rail systems.,,
Global Variations in Event-Based Surveillance for Disease Outbreak Detection: Time Series Analysis,Climate Science,N/A,Climate Risks Modeling,N/A,b1579eca4db7a79c683b4081ebc0af89
"This study evaluates the performance variations of event-based surveillance systems, HealthMap and Epidemic Intelligence from Open Sources (EIOS), in detecting disease outbreaks globally, using influenza as a case. It seeks to identify country-specific factors determining these variations and discusses the implications for public health surveillance, especially in low and middle-income countries.","The closest related field in this context is Climate Science, particularly because the study involves modeling and analysis of data systems like surveillance, which could tangentially connect to prediction systems in climate science.","The paper is about health.""Robust and flexible infectious disease surveillance is crucial for public health.""","The paper aligns with the idea of risks modeling when it deals with outbreak detection and prediction methodologies, although it is not directly related to climate risks.","The paper is about health.""Robust and flexible infectious disease surveillance is crucial for public health.""",
,Support to Global South,N/A,Climate Data,N/A,
,"The paper discusses the need for improved surveillance systems particularly in low and resource-limited settings, which aligns with supporting the Global South in health infrastructure.","The paper is about health.""Robust and flexible infectious disease surveillance is crucial for public health.""","Although the paper doesn't directly deal with climate data, its theme of handling large datasets in the context of public health surveillance has parallels with managing climate data.","The paper is about health.""Robust and flexible infectious disease surveillance is crucial for public health.""",
$\alpha$-ReQ : Assessing Representation Quality in Self-Supervised Learning by measuring eigenspectrum decay,N/A,N/A,N/A,N/A,ace6e2ae7c6934cfcff6a6d82acdd45e
"The paper discusses a method to assess the quality of representations learned by self-supervised learning (SSL) models by analyzing the decay of the eigenspectrum of the feature covariance matrix. It introduces a decay coefficient (α) as a metric to measure representation quality without relying on downstream task-specific labels, providing an efficient and task-agnostic manner for model selection in SSL without explicit evaluation on downstream tasks.",There is no direct association with climate or ecological themes as the paper primarily focuses on machine learning techniques and metrics.,,No specific sub-category relevant to Climate or Ecological Sustainable Development is applicable as the paper's content is solely focused on evaluating machine learning models.,,
,N/A,N/A,N/A,N/A,
,"As the primary focus is on machine learning efficiency and evaluation methods, there are no other climate or ecological impacts indirectly discussed.",,The paper does not address any sub-category within the provided climate or ecological sustainable development themes.,,
$\textbf{A}^2\textbf{CiD}^2$: Accelerating Asynchronous Communication in Decentralized Deep Learning,N/A,N/A,N/A,N/A,b2cf43eb76a11d024e50a44d3b425ebf
"This paper introduces A2CiD2, a novel asynchronous, randomized, gossip-based optimization algorithm designed to improve communication efficiency in decentralized deep learning. The method enables decentralized asynchronous communication among multiple workers in a decentralized setting, significantly reducing communication costs without compromising computational efficiency. The paper provides both theoretical analysis and empirical evaluations to prove the accelerated computational rates.",The paper does not address issues related to climate or ecological sustainable development. Its focus is on improving computational efficiency in decentralized deep learning.,,"Since the paper does not address any specific areas of climate or ecological sustainable development, no sub-category is applicable.",,
3D Infomax improves GNNs for Molecular Property Prediction,N/A,N/A,N/A,N/A,ba28551d624441481dcc4d9e127f5f65
"The paper introduces a method called 3D Infomax, which enhances Graph Neural Networks (GNNs) for molecular property prediction. It addresses the challenge posed by the lack of scalable access to 3D molecular structures by pre-training models using existing 3D datasets to infer 3D geometric information from 2D molecular graphs. The effectiveness of the method is demonstrated across various molecular tasks, including predicting quantum mechanical properties, with significant improvements over existing methods.","Since the paper primarily addresses computational advancements in molecular prediction using GNNs, it does not directly fit into any specific climate or ecological sustainable development category.",,The paper does not align with any predefined sub-categories related to climate or ecological sustainable development.,,
,N/A,N/A,N/A,N/A,
,Secondary categories are also not applicable as the paper remains focused on computational deep learning advancements without a direct application to sustainable development areas.,,"There are no secondary sub-categories applicable, as the primary focus is not aligned with climate or ecological sustainable development themes.",,
A Conceptual Framework for Representing Events Under Public Health Surveillance,N/A,N/A,N/A,N/A,be88490dbcbf62555869669174a9aedb
"The paper proposes a conceptual framework to improve integration across multiple event-based surveillance (EBS) systems in public health. It addresses the lack of a common framework for encoding data, which is essential for semantic interoperability and improved disease outbreak detection. The framework aims to represent events and related concepts clearly to facilitate better alignment among EBS systems.",The central theme of this paper is public health surveillance rather than any aspect of Climate or Ecological Sustainable Development.,,"Given that the paper does not primarily address any sub-category related to Climate or Ecological Sustainable Development, it is classified as N/A.",,
,N/A,N/A,N/A,N/A,
,"As the primary focus is not on Climate or Ecological Sustainable Development, there aren't any relevant secondary categories to be identified.",,No secondary sub-categories are relevant as the paper's focus is outside the scope of Climate or Ecological Sustainable Development.,,
A Diffusion-Model of Joint Interactive Navigation,N/A,N/A,N/A,N/A,9b825089295cf52a1b632b861a9c21be
"This paper introduces DJINN, a diffusion-based model that generates joint traffic scenarios for autonomous vehicles by diffusing the trajectories of all agents involved. The model allows for various conditional distributions and flexible conditioning at test-time, which include goal-based sampling, behavior-class sampling, and scenario editing. By focusing on a joint agent state representation, the model aims to enhance the realism and variety of simulated traffic scenarios, particularly to include rare safety-critical events that are crucial for autonomous vehicle simulations.","The paper does not directly address any specific aspect of climate or ecological sustainable development nor does it focus on reducing emissions, enhancing energy efficiency, or protecting natural systems.",,The sub-categories listed do not align with the paper's focus on enhancing autonomous vehicle simulation through advanced scenario generation.,,
,N/A,N/A,N/A,N/A,
,No secondary sustainable development categories are directly relevant according to the given classification framework.,,The focus of the paper remains on traffic simulation techniques rather than any sustainable development measures.,,
A General Framework For Proving The Equivariant Strong Lottery Ticket Hypothesis,N/A,N/A,N/A,N/A,965bca4005842fde8d890aed6d066803
"The paper introduces a framework to prove the existence of strong lottery tickets (SLTs) for general equivariant networks, allowing approximation of G-equivariant networks by pruning overparameterized ones. This work extends previous hypotheses from dense networks to more general equivariant architectures, including CNNs and permutation equivariant networks, by analyzing mathematical properties and conducting experiments for theory validation.","The paper focuses on a deep learning hypothesis related to neural networks' structure and efficiency, not directly related to any specific climate or ecological sustainable development area.",,"The paper does not align with any sub-category specific to climate or ecological sustainability, as it addresses mathematical properties of neural network pruning.",,
,N/A,,N/A,,
,"There is no substantial discussion related to climate or ecological implications, only potential computational efficiencies.",,The content does not deal with secondary climate or ecological sustainable development categories as it is primarily a theoretical paper.,,
A Group Symmetric Stochastic Differential Equation Model for Molecule Multi-modal Pretraining,N/A,N/A,N/A,N/A,bb3937a171ebee00c913943508ebb1bb
"The paper introduces MoleculeSDE, a group symmetric stochastic differential equation model for molecule multi-modal pretraining. It aims to improve AI-based drug discovery by leveraging both 2D topological graphs and 3D geometric point clouds in molecule representation. The model maximizes mutual information between these modalities to enhance molecular representation capabilities and outperform existing methods in various downstream tasks.","The paper primarily contributes to the field of molecular modeling and drug discovery, which, while significant for pharmaceutical sciences and potentially beneficial for health and well-being, does not directly align with the central goals of Climate or Ecological Sustainable Development.",,"None of the listed sub-categories match the focus of this paper, which revolves around molecular multi-modal pretraining techniques for drug discovery.",,
,N/A,N/A,N/A,N/A,
,There is no direct mention or implication of Climate or Ecological Sustainable Development themes beyond indirect benefits that might arise from improved drug discovery technologies.,,The detailed methodologies and applications in this paper do not align with any specific sub-category related to Climate or Ecological Sustainable Development.,,
A Kernel Perspective on Behavioural Metrics for Markov Decision Processes,N/A,N/A,N/A,N/A,bc17313a686cf5f86daece796090aa5b
"The paper introduces a kernel-based approach to behavioural metrics in reinforcement learning, specifically in Markov Decision Processes. It provides a novel metric that is equivalent to the MICo distance, demonstrates theoretical properties, and shows practical applications in reinforcement learning.","The paper primarily focuses on theoretical developments in machine learning for reinforcement learning, which does not have a direct linkage to Climate or Ecological Sustainable Development themes.",,"The paper does not align with any sub-category under Climate or Ecological Sustainable Development as it focuses on reinforcement learning and kernel methods, which are technical areas unrelated to the given sustainable development categories.",,
,N/A,N/A,N/A,N/A,
,The paper is highly specialized in machine learning concepts and does not address secondary Climate or Ecological Sustainable Development themes.,,"There are no secondary sub-categories in Climate or Ecological Sustainable Development that the paper addresses, as it remains within the scope of reinforcement learning and behavioral metrics.",,
A Novel Deep Multi-head Attentive Vulnerable Line Detector,N/A,N/A,N/A,N/A,ba1b5706019822691fca883fa724e3a4
"This paper presents a new deep learning approach aimed at detecting vulnerabilities in software at the line-of-code level. The authors propose a hybrid neural network that combines memory network and multi-head attention mechanisms, showcasing significant improvements over existing methods in identifying specific code vulnerabilities. Despite not being directly related to Climate or Ecological Sustainable Development, this paper focuses on software vulnerability detection, improving security and efficiency in software systems.",The paper does not align with any of the specific Climate or Ecological Sustainable Development categories and focuses on software engineering improvements instead.,,No sub-category of Climate or Ecological Sustainable Development is relevant to the paper's focus on software vulnerability detection.,,
,N/A,N/A,N/A,N/A,
,No secondary Climate or Ecological Sustainable Development categories apply as the paper does not address these issues.,,There are no relevant secondary sub-categories of Climate or Ecological Sustainable Development applicable to this paper.,,
A Novel Stochastic Gradient Descent Algorithm for LearningPrincipal Subspaces,N/A,N/A,N/A,N/A,ac2dfd28515942f715c82b27dd23dc8c
"The paper introduces an algorithm for learning principal subspaces from large matrices using a novel stochastic gradient descent method. The proposed Danskin-LISSA algorithm estimates principal subspaces by minimizing information loss from sample entries, which is scalable and aligns with applications in machine learning, such as reinforcement learning and image processing.","The paper focuses on a generalized deep learning algorithm, which while applicable to various domains, does not directly link to Climate or Ecological Sustainable Development.",,"As the paper does not focus on Climate or Ecological Sustainable Development directly, it does not fit into any specific sub-category related to sustainable efforts listed.",,
A Probabilistic Framework for Mutation Testing in Deep Neural Networks,N/A,N/A,N/A,N/A,b78e6c4793e779bd7e22ef55453ee2c6
"This paper addresses the challenges of Mutation Testing in Deep Neural Networks (DNNs) by proposing a Probabilistic Mutation Testing (PMT) approach. The approach adapts traditional mutation testing techniques to account for the stochasticity in DNN training, ensuring more consistent and reliable test results. The paper evaluates this framework using different models and mutation operators, comparing it to existing methods, and provides insights on reducing the inconsistency and flakiness of previous methodologies.","The paper's focus is on the methodology of software testing for deep learning systems, without a direct or significant connection to climate or ecological sustainability.",,No sub-category fits as the central topic revolves around deep learning system testing rather than sustainability.,,
,N/A,N/A,N/A,N/A,
,There are no secondary themes related to climate or ecological sustainability in the paper.,,The paper does not address any secondary climate or ecological sustainability related sub-categories.,,
"A Unified, Scalable Framework for Neural Population Decoding",N/A,N/A,N/A,N/A,9754013aeea4782083e677e7675dec43
"This paper presents a scalable framework named POYO for decoding neural population activities using deep learning. By introducing a novel tokenization scheme and utilizing PerceiverIO architecture, the framework allows for efficient training on large-scale datasets with diverse neural recordings. The model achieves high accuracy in predicting neural activities and can be easily adapted to new sessions. It facilitates large-scale pretraining for building generalizable neural decoding models applicable to brain-machine interfaces.","The paper does not focus on climate or ecological sustainability, as it discusses advancements in neural data analysis methods and machine learning techniques.",,The paper does not cover any sub-category related to environmental or ecological sustainability.,,
,N/A,N/A,N/A,N/A,
,No secondary theme of the paper discusses sustainability or ecological concerns.,,No coverage of secondary sub-categories related to sustainability is present in the paper.,,
A framework for fair decision-making over time with time-invariant utilities,N/A,N/A,N/A,N/A,d7d3395e81a4d64babd5c42f515f0351
"The paper presents a mathematical programming framework focused on fairness in repeated decision-making scenarios involving multiple stakeholders. The framework addresses fairness by providing a mathematical structure that allows the aggregation of stakeholder utility over time and proposes a strong reformulation to aid computational efficiency. The context includes general decision-making problems beyond resource allocation, emphasizing repeated decisions as a means to reduce unfairness. Additionally, the paper discusses techniques for solving these problems and insights into achieving fairness.",The central theme of the paper focuses on fairness in decision-making and does not align directly with any predefined Climate or Ecological Sustainable Development category.,,There are no specific sub-categories aligned with the paper's focus on fairness in decision-making.,,
,N/A,N/A,N/A,N/A,
,The paper's primary focus does not cover themes linked to secondary Climate or Ecological Sustainable Development categories.,,No relevant sub-categories from the Climate or Ecological Sustainable Development list apply to the paper about fairness in decision-making.,,
A general class of surrogate functions for stable and efficient reinforcement learning,N/A,N/A,N/A,N/A,d174480f9b2cfe5d2e75095856ac3a59
"The paper proposes a framework called Functional Mirror Ascent for Policy Gradient (FMA-PG) that enables policy gradient methods in reinforcement learning to have strong theoretical guarantees for policy improvement, regardless of the policy parameterization. This framework generates a family of surrogate functions that provide these guarantees by using mirror ascent in the functional space of policies. The work includes theoretical contributions as well as experimental evaluations in various reinforcement learning tasks.","The paper's focus is on generic reinforcement learning frameworks, which do not directly address any climate change or ecological sustainability applications.",,The sub-category is not applicable as the paper does not focus on climate or sustainability applications.,,
,N/A,N/A,N/A,N/A,
,There are no secondary themes related to climate or ecological sustainable development in the paper's content.,,There are no relevant sub-categories applicable to the focus of this paper.,,
A machine learning framework for neighbor generation in metaheuristic search,N/A,N/A,N/A,N/A,b52d6d7280b0b9705881bd02039488fb
"The paper presents a machine learning framework for neighbor generation in metaheuristic search, aiming to solve combinatorial optimization problems. It describes an efficient neighborhood structure using a transformation applied to selected subsets of variables. The methodology trains models to predict variable selections for promising solution neighbors based on structural information and problem characteristics. It is validated on two applications: Tabu Search for Wireless Network Optimization and Large Neighborhood Search for Mixed-Integer Programs.",The primary focus of the paper is on machine learning and combinatorial optimization techniques rather than climate or ecological sustainable development.,,The paper does not align with any specific climate or ecological sustainable development sub-categories as its focus is on optimization techniques in a technical context unrelated to sustainable development.,,
,N/A,N/A,N/A,N/A,
,The paper does not directly address any secondary climate or ecological sustainable development categories.,,There are no secondary subcategories that align with the paper's contents which are technical and specific to combinatorial optimization and machine learning applications.,,
,,,,,
,,,,,
A model-free approach for solving choice-based competitive facility location problems using simulation and submodularity,N/A,N/A,N/A,N/A,a95110e73cedeae96c2fbba7f64b8642
"This paper introduces a model-free approach for solving competitive facility location problems by reformulating the problem as a maximum covering location problem. It uses simulation to approximate preference profiles and submodular cuts to optimize the location of facilities to maximize market share. The approach does not rely on restrictive assumptions about customer utility functions, making it versatile for different customer behavior models. Computational experiments demonstrate that this method can outperform existing heuristics and exact methods, especially for large instances.",The paper does not deal with direct climate or ecological issues but rather focuses on optimization techniques for facility location problems. There is no primary sustainable development category that this paper aligns with.,,"The sub-categories related to climate or ecological sustainable development do not apply to the focus of this paper, which is on facility location optimization methods.",,
,N/A,N/A,N/A,N/A,
,"Since the primary focus is not on sustainable development, there are no secondary categories relevant to climate or ecology.",,There are no applicable secondary sub-categories related to climate or ecological sustainable development.,,
A parsimonious description of global functional brain organization in three spatiotemporal patterns,N/A,N/A,N/A,N/A,ece4347f1f07f83f96f73046942e530c
"The paper explores the intrinsic functional brain organization through advanced neuroimaging techniques, specifically focusing on how complex brain activities can be reduced to three fundamental spatiotemporal patterns. Through systematic surveys and analysis of resting-state fMRI data, the study identifies and characterizes these patterns, exploring their consistency across different analytic methods and their relation to previously observed phenomena in intrinsic brain activity.","The paper primarily discusses neurological patterns and brain function organization, which do not directly relate to any predefined categories of Climate or Ecological Sustainable Development.",,The paper does not align with the Climate or Ecological Sustainable Development sub-categories since it focuses on brain function rather than environmental topics.,,
,N/A,N/A,N/A,N/A,
,There is no focus on additional topics that intersect with Climate or Ecological Sustainable Development in the context of this paper.,,There is no secondary focus or aspect of Climate or Ecological Sustainable Development addressed.,,
A rapid review for developing a co-design framework for a pediatric surgical communication application,N/A,N/A,N/A,N/A,a8606e984c516f1b3631d0d118513def
"This paper presents a rapid review aimed at developing a co-design framework for a pediatric surgical communication application. The review synthesizes existing studies on co-design in the context of mobile health applications, emphasizing participatory design involving end-users, particularly for pediatric care. The study outlines methods, stakeholder involvement, and the potential impact of co-design on mobile health application successes.",The subject of the paper does not align with the predefined categories related to Climate or Ecological Sustainable Development as it focuses on healthcare communication technologies.,,The research is not focused on any sub-category related to Climate or Ecological Sustainable Development.,,
,N/A,N/A,N/A,N/A,
,There are no secondary themes related to Climate or Ecological Sustainable Development addressed in this paper.,,No sub-categories of Climate or Ecological Sustainable Development are addressed.,,
A*Net: A Scalable Path-based Reasoning Approach for Knowledge Graphs,N/A,N/A,N/A,N/A,9cb5ea5e4b93ef0be0919e60e5e0c2ca
"The paper introduces A*Net, a scalable path-based reasoning method for knowledge graphs, inspired by the A* algorithm. A*Net uses a neural priority function to efficiently select important paths, reducing training and inference time while maintaining competitive performance compared to state-of-the-art methods. It shows significant improvements in scalability, handling million-scale datasets with reduced resource usage. A*Net also enhances interpretability by capturing important paths for reasoning.",There is no direct mention or focus on climate or ecological sustainable development themes within the paper. It focuses on scalability in reasoning over knowledge graphs.,,The paper does not relate to any predefined sub-categories of climate or ecological sustainable development. It centers on artificial intelligence scalability methods.,,
,N/A,N/A,N/A,N/A,
,The paper does not cover secondary climate or ecological sustainability themes. Its central theme revolves around computational efficiency in knowledge graph reasoning.,,"The focus of the paper is singularly on AI and knowledge graph reasoning, without addressing any climate or ecological sustainability sub-categories.",,
ASHA: Assistive Teleoperation via Human-in-the-Loop Reinforcement Learning,N/A,N/A,N/A,N/A,c1241147dab9dd2fd978aa49cdbd82b3
"The paper introduces a hierarchical reinforcement learning approach called ASHA for assistive teleoperation, which adapts a user interface to infer actions from high-dimensional, noisy inputs like gaze from webcam images. It focuses on optimizing user feedback to guide a robot through tasks such as flipping light switches, opening doors, and rotating valves using gaze input to control a robotic arm.",The paper's focus on assistive teleoperation and human-robot interfaces does not directly align with any specified categories in climate or ecological sustainable development.,,The subcategories applicable to climate or ecological sustainability are not relevant to this paper focused on assistive robotics.,,
,N/A,N/A,N/A,N/A,
,There are no secondary sustainable development themes addressed as the primary focus is on assistive technology and reinforcement learning for improving teleoperation interfaces.,,"As the paper does not cover any areas pertaining to ecological or climate sustainability, there are no applicable sub-categories.",,
Adaptive Discrete Communication Bottlenecks with Dynamic Vector Quantization,N/A,N/A,N/A,N/A,b1c24816775686fb555d90aa13dd5df2
"The paper proposes a method called Dynamic Vector Quantization (DVQ) that dynamically selects the tightness of communication bottlenecks in neural networks. This approach aims to adaptively regulate the number of discrete codes and codebook size based on input complexity, enhancing model generalization and performance in tasks like visual reasoning and multi-agent reinforcement learning. By integrating key-query attention and Gumbel-softmax, the method improves communication efficiency among model components and agents, compared to fixed bottleneck vector quantization methods.","The paper does not focus directly on any specific area of climate or ecological sustainable development. Instead, it deals with a methodological innovation in machine learning that could potentially be applied to various fields, including but not limited to sustainable development. However, without a direct connection made in the paper, it does not fit neatly into one of the predefined categories.",,The paper's focus on dynamic vector quantization and its application to neural network communication does not align directly with any existing sustainable development sub-categories. Its potential indirect applications do not provide sufficient grounds to classify it under a predefined sub-category.,,
,N/A,N/A,N/A,N/A,
,"Since the primary category is marked as N/A due to lack of direct focus on climate or ecological sustainable development, there are no secondary categories that apply.",,"As the paper does not directly address climate or ecological sustainability themes, the sub-categories are marked as N/A.",,
Advanced Diffusion MR Imaging for Multiple Sclerosis in the Brain and Spinal Cord,N/A,N/A,N/A,N/A,d7823ac91cf6175d8db350b72544b8dd
"The paper reviews recent advances in diffusion MRI techniques for evaluating multiple sclerosis in the brain and spinal cord, focusing on new imaging methods such as q-space imaging, diffusional kurtosis imaging, and neurite orientation dispersion and density imaging. These methods aim to capture microstructural changes in normal and pathological states of the brain and spinal cord with greater detail than conventional methods.","The focus of the paper is on medical imaging technology for multiple sclerosis, which does not directly address any ecological or climate-related sustainable development goals.",,The paper does not fit into any of the listed sub-categories as it is primarily concerned with medical imaging for a neurological condition.,,
,N/A,N/A,N/A,N/A,
,"Since the paper does not address climate or ecological sustainability, there are no secondary categories related to climate or ecological sustainable development.",,There are no sub-categories that relate to the themes of this paper since it does not address climate or ecological sustainability.,,
Ageism and Artificial Intelligence: Protocol for a Scoping Review,N/A,N/A,N/A,N/A,94ffb83e370f398cfde9f09fb66ad2a1
"This paper outlines a scoping review protocol to explore how age-related biases are encoded or amplified in AI systems. It also examines the societal, legal, and ethical implications of such biases. The review will be conducted by searching multiple databases for relevant literature, analyzing the data, and disseminating findings to stakeholders. The ultimate goal is to provide insights into the extent of digital ageism and encourage multisectoral cooperation to address it.","The paper does not focus on climate or ecological sustainable development but instead on digital ageism within AI systems, which falls outside the predefined categories for climate and ecological sustainability.",,The subject area of ageism and AI bias is not related to any specific sub-category within sustainable development in climate or ecology.,,
,N/A,N/A,N/A,N/A,
,There are no climate or ecological sustainable development themes addressed in the paper beyond ageism in AI.,,"Focus is exclusively on age-related bias in AI, which does not pertain to any additional climate/ecological sub-categories.",,
,,,,,
,,,,,
An Empirical Survey of the Effectiveness of Debiasing Techniques for Pre-trained Language Models,N/A,N/A,N/A,N/A,dcff35f5d66d7ac81fa4e9f3e3df8a08
The paper evaluates the effectiveness of five debiasing techniques designed to mitigate social biases in pre-trained language models. It assesses these techniques across various intrinsic bias benchmarks and examines their impact on language modeling and downstream natural language understanding task performance.,The paper does not focus on any aspects related to Climate or Ecological Sustainable Development.,,"The study's primary focus is on mitigating social biases in language models, which does not relate to any predefined Climate or Ecological Sustainable Development sub-categories.",,
,,,,,
,,,,,
An Online Newton’s Method for Time-Varying Linear Equality Constraints,N/A,N/A,N/A,N/A,9efa16bb907f6080bb2c7cecfb43e56f
"This paper presents the Online Projected Equality-constrained Newton Method (OPEN-M), which addresses online optimization problems with time-varying linear equality constraints. It aims to achieve sublinear dynamic regret and constraint violation bounds, outperforming existing algorithms in applications like network flow control.",The paper primarily focuses on mathematical optimization techniques rather than directly addressing sustainability goals.,,"No specific sub-category under Climate or Ecological Sustainable Development directly fits the content of this paper, which is more aligned with optimization theory.",,
,N/A,N/A,N/A,N/A,
,The paper does not directly address secondary climate or ecological sustainable development themes.,,"The paper is focused on an optimization algorithm, not on sustainability themes that fit the listed sub-categories.",,
Annotation Cost-Sensitive Deep Active Learning with Limited Data (Student Abstract),N/A,N/A,N/A,N/A,cdda21b030792168055b29c8fa594f02
"This paper explores a deep learning approach to active learning in the context of biomedical imaging, where the cost of annotation is significant. It focuses on reducing the labeling cost by considering and learning annotation costs during active learning. The study leverages a classification task using the MNIST dataset to simulate the process and proposes methods to balance the annotation cost and model accuracy.","The main focus of the paper is on the technical development of active learning and cost reduction in biomedical imaging, which does not align with any specific Climate or Ecological Sustainable Development category.",,"There is no specific sub-category related to Climate or Ecological Sustainable Development addressed in this paper, as it primarily discusses machine learning and annotation costs in biomedical imaging.",,
,N/A,N/A,N/A,N/A,
,"Secondary themes related to Climate or Ecological Sustainable Development are not present in the paper, as it is focused on machine learning techniques in biomedical contexts.",,The paper does not cover specific sub-categories related to Climate or Ecological Sustainable Development since its focus lies in reducing annotation costs for machine learning applications in biomedicine.,,
Aperiodic brain activity and response to anesthesia vary in disorders of consciousness,N/A,N/A,N/A,N/A,b1801afe885ab795c1fb420f3caa2b17
"This study investigates the aperiodic EEG component of individuals in a disorder of consciousness and examines how this component changes in response to anesthesia. The research highlights the diagnostic and prognostic potential of the aperiodic EEG component in assessing consciousness levels, especially relevant in cases without oscillatory EEG peaks.","The paper's content is primarily related to neuroscience and medical research related to consciousness, with no direct correlation to any climate or ecological sustainable development goals.",,The specific subject area of the paper is not related to climate or ecological development sub-categories defined here.,,
,N/A,N/A,N/A,N/A,
,The article does not discuss or cover secondary themes related to climate or ecological sustainable development.,,There are no secondary sub-categories related to climate or ecological sustainable development covered in the paper.,,
Application of AI in community based primary health care: Systematic review and critical appraisal,N/A,N/A,N/A,N/A,95afcdafbaf46d9754429180a21678ee
"This paper conducts a systematic scoping review to identify and evaluate studies involving AI interventions in community-based primary health care. It focuses on examining the AI methods used, such as machine learning and natural language processing, and their applications, such as diagnosis and surveillance in the healthcare context.",The paper's focus on AI in primary healthcare does not directly align with any specific Climate or Ecological Sustainable Development category. The content is more related to healthcare systems which is outside the scope of the specified categories relating to climate and ecological impacts.,,"Given that the primary focus of the paper is on applications of AI in community-based healthcare rather than directly addressing any climate or ecological issues, there is no applicable sub-category.",,
,,,,,
,,,,,
Application of Artificial Intelligence in Shared Decision Making: Scoping Review,N/A,N/A,N/A,N/A,a60c33e1c847d9b7413d9299f9b384b9
"This paper is a scoping review that investigates how artificial intelligence (AI) is used in shared decision making within healthcare contexts. The paper maps out the existing uses of AI to facilitate shared decision-making processes between healthcare providers and patients, highlights the current state of research in this area, and identifies future research needs.","The central theme is the application of AI in healthcare shared decision making, which is not directly related to any Climate or Ecological Sustainable Development category.",,No sub-category aligns with the theme of AI in healthcare decision-making mechanisms.,,
,N/A,N/A,N/A,N/A,
,There is no discussion or implicit indication of any relation to Climate or Ecological Sustainable Development even in a secondary context.,,This review does not pertain to any secondary sub-categories related to Climate or Ecological Sustainable Development.,,
Approximate minimization of weighted tree automata,N/A,N/A,N/A,N/A,b83671b11b0e75af5952a5f82cb22576
"This paper investigates the approximate minimization problem for weighted tree automata, focusing on constructing a smaller automaton that recognizes a good approximation of a given weighted tree language. The authors introduce a canonical form for weighted tree automata called singular value tree automata and propose iterative methods to compute this form.","The content does not align with any of the Climate or Ecological Sustainable Development categories, as it is focused on theoretical computer science rather than environmental or ecological applications.",,"As there is no relevance to Climate or Ecological Sustainable Development, no sub-category is applicable.",,
,N/A,N/A,N/A,N/A,
,There are no secondary themes related to Climate or Ecological Sustainable Development in this paper.,,There are no discussions pertaining to other sub-categories related to Climate or Ecological Sustainable Development.,,
Are Diffusion Models Vision-And-Language Reasoners?,N/A,N/A,N/A,N/A,9ab1139a5d503b8215018452aa8e6276
"This paper explores the capabilities of text-conditioned diffusion models, particularly Stable Diffusion, in vision-and-language reasoning tasks. The authors introduce DiffusionITM, a novel methodology for using diffusion models to evaluate image-text matching tasks. The study evaluates performance on complex benchmarks and compares it with existing models like CLIP. It further investigates bias in Stable Diffusion versions 1.5 and 2.1, noting improvements in reducing bias. The study also introduces the GDBench benchmark for comprehensive evaluation of image generation models.","The paper's content is focused on the technological and methodological enhancement of diffusion models for vision-and-language tasks, without a direct connection to Climate or Ecological Sustainable Development.",,There is no application of the discussed methodologies or technologies in a climate or ecological context in the paper.,,
,N/A,N/A,N/A,N/A,
,"Similarly, the paper doesn't address any secondary Climate or Ecological Sustainable Development themes in its exploration of diffusion models.",,"The paper strictly discusses vision-and-language reasoning and bias evaluation in diffusion models, which does not relate to any ecological or climate-specific sub-categories.",,
Aspirations and Practice of ML Model Documentation: Moving the Needle with Nudging and Traceability,N/A,N/A,N/A,N/A,9644edafaac2d1b85b0f35c802db0204
"This paper investigates the current practices of documenting machine learning models through model cards and highlights the gap between proposed best practices and actual implementations. The authors designed a tool called DocML to encourage better documentation by nudging data scientists towards more comprehensive model cards. The study reveals the challenges and potential improvements in the documentation of ML models, focusing on ethical considerations, model scope, and accountability.","There is no direct mention or focus on climate or ecological sustainable development categories throughout the paper, as it primarily deals with the technical aspects of ML model documentation practices.",,"The sub-category of the paper does not match any predefined Climate or Ecological Sustainable Development sub-categories as it focuses on ML documentation, not sustainability issues.",,
,N/A,N/A,N/A,N/A,
,The paper does not address any secondary themes related to climate or ecological sustainable development.,,"Since the paper does not engage with secondary Climate or Ecological Sustainable Development sub-categories, none can be assigned.",,
Assessing Intrapartum Risk of Hypoxic Ischemic Encephalopathy Using Fetal Heart Rate With Long Short-Term Memory Networks,N/A,N/A,N/A,N/A,a2b51b0e53e213821a8b6cba582c2104
"This paper investigates the prediction of the risk of hypoxic ischemic encephalopathy (HIE) using fetal heart rate (FHR) data and long short-term memory (LSTM) networks. The study focuses on using cardiotocography (CTG) records to predict HIE risk in newborns during labor. The paper discusses the method of data preprocessing, classification experiments, and the performance of the predictive model.","The paper's focus is on medical application using deep learning techniques, which does not align with any climate or ecological sustainable development category listed.",,There is no sub-category within the predefined climate or ecological sustainable development list that fits the medical applications discussed in this paper.,,
Assessing the Quality of Direct-to-Consumer Teleconsultation Services in Canada,N/A,N/A,N/A,N/A,b2eb7909e980575d27976d18b9f4e92c
"The study describes and evaluates the quality of direct-to-consumer medical teleconsultation platforms across Quebec, Ontario, and British Columbia, using a modified version of the HONcode principles. The paper examines the heterogeneity in the quality of these platforms and how they integrate with Canada's universal healthcare system.",The paper does not address Climate or Ecological Sustainable Development themes.,,"There is no sub-category that aligns with the themes of the paper, which focuses on healthcare teleconsultation.",,
Asymmetry in the complexity of the multi-commodity network pricing problem,N/A,N/A,N/A,N/A,959281d0b5bd180e131a92637ae68d48
"The paper investigates the complexity of the Multi-Commodity Network Pricing Problem (MC-NPP) in relation to two parameters: the number of tolled arcs and the number of commodities. It establishes that the problem can be solved in polynomial time when the number of tolled arcs is fixed, despite being NP-hard otherwise. The paper introduces a novel property called 'strong bilevel feasibility' and develops an algorithm for generating valid inequalities to solve the MC-NPP more effectively.",The paper does not primarily address themes related to Climate or Ecological Sustainable Development. It focuses on the complexity and mathematical modeling of a pricing problem within network theory.,,The content of the paper does not fit into any sub-category related to Climate or Ecological Sustainable Development as it primarily deals with mathematical models and algorithms for network pricing.,,
,N/A,N/A,N/A,N/A,
,"Since the primary focus of the paper is on operations research and network optimization, it does not align with any secondary Climate or Ecological Sustainable Development categories.",,The paper's examination of network pricing problem's complexity does not relate to any specific sub-categories within Climate or Ecological Sustainable Development topics.,,
"Autism incidence and spatial analysis in more than 7 million pupils in English schools: a retrospective, longitudinal, school registry study.",N/A,N/A,N/A,N/A,c61f008bea18cb337da47cd46d836e36
"This study investigates the incidence of autism in English schools from 2014-2017, examining how geography, socioeconomic factors, and ethnic backgrounds influence autism diagnosis and the accessibility of diagnostic services.","The paper concentrates on health access and autism diagnostics, without direct links to Climate or Ecological Sustainable Development, which are unrelated to the paper's core focus.",,The paper does not specifically fit into any of the sub-categories listed under Climate or Ecological Sustainable Development.,,
,N/A,N/A,N/A,N/A,
,"Since the paper does not address multiple Climate or Ecological Sustainable Development areas, it does not have relevant secondary categories.",,"As the paper does not address multiple relevant areas within the framework of Climate or Ecological Sustainable Development, secondary sub-categories are not applicable.",,
BARVINN: Arbitrary Precision DNN Accelerator Controlled by a RISC-V CPU,N/A,N/A,N/A,N/A,c2a7365a0c1362d778d28ad94ca372e4
"BARVINN is a deep neural network (DNN) accelerator designed for arbitrary precision computations, controlled by an embedded RISC-V CPU, and implemented on FPGA platforms for efficiency. It facilitates scalable throughput and programmable configurations without requiring hardware reconfiguration, making it versatile for various DNN models at different quantization levels. The project is open-source and aims to optimize low-power operations while maintaining high precision performance.",The paper is predominantly focused on the technical implementation of a DNN accelerator and does not directly align with any listed category within Climate or Ecological Sustainable Development.,,"The sub-categories listed do not pertain to the technological scope described in the paper, which focuses on hardware acceleration without specific relation to sustainable development.",,
,N/A,N/A,N/A,N/A,
,There are no secondary themes within the context of Climate or Ecological Sustainable Development discussed in the paper.,,No sub-category related to Climate or Ecological Sustainable Development is relevant to the content of the paper.,,
BamQuery: a proteogenomic tool to explore the immunopeptidome and prioritize actionable tumor antigens,N/A,N/A,N/A,N/A,c90a46df1432faa688b89c8f833db0a8
"The paper presents BamQuery, a computational tool designed for the annotation-independent, genome-wide assessment of RNA expression onto MHC-I-associated peptides (MAPs) from RNA-sequencing data. It aids in identifying and mapping peptides derived from both canonical and non-canonical genomic regions, potentially improving the identification of tumor antigens for cancer immunotherapy.",The paper does not address topics related to Climate or Ecological Sustainable Development explicitly _  it focuses on cancer research and computational biology.,,The paper is unrelated to specific sub-categories of Climate or Ecological Sustainable Development as it is focused on immunopeptidomic analysis for cancer research.,,
,N/A,N/A,N/A,N/A,
,There are no additional references to Climate or Ecological Sustainable Development in the secondary implications of the paper.,,No secondary sub-categories relevant to Climate or Ecological Sustainable Development are present in the paper.,,
Behind the Machine's Gaze: Neural Networks with Biologically-inspired Constraints Exhibit Human-like Visual Attention,N/A,N/A,N/A,N/A,b0a3b9cfeb4321af1625fd1678f10bf7
"The paper develops a Neural Visual Attention (NeVA) algorithm that imposes biologically-inspired foveated vision constraints on neural networks, enabling them to create human-like visual scanpaths without explicit training. NeVA leverages task-driven cues to guide the attention mechanism, aiming to simulate human visual attention dynamics. The algorithm is evaluated on its performance in replicating human scanpaths and its applicability in resource-constrained scenarios.",The primary focus of the paper does not align with any Climate or Ecological Sustainable Development category. It is primarily concerned with human visual attention modeling through biologically-inspired neural networks.,,"The paper does not fit any specific sub-category related to Climate or Ecological Sustainable Development, focusing instead on neural network models and visual attention.",,
Better Modeling the Programming World with Code Concept Graphs-augmented Multi-modal Learning,N/A,N/A,N/A,N/A,b78438419359e4be99e3e7fd21c81579
The paper investigates the enhancement of existing pretrained language models of code by integrating them with a graph neural network using concept graphs. The primary focus is on leveraging high-level relationships between domain concepts through multi-modal learning. Preliminary evaluations show an improvement in code search tasks.,The paper does not address any specific climate or ecological sustainable development category directly. It is centered around software engineering and multi-modal learning for code modeling.,,There are no applicable sub-categories related to climate or ecological sustainable development themes as the paper deals with software engineering innovations.,,
,N/A,N/A,N/A,N/A,
,There are no secondary climate or ecological sustainable development themes in the paper. The focus is solely on software engineering and code modeling.,,No secondary sustainable development sub-categories are relevant as the paper is purely focused on software learning methodologies.,,
Better Quality Pre-training Data and T5 Models for African Languages,N/A,N/A,N/A,N/A,abb3dbeca112b381a60a15d91ba81bf8
"This paper discusses the importance of enhancing the quality of pretraining data in multilingual language models, particularly for low-resource African languages. It introduces a new multilingual pretraining corpus for 16 African languages by auditing and improving existing corpora. The new T5-based model demonstrates superior performance in NLP tasks, highlighting the role of data quality in pretraining language models.",The content of the paper does not directly address any Climate or Ecological Sustainable Development categories.,,No specific sub-category related to Climate or Ecological Sustainable Development is applicable to the paper's content.,,
Beyond Mahalanobis Distance for Textual OOD Detection,N/A,N/A,N/A,N/A,c03d2fa24c17c22bce717775bfec67cf
"The paper introduces TRUSTED, a new out-of-distribution (OOD) detector for classifiers based on Transformer architectures. It focuses on textual data and aims to improve OOD detection by leveraging information from all hidden layers of neural networks and employing a novel data depth-based similarity score. The paper demonstrates that TRUSTED achieves state-of-the-art performance in OOD detection across various configurations.",The paper does not explicitly address climate or ecological sustainable development themes. It primarily focuses on technical advancements in machine learning and NLP for improved performance and reliability of models in detecting OOD data.,,The work is technical and algorithmic without direct ties to any sub-category related to climate or ecological sustainability. It focuses on improving methodologies for neural network performance in detecting anomalies and not on sustainable development.,,
"Bigger, Better, Faster: Human-level Atari with human-level efficiency",N/A,N/A,N/A,N/A,bb24142b4d028aab08dcb61b900b5028
"This paper introduces the BBF, a value-based reinforcement learning agent that achieves super-human performance on the Atari 100K benchmark. The agent relies on scaling neural networks for value estimation and explores various design choices for achieving this efficiently. The paper conducts analyses of these design choices and suggests updates for sample-efficient RL research guidelines.",The paper focuses on improving technical efficiency in reinforcement learning for gaming benchmarks and does not address climate or ecological sustainable development.,,"This paper does not align with any listed sub-categories focused on climate or ecological sustainable development, as it is primarily a study on reinforcement learning methods.",,
,N/A,N/A,N/A,N/A,
,The content is centered on reinforcement learning advancements without relevant connections to any specific climate or ecological sustainable development sub-categories.,,"The secondary content, being technical and within the domain of reinforcement learning, lacks a connection to any sub-categories of climate or ecological sustainable development.",,
Bisimulation metrics and norms for real-weighted automata,N/A,N/A,N/A,N/A,ca90408c600c1f8a696012a0a112ada1
"The paper introduces a new bisimulation (pseudo)metric for weighted finite automata (WFA), generalizing Boreale’s linear bisimulation relation. These metrics are based on the spectral properties of linear operators and joint spectral radii of WFA transition matrices. The study includes continuity properties, an undecidability result for metric computation, and preliminary applications to spectral learning.",The paper does not directly address any aspect of Climate or Ecological Sustainable Development. It is centered around theoretical computer science concepts.,,The theoretical nature of the discussion does not align with any sub-categories related to Climate or Ecological Sustainable Development.,,
,N/A,N/A,N/A,N/A,
,There are no secondary Climate or Ecological Sustainable Development themes discussed in the paper.,,The paper does not address any specific sub-categories relevant to Climate or Ecological Sustainable Development.,,
Block-State Transformers,N/A,N/A,N/A,N/A,a0a4c6d940b2e4abb444c43d08243df7
"The paper introduces a novel architecture named Block-State Transformer (BST), which integrates State Space Models (SSMs) with Block Transformer sublayers to improve performance and efficiency in processing long sequences in language modeling tasks.",The subject matter does not pertain to any area within climate or ecological sustainability. The paper is more focused on computational improvements for language models.,,There are no sub-categories fitting under Ecological or Climate Sustainable Development discussed _  the paper's aim is improving transformer efficiency and capability without direct ecological implications.,,
,N/A,N/A,N/A,N/A,
,"As the primary focus is unrelated to sustainable development, there are no secondary categories aligning with this topic.",,"Reflecting the non-relevance to sustainable goals, no significant secondary sustainable sub-categories are found applicable.",,
Cache-Efficient Dynamic Programming MDP Solver,N/A,N/A,N/A,N/A,bd491181b04e106ccd17a7529739d3ec
"This paper focuses on improving the computational efficiency of Markov Decision Process (MDP) solvers by leveraging hardware features, particularly cache memory. Two state-reordering techniques, eTVI and eiTVI, are proposed to enhance the Topological Value Iteration (TVI) algorithm. These techniques aim to improve cache performance through strategic memory organization, resulting in faster MDP solving, especially in instances with large state spaces.",The paper does not discuss or directly relate to Climate or Ecological Sustainable Development. Its primary focus is on computational improvements in dynamic programming for MDP solvers.,,No specific sub-category of Climate or Ecological Sustainable Development is applicable to this paper based on its content.,,
,N/A,N/A,N/A,N/A,
,There are no secondary themes in the paper that relate to Climate or Ecological Sustainable Development.,,There are no secondary sub-categories that this paper addresses related to Climate or Ecological Sustainable Development.,,
Can Ensembling Preprocessing Algorithms Lead to Better Machine Learning Fairness?,N/A,N/A,N/A,N/A,b9ebe0fa1425ebe7a5a70f8f59669dcb
This paper evaluates the potential for combining multiple fairness pre-processing algorithms into an ensemble to improve machine learning fairness. It analyzes three popular fairness pre-processing algorithms and investigates the robustness of an ensemble approach in mitigating bias while maintaining accuracy in machine learning models.,"The paper addresses fairness in machine learning without a direct connection to Climate or Ecological Sustainable Development. It does not discuss topics like climate change mitigation, natural systems protection, pollution, etc.",,No specific sub-category directly related to Climate or Ecological Sustainable Development is addressed in the paper.,,
,N/A,N/A,N/A,N/A,
,The focus remains outside the scope of Climate or Ecological Sustainable Development themes even when considering secondary categories.,,"Since the paper does not cover any area of Climate or Ecological Sustainable Development, it doesn't fit any secondary sub-categories either.",,
Can Workers Meaningfully Consent to Workplace Wellbeing Technologies?,N/A,N/A,N/A,N/A,bb7945818c095155d16900f94be34f35
This paper explores the ethical and privacy implications of using workplace wellbeing technologies and workers' ability to meaningfully consent to them. It investigates the challenges workers face within the workplace power dynamics and suggests socio-technical interventions for supporting meaningful consent.,"Although the topic of workplace technologies is related to social and ethical concerns, it does not align with the defined list of Climate or Ecological Sustainable Development categories.",,No specific sub-category related to Climate or Ecological Sustainable Development is applicable.,,
,N/A,N/A,N/A,N/A,
,The paper does not address secondary themes directly related to Climate or Ecological Sustainable Development.,,Secondary sub-categories not tied to Climate or Ecological Sustainable Development are mentioned.,,
Challenging Common Assumptions about Catastrophic Forgetting and Knowledge Accumulation,N/A,N/A,N/A,N/A,a60cf7eaccb4a31dc4d5e99b7163260d
"The paper investigates the phenomenon of catastrophic forgetting in deep neural networks when trained with gradient descent over long sequences of tasks. It challenges the assumption that such forgetting is inevitable, proposing a framework called SCoLe to study knowledge retention and accumulation when tasks reoccur. The experiments demonstrate that instead of catastrophic forgetting, stochastic gradient descent can lead to knowledge accumulation over time, especially when data reoccurrence is frequent.","The focus of the study is on the technical aspects of deep learning algorithms for continual learning, without direct application or central theme related to climate or ecological sustainability.",,"The sub-categories listed do not apply to the content of the paper, which is focused on the behavior of machine learning models under sequential task training. There are no sub-categories related to sustainability.",,
,N/A,N/A,N/A,N/A,
,"The paper does not address secondary categories directly tied to climate or ecological sustainability. Its objective is focused on algorithmic performance and learning dynamics, which have indirect rather than explicit connections to sustainability topics.",,There are no specific mentions of sub-categories that relate the paper's study to climate or ecological sustainability.,,
Characterizing Idioms: Conventionality and Contingency,N/A,N/A,N/A,N/A,bd4bffdb4f6217831e9e893b5d782832
"This paper explores the nature of idioms, particularly focusing on their non-canonical meanings and how these meanings depend on the combination of words. The paper defines two measures: conventionality and contingency, and implements them using BERT and XLNet. It suggests that idioms do not require special linguistic machinery and highlights asymmetries in idiomatic phrases. The study primarily concerns language understanding and has no direct focus on sustainable development.",its focus is on linguistic theories and computational analyses of idioms.,,"The paper is centered on linguistic analysis and computational methods for understanding idioms, which does not align with any sustainable development categories related to climate or ecology.",,
Characterizing User Behaviors in Open-Source Software User Forums: An Empirical Study,N/A,N/A,N/A,N/A,a359215599c61b407599510c32cc107a
"The paper investigates user behaviors in user forums of Open Source Software (OSS), focusing on how end-users engage, participate, and communicate in such forums. An empirical analysis of about 1.3 million posts from forums related to Zotero, Audacity, VLC, and RStudio was conducted. It explores the roles of end-users, developers, and organizers based on their contributions and the linguistic analysis of their interactions, aiming to improve end-user engagement in OSS development.","The study centers on software engineering and user engagement in software forums, without direct linkages to climate or ecological sustainable development.",,The subject matter does not align directly with any sub-category in climate or ecological sustainable development.,,
,N/A,N/A,N/A,N/A,
,The scope of the paper does not extend to any specific element within climate or ecological sustainable development but remains within the realm of software and community studies.,,There is no clear fit for the work in the sub-categories outlined for climate or ecological development.,,
Clustering units in neural networks: upstream vs downstream information,N/A,N/A,N/A,N/A,b648cce8070622205897d018a18d27ec
"The paper investigates how modular structures can be formed in artificial neural networks by clustering similar-functioning units based on upstream and downstream information processing. It evaluates pairwise associations in hidden layers using empirical methods and quantifies modularity in terms of the modularity score, assessing its effects on regularization methods like dropout.","The work does not focus on climate change, ecological sustainability, or efforts aimed at reducing environmental impact. It centers around deep learning methodologies that are not directly linked to any climate or ecological goals.",,"The methods and objectives discussed are related to computational approaches in neural networks, without any direct applications or implications for climate or ecological sustainability.",,
Cognitive Models as Simulators: The Case of Moral Decision-Making,N/A,N/A,N/A,N/A,9cf655104a574c52d18f5b42abeeaaa2
"The paper explores the use of cognitive models as simulators to reduce the training cost and time of AI systems, particularly in moral decision-making contexts. It details how AI systems, using reinforcement learning, can interact with cognitive models instead of humans to learn about fairness in the Ultimatum Game (UG). The paper also examines how training AI with these models allows the agents to adapt to emotional states, suggesting cognitive models as a potent proxy for human-like interactions in AI training.",The paper does not address any specific Climate or Ecological Sustainable Development themes or categories. It focuses on cognitive models and AI system training efficiency.,,There are no applicable sub-categories within the Climate or Ecological Sustainable Development context for this paper.,,
,N/A,N/A,N/A,N/A,
,"No secondary Climate or Ecological Sustainable Development categories are addressed in the paper, as it does not pertain to these areas.",,The paper does not cover topics that would fall under any secondary sub-categories related to Climate or Ecological Sustainable Development.,,
Combining Parameter-efficient Modules for Task-level Generalisation,N/A,N/A,N/A,N/A,d402b3be7f537505d711322f6705c6b5
"The paper proposes a modular approach to neural network design, enabling the separation and recombination of skills for systematic task generalization. By using sparse and low-rank adapters, tasks are associated with subsets of 'latent skills,' enhancing sample efficiency in reinforcement and supervised learning.",The research does not directly pertain to any Climate or Ecological Sustainable Development categories as it is focused on neural network architecture optimization.,,The paper's central themes of neural network design and task generalization do not align with any specific sub-categories of Climate or Ecological Sustainable Development.,,
,N/A,N/A,N/A,N/A,
,"Since the paper's focus is not on Sustainable Development, there are no secondary categories applicable here.",,The research does not touch upon any sub-categories relevant to Climate or Ecological Sustainable Development.,,
Comparison of multicenter MRI protocols for visualizing the spinal cord gray matter,N/A,N/A,N/A,N/A,a9859b25dd3ff17a274329145e8be018
The paper compares various MRI protocols at different field strengths to assess their effectiveness in visualizing spinal cord gray matter. Researchers collected data across multiple imaging centers and evaluated the protocols using both qualitative and quantitative methods. They proposed quality assessment criteria and metrics for gray matter imaging and provided open-source tools and data to aid future protocol optimization.,This paper does not fall under any Climate or Ecological Sustainable Development categories as it focuses on biomedical imaging technology.,,The paper does not relate to any sub-categories within Climate or Ecological Sustainable Development.,,
,N/A,N/A,N/A,N/A,
,The research focus is centered on specific medical imaging challenges unrelated to Climate or Ecological Sustainable Development.,,There are no additional sub-categories that the paper aligns with within the sustainable development context.,,
"Connecting Weighted Automata, Tensor Networks and Recurrent Neural Networks through Spectral Learning",N/A,N/A,N/A,N/A,cc70385db024210c24fdf51b8f5dc11b
"The paper establishes connections between weighted finite automata, recurrent neural networks, and tensor networks. It introduces a spectral learning algorithm that leverages the intrinsic relation between these models to enhance computational efficiency. The research further formalizes the equivalence between weighted automata and second-order recurrent neural networks with linear activation functions, proposing the first provable learning algorithm for these networks. The study's findings are validated with simulations on synthetic and real-world data.","The paper does not focus on any specific area related to climate or ecological sustainable development, as it centers on computational models and algorithms in machine learning.",,There is no specific sub-category within climate or ecological sustainable development that aligns with the paper's focus on deep learning and computational models.,,
,N/A,N/A,N/A,N/A,
,There are no secondary focuses aligning with climate or ecological sustainable development in the content of the paper.,,The paper does not specify or delve into any sub-categories within climate or ecological sustainable development areas that align with its focus.,,
Continual Learning In Environments With Polynomial Mixing Times,N/A,N/A,N/A,N/A,aab6fde8b928cf99de6fdb87713a3837
The paper explores the concept of mixing times in Markov chains and their impact on continual reinforcement learning (RL). It introduces the formalism of scalable Markov decision processes (MDPs) and demonstrates through empirical analysis how polynomial mixing times can emerge and lead to unstable learning behavior in RL. The paper also provides theoretical insights into the scalability of MDPs and the challenges posed by myopic bias and stale bootstrapped estimates when dealing with large-scale problems in RL.,The paper does not align with any specific category related to climate or ecological sustainable development. Its primary focus is on reinforcement learning and Markov decision processes.,,No sub-category of sustainable development applies as the paper focuses on Markov chains and continual learning in RL rather than any sustainable development issues.,,
,N/A,N/A,N/A,N/A,
,"The paper does not cover secondary themes related to climate or ecological sustainable development, given its primary focus on continual learning in reinforcement learning.",,There are no applicable sub-categories as the paper does not touch on sustainable development topics.,,
Continuous cutting plane algorithms in integer programming,N/A,N/A,N/A,N/A,953bad8511fc90cd30ad663bd8d879f6
"The paper explores an alternative method for finding cutting planes in mixed-integer linear programs (MILPs). The authors redefine the problem of finding cutting planes as a continuous optimization over weights that parametrize valid inequalities, and introduce a two-step algorithm. They compare the empirical performance of this method with traditional Gomory mixed-integer inequalities over various MILP instances, suggesting potential computational gains despite higher costs.",The paper is centrally focused on operational research techniques in integer programming and does not address any aspect of climate or ecological sustainable development.,,The paper does not focus on any sub-category related to climate or ecological sustainable development as its main focus is on optimization and integer programming techniques.,,
,N/A,N/A,N/A,N/A,
,There are no secondary themes in the paper that are related to Climate or Ecological Sustainable Development.,,No secondary sub-categories relevant to Climate or Ecological Sustainable Development are addressed in the paper.,,
Contrast-agnostic deep learning–based registration pipeline: Validation in spinal cord multimodal MRI data,N/A,N/A,N/A,N/A,b435ed5510b864dc1166c49cd13d21f6
"The paper introduces a deep learning-based registration pipeline, enhancing SynthMorph, for medical image registration. It is validated using spinal cord multimodal MRI data to address challenges related to anatomical variations. The pipeline features cascaded models for handling large and fine deformations and has been tested against benchmarks in terms of registration accuracy and computational speed.","The central theme of this paper is the enhancement and validation of a medical image registration pipeline within the field of MRI, which doesn't pertain to Climate or Ecological Sustainable Development.",,"There is no alignment with the provided Climate or Ecological Sustainable Development sub-categories, as the focus is purely medical and not aligned with environmental themes.",,
,N/A,N/A,N/A,N/A,
,"While the paper discusses innovations in medical imaging technology, it does not relate secondary themes to Climate or Ecological Sustainable Development.",,The secondary aspects of this research do not overlap with the listed Climate or Ecological Sustainable Development sub-categories.,,
Cortico-Cerebellar neurodynamics during social interaction in Autism Spectrum Disorders,N/A,N/A,N/A,N/A,a7eb0514c0e2b01eaa8bc7d4b35967ef
"This paper investigates the cortico-cerebellar neurodynamics in individuals with Autism Spectrum Disorders (ASD) during social interactions. Using high-density electroencephalography (HD-EEG) and the Human Dynamic Clamp (HDC) paradigm, the study measures theta oscillations and connectivity between the cerebellum and cerebral cortices in ASD and typically developing (TD) individuals. Results indicate increased theta power and coherence in ASD participants during interactions, highlighting possible neural biomarkers for ASD.","The primary focus of the paper is on understanding Autism Spectrum Disorders through neurological studies, which does not align with Climate or Ecological Sustainable Development categories.",,"The sub-categories do not encompass neurological studies primarily concerning Autism Spectrum Disorders, which is the focus of this paper.",,
,N/A,N/A,N/A,N/A,
,The paper does not address secondary themes related to Climate or Ecological Sustainable Development.,,The paper does not address secondary sub-categories related to Climate or Ecological Sustainable Development.,,
DA Wand: Distortion-Aware Selection Using Neural Mesh Parameterization,N/A,N/A,N/A,N/A,97464efcef692f7285b14aedb935632a
"This paper introduces DA Wand, a neural technique for selecting local sub-regions on a mesh for parameterization, motivated by workflows in decaling and texturing on surfaces. It focuses on learning distortion-aware mesh segmentations using a differentiable parameterization layer, leading to efficient local parameterizations.",The paper is centered on computational modeling techniques without any direct application or implication for climate or ecological sustainable development.,,No sub-category applicable as the paper does not relate to any of the predefined sustainable development sub-categories.,,
,N/A,N/A,N/A,N/A,
,The focus is strictly on computational modeling and does not divert into any climate or ecological aspects.,,The focus is strictly on computational modeling and does not divert into any relevant sub-categories of climate or ecological sustainable development.,,
Data-access performance anti-patterns in data-intensive systems,N/A,N/A,N/A,N/A,a1d8490c8c9862bac09351f7dd0975b3
"The paper identifies, categorizes, and validates data access performance issues in NoSQL-based and polyglot persistence data-intensive systems. It targets performance anti-patterns affecting data access, creating a taxonomy of such issues and gauging developer perception of their relevance through empirical research.",The focus of the paper is on performance issues in data systems and not on any direct or indirect impact on sustainable development goals.,,No specific sub-category from the list applies as the paper does not directly address sustainable development issues.,,
,N/A,N/A,N/A,N/A,
,There are no evident secondary themes related to sustainable development as the paper is technical in nature.,,"The paper remains focused on technical performance issues, without intersecting with sustainable development sub-categories as per listed guidelines.",,
Debiasing Counterfactuals in the Presence of Spurious Correlations,N/A,N/A,N/A,N/A,9c009f1c5a1d9ebba2dc873913f8c3b6
"This paper presents a training framework that integrates debiasing classifiers with counterfactual image generation to unveil generalizable imaging markers, reducing reliance on spurious correlations in medical imaging classification tasks. A novel metric, Spurious Correlation Latching Score (SCLS), is introduced to measure classifier reliance on spurious correlations.","The focus of the paper is on medical imaging classification and bias reduction, which are not directly related to Climate or Ecological Sustainable Development.",,The content does not fit into any listed sub-categories related to Climate or Ecological Sustainable Development _  it's centered around medical imaging.,,
,N/A,N/A,N/A,N/A,
,No secondary themes related to Climate or Ecological Sustainable Development are addressed in the paper.,,No secondary sub-categories relevant to Climate or Ecological Sustainable Development are addressed in the paper.,,
Deep Multirepresentation Learning for Data Clustering.,N/A,N/A,N/A,N/A,c347c96c51ee413beecd5f0cab07c31b
"This paper presents a framework called Deep Multi-Representation Learning (DML) for data clustering. The approach involves using multiple autoencoders to create both general and cluster-specific latent spaces for data, aimed at improving clustering performance, particularly in imbalanced datasets. The method incorporates a novel loss function to better handle 'difficult' and 'easy' clusters separately, assigning specific latent spaces to challenging clusters to increase compactness and separation. Extensive experiments are conducted to demonstrate the effectiveness of the DML framework compared to state-of-the-art clustering methods.",The paper primarily discusses technical advancements in data clustering and does not directly pertain to any Climate or Ecological Sustainable Development goals or categories.,,The deep learning concepts discussed do not directly relate to any specific sub-category under Climate or Ecological Sustainable Development.,,
,N/A,N/A,N/A,N/A,
,The paper does not cover secondary themes related to Climate or Ecological Sustainable Development. It is focused on clustering methodology and improvements.,,No direct or indirect links to sustainable development sub-categories can be deduced from the paper content.,,
Deep Networks as Paths on the Manifold of Neural Representations,N/A,N/A,N/A,N/A,c58f4bdb2027bed30caacdf65c02b56e
This paper explores the conceptual analogy of deep neural networks as paths on a high-dimensional manifold of neural representations. It introduces and formalizes representational metrics to better understand the paths of neural networks in terms of distances and directions through their layers. The authors propose new tools for analyzing these paths and provide an open-source toolbox to visualize and compare different models.,The content of this paper does not directly align with any climate or ecological sustainable development category. It focuses on theoretical concepts and methodologies in neural network analysis.,,The paper does not relate to any established sub-categories within sustainable development. Its focus is purely on computational geometry and neural network architectures.,,
,N/A,N/A,N/A,N/A,
,"There are no secondary sustainability-focused themes in this paper, as its primary concern is with the internal representation and operation of neural networks.",,No additional sub-categories within sustainable development are applicable as the paper is not geared towards those topics.,,
Deep learning-enabled anomaly detection for IoT systems,N/A,N/A,N/A,N/A,af1d29a870f67dee524a499743ac2b51
The paper discusses a deep learning-powered framework for anomaly detection in Internet of Things (IoT) systems. The proposed model uses a denoising autoencoder to capture robust features that enhance the accuracy of detecting malicious data in IoT environments. Experimental results show its effectiveness compared to existing models.,The paper primarily addresses IoT security rather than sustainability aspects.,,The paper does not align with any specific sub-category of Climate or Ecological Sustainable Development.,,
,,,,,
,,,,,
Definitive Care for Severely Injured Children in Quebec,N/A,N/A,N/A,N/A,eae949a13d4559e1e53b71846a9d0f67
"This paper analyzes trauma care outcomes for severely injured children in various regions of Quebec, focusing on disparities in care access and outcomes for Indigenous and Northern Quebec communities. The study found longer hospital stays for patients from Northern Quebec and highlights the need for improved trauma systems and regional care to reduce inequities.",The focus of the paper is on healthcare systems and outcomes rather than Climate or Ecological Sustainable Development.,,There is no relevant Climate or Ecological Sustainable Development sub-category that fits this paper.,,
,N/A,N/A,N/A,N/A,
,There are no secondary themes related to Climate or Ecological Sustainable Development in this paper.,,No additional relevant sub-categories related to Climate or Ecological Sustainable Development.,,
Determinants of technology adoption and continued use among cognitively impaired older adults: a qualitative study,N/A,N/A,N/A,N/A,a9e754fec833513dba5eef49176d5377
"This qualitative study examines the factors influencing technology adoption and continued usage among community-dwelling older adults with mild cognitive impairments. It explores the role of individual, technological, and contextual factors in enhancing or hindering technology use. By drawing insights from interviews and focus groups, the research identifies key facilitators and barriers affecting the adoption and sustained use of technology among this population.","The main focus of this paper is on social and technological factors affecting the elderly with cognitive impairments, without a direct connection to Climate or Ecological Sustainable Development.",,"The study does not align with any of the specific Climate or Ecological Sustainable Development sub-categories, instead focusing on aspects of gerontechnology and healthcare for older adults.",,
,N/A,N/A,N/A,N/A,
,The paper does not address other Climate or Ecological Sustainable Development categories related to its discussion on technology adoption among older adults with cognitive impairments.,,"There are no other sub-categories from the list that this paper addresses, as its primary focus is on factors influencing technology use in a specific population, without ecological or climate connection.",,
Dev2vec: Representing Domain Expertise of Developers in an Embedding Space,N/A,N/A,N/A,N/A,cce385385494e4b92f8308e86cb0bf36
"This paper presents a novel approach called Dev2vec to represent the domain expertise of software developers as embedding vectors. These vectors are derived from various sources on GitHub, such as repository descriptions, issue resolving history, and API usage. The study evaluates the effectiveness of these embeddings in classifying developers into technical job roles and aims to outperform existing expertise assessment methods by enhancing the representation of developer skills across multiple software projects.",The paper is primarily focused on the technical aspect of developer expertise assessment and does not directly address Climate or Ecological Sustainable Development.,,"Similarly, the content does not align with specific sub-categories under Climate or Ecological Sustainable Development.",,
Discovering Object-Centric Generalized Value Functions From Pixels,N/A,N/A,N/A,N/A,9c4523ee87aafdb9c5b625ba3a7436ab
"The paper introduces a method to automatically discover object-centric generalized value functions (GVFs) from pixel data in reinforcement learning. This method, termed as OC-GVFs, focuses on using slot attention mechanisms and meta-gradient approaches to discover meaningful features from objects, which are then used for learning control policies. The primary aim is to improve control and adaptation in both stationary and non-stationary environments by utilizing these learned GVFs as features.","The paper focuses on reinforcement learning and feature discovery for control tasks in machine learning environments, without any explicit connection to climate or ecological sustainable development.",,No aspect of the study directly aligns with specific climate or ecological sub-categories as defined in sustainable development contexts.,,
,N/A,N/A,N/A,N/A,
,There are no secondary themes in the paper related to any climate or ecological sustainable development goals.,,"Since the paper does not address climate or ecological themes, there are no relevant secondary sub-categories.",,
Discrete Key-Value Bottleneck,N/A,N/A,N/A,N/A,964dfb86c679c2c23336b259964365be
"This paper proposes a novel model architecture aimed at addressing the challenges faced by deep neural networks when dealing with non-stationary training data streams, such as in continual learning. The model introduces a discrete bottleneck containing pairs of key-value codes, which is designed to minimize catastrophic forgetting by enabling localized and context-dependent updates. The paper presents theoretical and empirical analyses demonstrating the model's effectiveness in enhancing generalization under distribution shifts, particularly in class-incremental learning scenarios.",The paper does not specifically address any climate or ecological sustainable development themes directly. It focuses on machine learning methodology improvements related to continual learning and distribution shifts without a defined link to sustainability applications.,,"Due to the nature of the content focusing on machine learning techniques rather than specific applications related to sustainability, there is no applicable sub-category.",,
,N/A,N/A,N/A,N/A,
,"As the primary category is unrelated to climate or ecological sustainable development, there are no secondary categories applicable based on the content provided.",,"Without relevance to sustainability, additional sub-categories are not applicable.",,
Disentanglement of Correlated Factors via Hausdorff Factorized Support,N/A,N/A,N/A,N/A,b3da38b6fa15bc528b4e47a4976bed9a
"This paper introduces a method called Hausdorff Factorized Support (HFS) for disentangling correlated factors in deep learning models. The method relaxes the assumption of statistical independence among factors and instead uses a pairwise factorized support criterion to handle correlations. The approach leads to significant improvements in disentanglement and robust generalization across distribution shifts. The authors demonstrate the effectiveness of HFS through extensive experiments, indicating its potential applications in representation learning and transfer to downstream tasks.",The primary focus of the paper is on a deep learning methodology not directly related to Climate or Ecological Sustainable Development.,,The paper's methodology does not fit any specific sub-category within the predefined sustainable development areas.,,
,N/A,N/A,N/A,N/A,
,There are no secondary themes in the paper related to Climate or Ecological Sustainable Development.,,There are no applicable secondary sub-categories related to the themes and content of this paper.,,
Does Entity Abstraction Help Generative Transformers Reason?,N/A,N/A,N/A,N/A,d08f89b481160d55624a8c581f607611
"The paper studies the incorporation of entity type abstractions into pre-trained Transformers tested across four NLP tasks requiring different forms of logical reasoning: compositional language understanding, abductive reasoning, multi-hop question answering, and conversational question answering. It explores three ways to integrate this abstraction: additional input embeddings, encoding the sequence separately, and auxiliary prediction tasks. It concludes that incorporating abstract entity knowledge improves performance in logical reasoning tasks but is less beneficial in natural language processing tasks that lack formal logical structure.",The paper's focus on models' reasoning capabilities and NLP tasks does not align with the predefined climate or ecological sustainable development categories.,,The research does not fit into any of the sub-categories under the climate or ecological sustainable development themes.,,
,N/A,N/A,N/A,N/A,
,"Since the primary focus does not relate to climate or ecological sustainable development, there are no secondary categories applicable either.",,No sub-categories are relevant since the study is unrelated to climate or ecological sustainable development.,,
Does Pre-training Induce Systematic Inference? How Masked Language Models Acquire Commonsense Knowledge,N/A,N/A,N/A,N/A,ae43ef160c26905d8217d84a3a38e67e
"This paper investigates whether pre-trained transformer models such as BERT acquire commonsense knowledge through systematic inference or merely recognize surface-level patterns. By inserting verbalized knowledge into the minibatches of a BERT model during pre-training, the study evaluates if such models improve their generalization to supported inferences. Findings suggest that commonsense knowledge is not acquired through systematic reasoning but rather from surface-level co-occurrence patterns.",The paper does not focus on any of the listed Climate or Ecological Sustainable Development categories. Its content is centered around the technical exploration of language models and their learning capabilities.,,The scope of this paper's investigation does not align with any specific sub-category of Climate or Ecological Sustainable Development.,,
,N/A,N/A,N/A,N/A,
,The research does not address any secondary themes related to Climate or Ecological Sustainable Development.,,No secondary sub-categories relevant to Climate or Ecological Sustainable Development are addressed in this paper.,,
Dynamic compression and expansion in a classifying recurrent network,N/A,N/A,N/A,N/A,c6a15c27a3f13c7d5a054966b9be6957
"The paper investigates how recurrent neural networks (RNNs) learn to balance the dimensionality of their inputs through compression and expansion, particularly in the context of classifying inputs. Through mathematical analysis and simulations, the authors explore how RNNs evolve their internal structures over time to optimize task performance. It examines the role of chaos and stochastic gradient descent (SGD) in effectively aligning RNN representations to both low and high-dimensional inputs, potentially improving their generalization capacities.",The paper primarily discusses computational techniques related to recurrent neural networks and does not directly address any climate or ecological sustainable development goals or categories.,,"Since the primary focus does not involve any sustainable development categories, specifying a sub-category is not applicable.",,
,N/A,N/A,N/A,N/A,
,There are no mentions of secondary themes relevant to Climate or Ecological Sustainable Development in the paper. It strictly centers on neural network learning and computational mechanisms.,,The paper does not delve into multiple areas within the realm of sustainable development. The focus remains on the internal processes of RNNs.,,
E3Bind: An End-to-End Equivariant Network for Protein-Ligand Docking,N/A,N/A,N/A,N/A,9ec5c594d994c9ccd27b8ed4945e6b96
"This paper introduces E3Bind, an end-to-end equivariant network for protein-ligand docking, leveraging geometric constraints and local binding site context to iteratively refine ligand poses. It improves prediction accuracy over traditional and recent deep learning methods by using an iterative refinement approach inspired by AlphaFold2. The model aims at enhancing drug discovery processes by predicting binding poses more accurately and efficiently.","The paper focus is on drug discovery and protein-ligand docking, which does not align with direct climate or ecological sustainable development categories.",,"There is no direct sub-category relevant to climate or ecological sustainable development, as the content is heavily focused on computational methods for drug discovery.",,
,N/A,N/A,N/A,N/A,
,"No secondary focus on climate or ecological sustainable development is identified in the paper as its primary contribution is in drug discovery and computational chemistry, not related to sustainability.",,"Since the paper primarily focuses on drug docking methods, there is no pertinent sub-category related to ecological or climate sustainability.",,
Endorsing Complexity Through Diversity: Computational Psychiatry Meets Big Data Analytics,N/A,N/A,N/A,N/A,9755da96b2084348fb272537bc93fff2
"The paper discusses how large datasets and big data analytics can transform the field of psychiatry, particularly in understanding and diagnosing psychiatric disorders. It highlights the use of diverse data sources, such as genomics and imaging, to improve diagnosis and treatment by considering population diversity in psychiatric research. The paper stresses the importance of complex data analyses using computational methods to reveal insights into psychiatric disorders, although it acknowledges the trade-off between model complexity and interpretability.","The paper does not directly address any aspect of Climate or Ecological Sustainable Development. Its focus is on psychiatry and big data analytics, which do not fit into the provided categories related to sustainable development.",,"Since the primary category is not applicable to Climate or Ecological Sustainable Development, there is no relevant sub-category to assign.",,
Energy efficiency as a normative account for predictive coding,N/A,N/A,N/A,N/A,a2da570778e1a689ac373ac4b851d337
This paper explores the concept of predictive coding in artificial neural networks with an emphasis on energy efficiency. It delves into the theory that predictive coding is an emergent property of neural networks when they are optimized for energy efficiency. The study demonstrates that predictive coding not only emerges but is linked to energy minimization strategies in computational models. It provides insights into why brains may have evolved to implement predictive coding from an energy efficiency perspective.,The paper primarily focuses on the concept of predictive coding and energy efficiency within neural networks as related to brain function. It does not directly address any specific category related to Climate or Ecological Sustainable Development from the provided list.,,"Similar to the primary category, the sub-category of Climate or Ecological Sustainable Development does not apply as the paper is centered on neural networks and brain function rather than specific sustainability or environmental issues.",,
Equivariance with Learned Canonicalization Functions,N/A,N/A,N/A,N/A,c721ad1545c0d878d61a9ae603ce1986
"The paper introduces a method to achieve equivariance in machine learning models by using learned canonicalization functions instead of imposing architectural constraints. This approach can be applied in various tasks including image classification, point cloud analysis, and physical dynamics prediction, offering universality and efficiency while maintaining task performance.",The paper does not focus on any specific climate or ecological sustainable development category. It is primarily concerned with machine learning techniques for achieving equivariance.,,"Since the primary focus of the paper does not relate to any of the provided sub-categories related to climate or ecological sustainable development, it is best categorized as N/A.",,
Equivariant Adaptation of Large Pretrained Models,N/A,N/A,N/A,N/A,d19b15d1403f59933c1ce7fd50754319
"The paper explores the adaptation of large pretrained deep neural network models to become equivariant to certain transformations while maintaining performance. It discusses a method to decouple equivariance from the main task-specific neural network by using a canonicalization function, which transforms inputs into a canonical form. This approach aims to ensure that models can be robust against deterministic transformations such as rotations, improving the generalization of foundation models for domain-specific applications with known symmetry priors.",The research focuses on theoretical improvements in machine learning models without a direct application to climate or ecological sustainable development.,,No specific sub-category related to sustainable development is covered as the paper is more focused on improving AI model architecture rather than addressing sustainable development topics.,,
,N/A,N/A,N/A,N/A,
,"The paper does not address any specific areas related to climate, ecology, or sustainability directly.",,The secondary focus of the paper remains within the realm of artificial intelligence rather than sustainable development.,,
"Erratum to: Rapid simultaneous acquisition of macromolecular tissue volume, susceptibility, and relaxometry maps (Magn Reson Med. 2022",FALSE,N/A,N/A,N/A,
"This paper serves as an erratum to a previously published research paper that dealt with techniques for imaging macromolecular tissue volume, susceptibility, and relaxometry maps using MRI. The erratum mainly corrects inaccuracies regarding the number of subjects involved in the study.",The paper is an erratum addressing corrections to the number of subjects in a study related to MRI techniques. It does not focus on eco-responsible AI topics.,,There is no discussion related to eco-responsible AI sub-categories in the given erratum paper.,,
,N/A,N/A,N/A,N/A,
,"The content of the erratum is not related to eco-responsible AI, focusing purely on correcting subject number details in a medical imaging study.",,"The paper's content is not relevant to any eco-responsible AI sub-categories, focusing on correcting a specific error in a medical study.",,
Estimating Social Influence from Observational Data,N/A,N/A,N/A,N/A,ca0bfdd63ea63e7309174a9f0116b6b5
This paper addresses the challenge of estimating social influence using observational data. It introduces a method called Poisson Influence Factorization (PIF) to estimate the causal effect of social influence by accounting for confounding variables. The study includes empirical evaluation using real data from Last.fm to demonstrate the method's effectiveness.,The central theme of the paper does not address any specific climate or ecological sustainable development category.,,There is no alignment with any specific climate or ecological sub-category from the provided list.,,
,N/A,N/A,N/A,N/A,
,The paper does not mention or address any secondary climate or ecological sustainable development themes.,,No additional sub-categories related to climate or ecological themes were identified in this paper.,,
Estimating causal effects with optimization-based methods: A review and empirical comparison,N/A,N/A,N/A,N/A,a3d073eac564a801921f76071c2beb43
"This paper provides a review and empirical comparison of optimization-based methods for estimating causal effects. It discusses the need for causal inference methods in the absence of randomized controlled experiments and describes various optimization-based methods. The authors highlight the flexibility and advantages of optimization models in estimating causal effects, offer a comparative analysis of these methods, and discuss opportunities for further research.",The paper does not focus on climate or ecological aspects directly and thus does not fit into any predefined Climate or Ecological Sustainable Development categories.,,"There is no specific sub-category related to climate or ecological sustainable development discussed in the paper, as its central theme lies elsewhere.",,
Estimating individual treatment effect on disability progression in multiple sclerosis using deep learning,N/A,N/A,N/A,N/A,c46a8487dce2e8212eaa285c5663e248
"The paper discusses a deep learning approach to estimating treatment effects on disability progression in multiple sclerosis. The authors use deep learning models to predict which patients are more likely to respond to treatment, enhancing the statistical power of clinical trials. This approach leverages data from multiple trials and aims to improve the efficiency of drug development by enabling shorter proof-of-concept trials.",The paper does not directly address issues related to climate or ecological sustainable development. Its focus is on improving clinical trials through AI in the medical field rather than environmental sustainability.,,The paper's subject matter does not align with any predefined sub-categories related to climate or ecological sustainable development.,,
,N/A,N/A,N/A,N/A,
,The paper focuses solely on medical applications and does not indirectly relate to climate or ecological sustainability.,,The paper does not cover aspects related to secondary climate or ecological sustainable development categories either.,,
Estimating the lagged effect of price discounting: a time-series study on sugar sweetened beverage purchasing in a supermarket,N/A,N/A,N/A,N/A,b95f142f33df74911af7759dfd87631d
"The paper investigates the lagged effects of price discounting on the sales of sugar-sweetened beverages (SSBs) using transaction data from a large supermarket in Montreal, Canada, from 2008 to 2013. The study employs a time-series analysis to analyze the immediate and delayed sales increases on five categories of SSBs due to price discounting, highlighting any sustained increase in sales post-discounting. Of interest is that sports and energy drinks showed a sustained sales increase post-discounting, suggesting a possible underestimation of the effects of promotions on these items by prior studies.",The paper does not align with any specific climate or ecological sustainable development category as it deals with consumer behavior related to price discounting of beverages.,,No sub-category fits because the focus is not on any specific area listed under the sustainable development sub-categories.,,
,N/A,N/A,N/A,N/A,
,There are no secondary climate or ecological sustainable development categories applicable as the paper focuses on marketing and consumer behavior impacts rather than ecological or climate issues.,,"The study does not directly address any of the predefined sub-categories under climate or ecological sustainable development, as it is rooted in consumer price sensitivity and sales analysis.",,
EuclidNets: An Alternative Operation for Efficient Inference of Deep Learning Models,N/A,N/A,N/A,N/A,b422ae83b23e67aeb7403e5830835c23
"The paper presents EuclidNets, a compression method for deep learning models, designed to optimize hardware efficiency by replacing multiplication operations with Euclidean distance. This approach maintains model performance while reducing computational costs, particularly in contexts with limited resources such as edge devices.","The paper primarily focuses on computational efficiency in deep learning models, which does not directly align with climate or ecological sustainable development themes.",,The focus of the paper does not fall under any existing sub-categories related to climate or ecological sustainable development.,,
,N/A,N/A,N/A,N/A,
,"Since the primary focus of the paper does not align with climate or ecological sustainable development, there are no secondary categories applicable.",,"Since the primary focus of the paper does not align with climate or ecological sustainable development, there are no secondary sub-categories applicable.",,
Evaluating Dependencies in Fact Editing for Language Models: Specificity and Implication Awareness,N/A,N/A,N/A,N/A,98a132c0664916baa3e3ffafeb2f5438
"This paper discusses the use of large language models (LLMs) as knowledge bases and addresses the issues in editing learned facts. It proposes a new evaluation protocol, DepEdit, to manage the knowledge in LLMs, ensuring edits respect internal logical constraints such as specificity and implication awareness. The paper presents experiments showing that existing methods struggle to infer implications of edited facts, proposing future work to better integrate dependency resolution in LLMs.","The paper does not focus on any climate or ecological sustainable development themes, but rather on improving language model functionalities.",,"The sub-categories provided are specific to climate and ecological issues, and this paper is unrelated to those.",,
,N/A,N/A,N/A,N/A,
,The content is centered around language models and does not extend to secondary themes related to climate or ecological sustainability.,,The secondary sub-categories are not relevant as the paper does not address issues of climate or ecological sustainable development.,,
Evaluating Self-Supervised Learning for Molecular Graph Embeddings,N/A,N/A,N/A,N/A,bbf9dc213643e232f752a9d828f376da
"The paper discusses the application of Graph Self-Supervised Learning (GSSL) methods to molecular graph embeddings, aiming to provide a robust evaluation framework for these embeddings. The framework consists of various probing tasks to assess the effectiveness of GSSL methods in capturing molecular properties across diverse datasets and tasks.","The paper does not focus on any aspect of Climate or Ecological Sustainable Development _  thus, there's no primary category.",,The subject of the paper does not neatly fit into any specified sub-category related to sustainable development.,,
,N/A,N/A,N/A,N/A,
,There is no secondary focus on Climate or Ecological Sustainable Development in this paper.,,No secondary sub-categories related to climate or ecology are addressed.,,
Evaluating the Faithfulness of Importance Measures in NLP by Recursively Masking Allegedly Important Tokens and Retraining,N/A,N/A,N/A,N/A,a092dd9932327f58ac303a47449dc32f
"The paper introduces Recursive ROAR, a new faithfulness metric for evaluating the importance measures in NLP models by recursively masking important tokens and retraining. The study compares different importance measures across various tasks and models, revealing that faithfulness is model-dependent and task-dependent. Recursive ROAR provides a more accurate metric than previous methods like ROAR by handling dataset redundancies.","The paper's focus is on improving NLP model interpretability through improved metrics for importance measures, which does not directly relate to any Climate or Ecological Sustainable Development category.",,The sub-category focus of the paper is on NLP model interpretability improvements and not related to climate or ecological sub-categories.,,
,N/A,N/A,N/A,N/A,
,"There is no mention or indirect implication of secondary sustainable development aspects, as the paper is centered on metrics for NLP model interpretability.",,"Since the paper is primarily concerned with NLP model performance and interpretability, no secondary sub-categories align with climate or ecological development.",,
Evaluation of Categorical Generative Models - Bridging the Gap Between Real and Synthetic Data,N/A,N/A,N/A,N/A,c584b0cc70e66eae9f9da60eee46b37e
"The paper discusses a method for evaluating generative models using synthetic datasets. It introduces a scalable evaluation method tailored to categorical data, applied to high-dimensional distribution spaces. The aim is to better understand generative models' strengths, weaknesses, and performance, particularly in out-of-distribution (OOD) capability and sample generation quality. This is achieved by binning the probability space and using statistical identity testing.",The paper does not address any categories directly related to Climate or Ecological Sustainable Development. Its focus is on the development and benchmarking of machine learning models.,,No specific sub-category related to Climate or Ecological Sustainable Development is relevant to this paper's content.,,
Existing eHealth Solutions for Older Adults Living With Neurocognitive Disorders (Mild and Major) or Dementia and Their Informal Caregivers: Protocol for an Environmental Scan,N/A,N/A,N/A,N/A,9be0727dc483a00740c3ff1587065a32
"The project aims to develop a decision support system using participatory methods for older people with cognitive impairments and their caregivers. It seeks to identify and categorize eHealth solutions by engaging various stakeholders, ensuring the system addresses actual user needs, and considering the challenges of maintaining its relevance with new technologies.","None of the listed Climate or Ecological Sustainable Development categories directly apply to this paper as it does not address climate or ecological issues. Instead, it focuses on healthcare solutions for elderly care.",,"None of the sub-categories regarding Climate or Ecological Sustainability are relevant to the focus of this paper, which involves decision-making tools in healthcare.",,
,N/A,N/A,N/A,N/A,
,The paper does not cover secondary Climate or Ecological Sustainable Development areas as it is centered on eHealth solutions for older people.,,No secondary sub-categories of Climate or Ecological Sustainable Development relate to the content of this paper.,,
Explainable Machine Learning Model to Predict COVID-19 Severity Among Older Adults in the Province of Quebec.,N/A,N/A,N/A,N/A,ca6a69a7108e575285fb27b358576cdd
"The study aims to evaluate the feasibility of developing explainable machine learning models to predict COVID-19 severity among older adults. The research focuses on using explainable AI methods to assist clinicians in decision-making regarding patient management, particularly in long-term care facilities in Quebec. The paper discusses the application of various machine learning techniques alongside explainable approaches, achieving high performance and alignment with clinical findings.","The primary focus of the paper is healthcare, particularly predicting COVID-19 severity among older adults using AI. This does not align with any of the Climate or Ecological Sustainable Development categories provided.",,"Given the healthcare focus of the paper, there is no applicable sub-category within the Climate or Ecological Sustainable Development categories provided.",,
,N/A,N/A,N/A,N/A,
,"There are no secondary themes related to Climate or Ecological Sustainable Development in this paper, as the content primarily revolves around healthcare and AI model explainability.",,No aspects of the paper address sub-categories related to Climate or Ecological Sustainable Development. Its main concern is disease severity prediction in a medical context.,,
Explaining Graph Neural Networks Using Interpretable Local Surrogates,N/A,N/A,N/A,N/A,9442665d55ee25103effc343aad8fc20
"This paper proposes an interpretable local surrogate (ILS) method for understanding predictions made by black-box graph neural network models. The method uses simple surrogate models to approximate the behavior of black-box graph models near a specific input example, identifying the most relevant nodes impacting predictions. The paper highlights the effectiveness of the ILS method in providing enhanced interpretability over existing methods for graph explainability.",The paper concentrates on the technical aspects of neural network model explainability and does not inherently focus on any sustainable development goals or categories.,,The details provided are strictly related to model explainability techniques and don't align with existing sub-categories for sustainable development.,,
,N/A,N/A,N/A,N/A,
,"Since the paper is technical and focused on model interpretability rather than applications relating to sustainable development, no secondary sustainable development categories are applicable.",,"The technical content of the paper does not extend to sustainable development applications, so no additional sub-categories are applicable.",,
Exploring Self-Attention Mechanisms for Speech Separation,N/A,N/A,N/A,N/A,bd4d42617bc5ea4b0e86122fae860590
"This paper investigates the use of transformer architectures and self-attention mechanisms in the task of speech separation. It extends the SepFormer model to handle noisy and reverberant conditions and explores efficient self-attention mechanisms such as Longformers, Linformers, and Reformers to optimize performance and memory usage.","The paper's content is centered around the technical advancements in speech separation using deep learning architectures, without any explicit or implicit connection to climate or ecological sustainable development themes.",,The sub-categories are related to specific applications in climate and ecological sustainability which the paper does not address.,,
,N/A,N/A,N/A,N/A,
,There is no mention of any secondary themes related to climate or ecological sustainable development in the document. The focus remains strictly on technological advancements in speech separation.,,No relevant climate or ecological sustainable development sub-categories are discussed in this paper as the content is not related to sustainability topics.,,
Exploring social inequalities in healthcare trajectories following diagnosis of diabetes: a state sequence analysis of linked survey and administrative data,N/A,N/A,N/A,N/A,c6c0e972a001df98d90af53d73a03da1
"The paper explores social inequalities in healthcare trajectories following a diabetes diagnosis in Quebec, Canada. It uses a state sequence analysis of the Care Trajectories-Enriched Data cohort, linking survey and administrative data to establish typologies of care trajectories and explore social determinants influencing these trajectories. Findings reveal distinct patterns of healthcare utilization that may inform the design of healthcare systems to improve patient outcomes and ensure equal access to services.","The content of the paper focuses on healthcare disparities, which fall outside the specified realms of Climate or Ecological Sustainable Development, therefore, it does not align with any of the predefined categories related to those fields.",,This paper does not fit into any specific sub-category related to Climate or Ecological Sustainable Development as it focuses primarily on healthcare trajectories and social inequalities related to diabetes.,,
,N/A,N/A,N/A,N/A,
,"Since the primary focus is on social inequalities in healthcare rather than climate or ecological sustainability, there are no secondary relevant categories.",,"The paper's analysis is centered around healthcare access differences due to social factors, not directly linking to any Climate or Ecological Sustainable Development sub-category.",,
Exploring the roles of artificial intelligence in surgical education: A scoping review,N/A,N/A,N/A,N/A,b1d80130f38d9b5d3a1768f536d854c7
"This paper reviews the application of artificial intelligence in surgical education, identifying current roles and future directions for AI-enhanced training. It covers the use of AI in skills assessment, training simulations, and feedback in the education of surgical trainees.","The paper does not center around climate or ecological sustainable development themes, but rather on medical education and AI.",,"The sub-categories listed pertain to climate and ecological impacts, which are not addressed in this paper focusing on surgery education and AI.",,
Exploring validation metrics for offline model-based optimisation with diffusion models,N/A,N/A,N/A,N/A,cdec055ea42aecbe135ff28a62eddcb0
"The paper investigates various validation metrics used in offline model-based optimization (MBO) where the goal is to use machine learning to generate candidates that maximize reward. The authors focus on identifying which validation metrics correlate best with ground truth for models trained without direct oracle access, specifically evaluating denoising diffusion models. The paper discusses validation metric proposals, their correlation with ground truth over simulated datasets, and how these insights can be transferred to real-world applications. It highlights important hyperparameters and provides a framework to guide the selection of models that can extrapolate. Additionally, it explores classifier-based and classifier-free guidance in diffusion models, with experiments conducted over several datasets.","The paper primarily deals with methodological advancements in machine learning, specifically related to model-based optimization and validation metrics without direct applications or discussions related to sustainable development.",,The paper does not fit into any of the predefined sub-categories since its focus is not directly related to sustainable development themes.,,
,N/A,N/A,N/A,N/A,
,There aren't any secondary themes in the paper that relate to Climate or Ecological Sustainable Development _  the focus is on machine learning methodologies.,,"Like the primary sub-category, there are no secondary sub-categories applicable as the paper does not pertain to sustainable development.",,
Expressiveness and Learnability: A Unifying View for Evaluating Self-Supervised Learning,N/A,N/A,N/A,N/A,b36593d48785840f4fd16cac75530f40
"The paper presents an evaluation framework for self-supervised learning (SSL) models by assessing the expressiveness and learnability of their representations. It introduces the Intrinsic Dimension (ID) for assessing expressiveness and Cluster Learnability (CL) for evaluating learnability. These metrics are combined into a single predictor called CLID, which is shown to correlate with model performance on various visual classification tasks.",The central theme of the paper revolves around evaluating SSL models using new metrics. It focuses on machine learning methodologies rather than direct climate or ecological sustainable development applications.,,"The paper does not align with any specific sub-categories under climate or ecological sustainable development, as it mainly advances self-supervised learning evaluation techniques.",,
,N/A,N/A,N/A,N/A,
,The paper does not address any specific secondary themes related to climate or ecological sustainable development.,,"Similarly, there are no secondary sub-categories related to climate or ecological issues discussed in the paper.",,
Extracting Person Names from User Generated Text: Named-Entity Recognition for Combating Human Trafficking,N/A,N/A,N/A,N/A,ded8fffbe8df7b728a2a1fca9103043f
"The paper presents NEAT, a Named-Entity Recognition (NER) approach designed to extract person names from noisy and adversarial texts found in online escort advertisements. This is crucial for combating human trafficking, as extracting multiple names in such ads can be indicative of trafficking, providing valuable insights for law enforcement.","The paper does not focus on climate or ecological sustainable development topics but rather on human trafficking, which is a significant human rights issue not directly linked to environmental sustainability.",,"Since the paper's focus is not aligned with any predefined sub-categories related to climate or ecological sustainable development, it cannot be categorized under any specific sub-category.",,
,N/A,N/A,N/A,N/A,
,The paper does not address climate or ecological sustainable development themes in any secondary capacity. It remains focused on human trafficking detection and law enforcement applications.,,"No secondary climate or ecological sustainable development themes are present in the paper, remaining strictly within the scope of human trafficking concerns.",,
"FETA: Fairness Enforced Verifying, Training, and Predicting Algorithms for Neural Networks",N/A,N/A,N/A,N/A,c96ebc23ea9dfad83dd76c6032cf109f
"The paper focuses on developing a tool called FETA for verifying, training, and predicting individual fairness in neural networks. It introduces counterexample-guided techniques to ensure fair predictions across the entire input domain, enhancing fairness at training and prediction stages. Using real-world datasets, the paper highlights FETA's effectiveness in producing fair models while maintaining accuracy.","The central theme of the paper is about fairness in neural networks, which does not directly align with any specific climate or ecological sustainable development category.",,The paper's emphasis on fairness algorithms does not correspond with any of the listed sub-categories in climate or ecological sustainable development.,,
,N/A,N/A,N/A,N/A,
,"As the paper does not address topics within the climate or ecological sustainable development spectrum, there is no secondary category applicable here.",,"Due to the paper's theme not addressing climate or ecological aspects, no relevant sub-category applies.",,
FaithDial: A Faithful Benchmark for Information-Seeking Dialogue,N/A,N/A,N/A,N/A,d1a098ab05cd9c152c6fb8c757c5d417
"The paper introduces F AITH D IAL, a benchmark designed to produce hallucination-free knowledge-grounded dialogues. It addresses the issue of unsupported utterances in dialogue systems by editing previously hallucinated responses to make them faithful to corresponding knowledge. F AITH D IAL is shown to improve dialogue generation quality in several metrics and is adaptable across different datasets.",The paper does not focus on Climate or Ecological Sustainable Development issues but instead discusses methodologies for improving dialogue systems.,,"There is no sub-category aligning with the content of this paper, as it does not relate directly to Climate or Ecological Sustainable Development applications.",,
,N/A,N/A,N/A,N/A,
,The paper does not cover any relevant themes related to Climate or Ecological Sustainable Development.,,The paper is primarily focused on computational linguistics and dialogue models rather than environmental or sustainable development aspects.,,
Feature Likelihood Divergence: Evaluating the Generalization of Generative Models Using Samples,N/A,N/A,N/A,N/A,a872c75c358d09599963442dbb7b5b44
"This paper introduces a new metric called Feature Likelihood Divergence (FLD) for evaluating the generalization of deep generative models. The metric assesses novelty, fidelity, and diversity of generated samples to address limitations in existing evaluation methods that may fail to detect overfitting or memorization by these models. The paper demonstrates the effectiveness of FLD on various datasets and model classes, revealing its capability to provide a more comprehensive evaluation compared to traditional metrics like Fréchet Inception Distance (FID).",The paper does not have a primary focus on climate or ecological sustainable development. Its primary focus is on technical improvements and evaluation metrics for generative models in machine learning.,,There is no specific sub-category for this paper under climate or ecological sustainable development themes. The focus is purely on a technical evaluation method for generative models.,,
,N/A,N/A,N/A,N/A,
,The paper does not address any secondary themes related to climate or ecological sustainable development. It is focused on machine learning evaluation metrics rather than environmental applications.,,No secondary sub-categories related to climate or ecological sustainable development are applicable to this paper.,,
Findings of the 1st Shared Task on Multi-lingual Multi-task Information Retrieval at MRL 2023,N/A,N/A,N/A,N/A,e1e2ff771089ed195cfe4b29c5e38caa
"This paper discusses the outcomes of a shared task on multi-lingual, multi-task information retrieval, highlighting the evaluation of large language models across multiple under-resourced languages. It introduces a novel benchmark that focuses on named entity recognition and reading comprehension in seven low-resource languages, aiming to enhance the applicability and fairness of information retrieval systems.","The paper does not align with any specific climate or ecological sustainable development themes. Its focus is on multi-lingual, multi-task information retrieval systems.",,"There is no specific sub-category within climate or ecological sustainable development that matches the content and focus of this paper, which is centered on language processing and information retrieval.",,
,N/A,N/A,N/A,N/A,
,The paper does not address any additional themes related to climate or ecological sustainable development.,,No secondary sub-categories related to climate or ecological sustainable development are applicable as the paper's scope is strictly within language processing.,,
Fine-tuning Happens in Tiny Subspaces: Exploring Intrinsic Task-specific Subspaces of Pre-trained Language Models,N/A,N/A,N/A,N/A,93903b3525d911a8baf475efbf302a91
"This paper studies the fine-tuning of pre-trained language models (PLMs) in task-specific subspaces. By analyzing the fine-tuning trajectory, the authors aim to uncover small, task-specific subspaces within PLMs where fine-tuning can effectively occur. The study demonstrates that effective task adaptation can happen in these limited dimensions, and experiments on models like BERT and RoBERTa show promising results. The paper further explores the presence and impact of outlier dimensions during this process.",The paper does not focus on climate or ecological sustainable development. Its primary focus is on improving the efficiency of language model fine-tuning.,,"The focus of the paper is on language model parameter optimization, which does not fit within any defined climate or ecological sub-categories.",,
,N/A,N/A,N/A,N/A,
,No additional categories related to climate or ecological sustainable development are addressed in the paper.,,There are no secondary sub-categories related to climate or ecological themes because the paper focuses on machine learning model efficiency rather than sustainability.,,
Flexible Phase Dynamics for Bio-Plausible Contrastive Learning,N/A,N/A,N/A,N/A,d7b5f67fad1fb34f9d441fda3c8046d8
"The paper investigates flexible phase dynamics for contrastive learning that could be implemented by biological or neuromorphic systems. The study relaxes standard training constraints, making learning temporally local and exploring neuromorphic computing's potential for AI energy efficiency.","The paper does not directly engage with any specific climate or ecological sustainable development goals or applications, as its central theme is the bio-plausibility of contrastive learning algorithms.",,The sub-categories listed do not include content related to the paper's focus on learning dynamics and biological plausibility of AI systems.,,
,Climate Change Mitigation,N/A,Energy Efficiency in Buildings,N/A,
,"The paper briefly mentions the potential for neuromorphic computing to address AI energy efficiency, but this is a minor aspect, not thoroughly explored or central to the paper.",,"While not directly related, the paper implies through neuromorphic computing potential that there could be energy efficiency improvements in AI systems, aligning loosely with energy efficiency goals.",,
Fooling SHAP with Stealthily Biased Sampling,N/A,N/A,N/A,N/A,9f589eb7b05d988e72bc4c2f33750f87
"The paper explores a method to manipulate SHAP explanations, which are used to identify feature contributions in machine learning models, by stealthily biased sampling of data. This manipulation can make unfair models appear fair by adjusting feature attribution, particularly during fairness audits.","The content of the paper does not align with any specific Climate or Ecological Sustainable Development category, as it is primarily concerned with auditing fairness in machine learning models rather than environmental sustainability.",,"The sub-categories are more specific subsets within primary categories, and since the primary category is N/A, this sub-category remains the same due to the paper's focus on ML fairness.",,
,N/A,N/A,N/A,N/A,
,"Similar to the primary category, the content regarding manipulation of SHAP explanations is not directly aligned with any secondary Climate or Ecological Sustainable Development themes.",,All secondary sub-categories are non-applicable as the paper does not directly contribute to or discuss Climate or Ecological Sustainable Development functionalities.,,
Fractal impedance for passive controllers: a framework for interaction robotics,N/A,N/A,N/A,N/A,e031215d540fa9fcf728e53495dd7434
"The paper discusses a framework for implementing passive impedance control in robotics using a novel concept called Fractal Attractor. This method aims to enhance the stability and robustness of interaction robots in unstructured environments by introducing a variable impedance controller that maintains passivity without relying on energy tanks. The approach is designed to improve robust dynamic interaction in robotic arms, particularly in tasks requiring precise force and trajectory tracking.","The paper does not explicitly address any specific Climate or Ecological Sustainable Development category. Its focus is primarily on robotics control mechanisms, which are not directly related to Climate or Ecological Sustainable Development as defined by the given categories.",,The paper does not align with any specific sub-categories related to Climate or Ecological Sustainable Development as it primarily discusses robotics control.,,
,N/A,N/A,N/A,N/A,
,There are no secondary themes related to Climate or Ecological Sustainable Development apparent in the paper. The content is focused on robotics control systems without direct application to ecological or climate issues.,,"Since the paper does not address Climate or Ecological Sustainable Development, secondary sub-categories are not applicable.",,
From IID to the Independent Mechanisms assumption in continual learning,N/A,N/A,N/A,N/A,a29b32a073541ca978e31cf24033bd7c
"The paper explores the transition from the IID assumption to the Independent Mechanisms assumption in continual learning, highlighting how causal mechanisms and modular architectures can enhance knowledge retention and transfer across different tasks in the presence of various distribution shifts.",The paper's focus is on theoretical machine learning advancements without a direct application to climate or ecological sustainable development.,,The sub-categories of the predefined list do not align with the theoretical discussion of the Independent Mechanisms in continual learning.,,
,N/A,N/A,N/A,N/A,
,No secondary relevance to climate or ecological sustainable development themes.,,No secondary relevance to climate or ecological sustainable development sub-categories.,,
From Plane Crashes to Algorithmic Harm: Applicability of Safety Engineering Frameworks for Responsible ML,N/A,N/A,N/A,N/A,a279a68326f8f1b8462ce84cef3c796c
"The paper investigates the use of safety engineering frameworks, specifically System Theoretic Process Analysis (STPA) and Failure Mode and Effects Analysis (FMEA), in managing social and ethical risks associated with machine learning systems. Through interviews with industry practitioners, the study explores current social and ethical risk management practices and discusses how these safety frameworks can be adapted to improve these practices.",The paper is not directly tied to any specific category of Climate or Ecological Sustainable Development as it focuses on the application of safety frameworks to manage social and ethical risks in ML systems.,,"The paper does not address any specific sub-category within the Climate or Ecological Sustainable Development framework, focusing instead on the general applicability of safety frameworks in machine learning ethics.",,
From Precision Medicine to Precision Convergence for Multilevel Resilience—The Aging Brain and Its Social Isolation,N/A,N/A,N/A,N/A,b1d2768e87897573a8806940adfed7bf
"This paper discusses the concept of precision convergence, an approach that extends beyond precision medicine to integrate societal, technological, and individual factors to achieve multilevel resilience. It particularly focuses on the aging population and the social isolation they face, proposing a framework to enhance adaptive real-world behavior in response to environmental challenges, especially during and after the COVID-19 pandemic.","The paper primarily focuses on health systems, social isolation, and precision medicine, which do not align directly with the predefined Climate or Ecological Sustainable Development categories.",,"The paper does not fall under any specific sub-category related to Climate or Ecological Sustainable Development, as it focuses on health, behavioral science, and societal resilience.",,
,N/A,N/A,N/A,N/A,
,"The themes covered in the paper do not align with any of the secondary Climate or Ecological Sustainable Development categories, as it primarily deals with health and social science issues rather than ecological or climate-related concerns.",,"The paper does not address secondary themes related to Climate or Ecological Sustainable Development sub-categories, as its primary focus is on multilevel resilience in health and social systems.",,
From analytic to synthetic-organizational pluralisms: A pluralistic enactive psychiatry,N/A,N/A,N/A,N/A,a8c57c80ae922fed39a9d1f7dc1abc7b
"This paper discusses the inadequacies of reductionist approaches in psychiatry and explores a variety of pluralistic frameworks, focusing on the enactive approach. It contrasts non-integrative and integrative pluralism, proposing enactivism as a synthetic-integrative framework within psychiatry.",The primary focus of the paper is not aligned with Climate or Ecological Sustainable Development themes. It is centered around psychiatric methodologies and frameworks.,,There is no sub-category applicable as the paper is not related to Climate or Ecological Sustainable Development.,,
,N/A,N/A,N/A,N/A,
,The paper does not address secondary Climate or Ecological Sustainable Development themes either.,,The paper does not deal with specific Climate or Ecological Sustainable Development sub-categories.,,
FusionRetro: Molecule Representation Fusion via In-Context Learning for Retrosynthetic Planning,N/A,N/A,N/A,N/A,a9086c518244cb9cf6a6f343396587cf
"The paper introduces FusionRetro, a novel framework for retrosynthetic planning that employs in-context learning for molecule representation fusion. It aims to enhance the process of retrosynthetic planning by utilizing context information to improve the reactants' prediction in synthetic routes. The framework encodes molecules into embeddings, aggregates information over routes, and predicts reactants. FusionRetro significantly improves the performance of retrosynthetic planning by providing more practical and accurate predictions through comprehensive experiments.","The paper does not align with any specific category within Climate or Ecological Sustainable Development. It focuses mainly on enhancing retrosynthetic planning through machine learning techniques, which, while potentially beneficial for sustainable chemistry, does not directly address development categories like Climate Change Mitigation or Adaptation, etc.",,"The sub-categories listed within the domains of Climate or Ecological Sustainable Development do not directly correlate with the primary objectives and content of the paper. It focuses on retrosynthetic planning, which does not intersect with specific sub-categories mentioned.",,
,N/A,N/A,N/A,N/A,
,No secondary Climate or Ecological Sustainable Development themes are substantially addressed within the paper. The indirect implications towards more efficient chemical processes are not sufficient to classify under a specific secondary category of sustainable development.,,The paper does not address secondary sub-categories within Climate or Ecological Sustainable Development in a manner that warrants classification under existing categorizations.,,
GCNFusion: An efficient graph convolutional network based model for information diffusion,N/A,N/A,N/A,N/A,cd7a933ce3858089d4bc0f82c572c185
"The paper presents GCNFusion, a model based on graph convolutional networks to improve information diffusion analysis across networks. The model targets the identification of influential nodes within networks to enhance prediction accuracy in spreading processes, such as pathogen prediction and marketing strategies. It positions itself as a solution to inaccuracies and complexities present in traditional diffusion models, offering lower computational complexity and better performance in real-world applications.","The paper focuses on improving information diffusion in networks using graph convolutional networks, a topic that is not directly related to Climate or Ecological Sustainable Development. Therefore, it doesn't align with any of the specified categories.",,"The paper does not specifically focus on any primary sub-category related to Climate or Ecological Sustainable Development, but rather on improving information diffusion in networks.",,
,Climate Change Adaptation,N/A,Food Security,N/A,
,"The paper mentions applications related to pathogen spread prediction, such as the COVID-19 pandemic, which could tangentially relate to Climate Change Adaptation by way of public health readiness and resilience. However, this is not the primary focus of the paper.","Climate-related topics are not central. ""These values can be leveraged to control the spreading process on networks such as infectious""
","There is an indirect reference to predicting pathogen spread which can have implications for food security, although this is not the main focus of the paper.","Climate-related topics are not central. ""These values can be leveraged to control the spreading process on networks such as infectious""
",
GFlowOut: Dropout with Generative Flow Networks,N/A,N/A,N/A,N/A,d0d6e0d6e21066b03867d680aa258a81
"The paper proposes GFlowOut, a novel method using Generative Flow Networks to learn the distribution of dropout masks in neural networks. It addresses issues in traditional Bayesian deep learning methods regarding uncertainty estimation and scalability. The method is tested on tasks like uncertainty estimation, distribution shift robustness, and transfer learning, with applications in clinical datasets.",The topics of the paper do not align with Climate or Ecological Sustainable Development goals. It focuses more on technical advancements in neural network dropout techniques.,,"The research is centered on dropout methods in neural networks, not on any specific Climate or Ecological Sustainable Development sub-category.",,
,N/A,N/A,N/A,N/A,
,The paper does not address secondary areas relevant to Climate or Ecological Sustainable Development.,,There are no sub-categories relevant to Climate or Ecological Sustainable Development in this paper.,,
,N/A,N/A,,N/A,
,There are no secondary Climate or Ecological Sustainable Development themes present in the paper.,,,,
GP.2 Deep learning prediction of response to disease modifying therapy in primary progressive multiple sclerosis,N/A,N/A,N/A,N/A,c64d3f1ea8a9b44c9a8b22644aafac80
"This paper explores the application of deep learning models to predict which individuals with primary progressive multiple sclerosis (PPMS) will respond favorably to disease-modifying therapies (DMTs) based on baseline clinical and imaging characteristics. The study involves using data from clinical trials and establishing a model to identify potential responders, enabling predictive enrichment in clinical trials to require fewer participants.","The central theme of the paper is on medical applications using deep learning, which does not directly relate to any climate or ecological sustainable development categories.",,"The paper does not fit into the predefined sub-categories focused on climate or ecological aspects, as it deals primarily with healthcare.",,
,N/A,N/A,N/A,N/A,
,"Secondary themes also do not touch upon climate or ecological sustainable development aspects, maintaining focus on medical applications.",,"Again, as the focus is on healthcare and medical predictions, it does not pertain to secondary ecological or climate-focused sub-categories.",,
GUILGET: GUI Layout GEneration with Transformer,N/A,N/A,N/A,N/A,b02dddb970ebafa837e7b8f0ede5a778
"This paper presents a method called GUILGET for automatically generating GUI layouts based on graphical constraints described as GUI arrangement graphs (GUI-AGs). It uses a transformer-based model to accommodate specific GUI design constraints, aiming to create realistic and varied GUI layouts efficiently. The methodology focuses on utilizing transformers to capture semantic relationships between GUI components and generating efficient layouts that adhere to design principles.",The paper does not address any Climate or Ecological Sustainable Development goals or applications. Its focus is solely on graphical user interface design using deep learning techniques.,,No subcategory within the pre-defined Climate or Ecological Sustainable Development list is applicable as the paper's content is outside the domain of sustainable development.,,
,N/A,N/A,N/A,N/A,
,The paper entirely focuses on GUI layout generation with no discussion of secondary categories related to Climate or Ecological Sustainable Development.,,"As with the primary sub-category, there is no secondary one relevant since the subject matter does not overlap with sustainable development objectives.",,
Generating QM1B with PySCF$_{\text{IPU}}$,N/A,N/A,N/A,N/A,95f88fe5e470f7923929118472f0d7ca
"The paper introduces PySCFIPU, a hardware-accelerated data generator using Intelligence Processing Units (IPUs) for the rapid creation of large datasets for quantum chemistry, specifically aiming to facilitate deep learning models' training in molecular machine learning. The dataset QM1B with one billion examples is generated, highlighting the importance of dataset scale in improving baseline neural networks' performance without additional inductive biases. The work emphasizes a shift towards large-scale training sets to enhance neural networks' ability to model quantum chemical predictions efficiently.","The paper does not directly deal with any climate or ecological sustainable development topics such as renewable energy, emission reduction, pollution management, etc. It centers on advancements in quantum chemistry datasets and machine learning.",,"As the paper does not directly relate to any predefined sub-categories related to climate or ecological sustainability, it cannot be classified under a specific sub-category.",,
,Climate Change Mitigation,N/A,Industry,N/A,
,"Indirectly, the future applications in materials design could influence climate mitigation techniques through improved materials that could be more efficient or sustainable.",Global warming is mentioned as a potential application but climare-related topics are not central,Reuse in the design of new materials might optimize industrial processes or product design to be more environmentally friendly or resource-efficient.,Global warming is mentioned as a potential application but climare-related topics are not central,
Generating QM1B with PySCFIPU,N/A,N/A,N/A,N/A,9699167990c19e0d15c44ecc1a0d56af
"The paper introduces PySCFIPU, a Density Functional Theory (DFT) data generator using Intelligence Processing Units (IPUs) to create the QM1B dataset. This dataset contains one billion training examples with 9-11 heavy atoms for molecular machine learning. It discusses leveraging hardware acceleration to overcome limitations of previous quantum chemistry datasets and highlights improvements in training neural networks with this larger data set. The paper's contributions extend to accelerated generation of quantum chemistry data, improving baseline neural network performance, and releasing the software stack for future research.","The paper does not focus on a specific Climate or Ecological Sustainable Development category. Its emphasis is on computational efficiency in quantum chemistry data generation and machine learning, which does not directly align with climate or ecological goals.",,The paper's focus on quantum chemistry and machine learning dataset generation does not fit into any specific sub-category related to climate or ecological sustainability.,,
,N/A,N/A,N/A,N/A,
,No secondary categories related to Climate or Ecological Sustainable Development are explicitly addressed in the paper.,,The paper does not delve into any sub-categories related to Climate or Ecological Sustainable Development. Its technical focus is outside ecological applications.,,
Generating Stable and Collision-Free Policies through Lyapunov Function Learning,N/A,N/A,N/A,N/A,a1cf54e7bb02dea1115eb06a2403a8d4
This paper presents a novel method for learning a Lyapunov function and a policy using a single neural network model to ensure stable and collision-free motion planning for robots. The approach includes a module for obstacle avoidance for convex object pairs and proves its effectiveness in simulation environments and real-world scenarios.,"The paper primarily deals with robotics and motion planning for stability and collision avoidance using AI concepts. Although these can be indirectly related to improvements in energy and resource efficiencies in industries, they do not directly fit into the predefined categories of Climate or Ecological Sustainable Development themes.",,The method described in the paper does not fit within any specific Climate or Ecological Sustainable Development sub-categories. Its central focus is robotic stability and collision avoidance.,,
,Climate Change Mitigation,N/A,Industry,N/A,
,"The paper's method could indirectly contribute to increased efficiency and safety in industrial applications that may result in reduced energy consumption and emissions. However, this is a secondary rather than a central focus.","Despite the fact that it might be true, it is not mentioned in the paper.","The deployment of stable and collision-free robotic systems in industrial environments can enhance efficiency and safety, which may contribute indirectly to energy and emission reductions in industrial processes.","Despite the fact that it might be true, it is not mentioned in the paper.",
Generative Augmented Flow Networks,N/A,N/A,N/A,N/A,c0c4ef6b866dffe6efe666b809a6f2dc
"The paper proposes Generative Augmented Flow Networks (GAFlowNets), a novel framework that incorporates intermediate rewards into Generative Flow Networks (GFlowNets). This approach utilizes intrinsic motivation to enhance exploration in environments with sparse rewards, demonstrating improved performance and diversity in tasks such as GridWorld and molecule generation.","The paper does not focus on topics directly linked to Climate or Ecological Sustainable Development. Its primary interest is in enhancing reinforcement learning techniques, which have indirect applications that could touch on sustainability but are not the main theme.",,The paper does not align with any specific sub-category related to Climate or Ecological Sustainable Development.,,
,N/A,N/A,N/A,N/A,
,"Since the central theme of the paper is not directly related to Climate or Ecological Sustainable Development, there are no secondary sustainable development categories to classify.",,"No sub-categories of Climate or Ecological Sustainable Development are relevant to the discussed topics in the paper, which primarily focus on algorithm development and exploration in reinforcement learning.",,
Genetic correlates of phenotypic heterogeneity in autism,N/A,N/A,N/A,N/A,b2a0aff4a0a76b4d65bde160e8320d38
"This study examines the genetic factors contributing to the variation in core and associated features of autism among individuals. It uses genetic and phenotypic data from a large cohort to explore the genetic associations with these features, including the role of common and de novo genetic variants. The analyses aim to provide insights into how genetic diversity shapes cognition, behavior, and co-occurring conditions in autism.","The paper does not focus on any climate or ecological sustainable development theme, its primary focus is on genetic research related to autism, which does not fit any predefined categories related to climate or ecological sustainable development.",,"As the primary category was not related to climate or ecological sustainability, the sub-categories are also not applicable in this context.",,
,N/A,N/A,N/A,N/A,
,The topic remains consistent with genetic correlates in autism with no secondary connection to ecological or climate sustainability.,,"No sub-category related to ecological or climate sustainability matches the study's content, which is focused on autism genetics.",,
Geographic concentration of SARS-CoV-2 cases by social determinants of health in metropolitan areas in Canada: a cross-sectional study,N/A,N/A,N/A,N/A,ce574c0dc8562f8e0dc79dbc11ed4db7
"This study examines the geographical concentration of COVID-19 cases across sixteen large metropolitan areas in Canada, focusing on how these cases are distributed according to social determinants of health. Using Gini coefficients and Lorenz curves, the study analyzes the impact of factors such as income, education, immigration status, and occupation on the spatial distribution of COVID-19, highlighting significant geographical inequalities and emphasizing the need for geographically-prioritized responses to manage transmission risk and resource allocation efficiently.","The focus of the paper is primarily on public health analysis related to COVID-19, emphasizing social determinants rather than climate or ecological sustainable development.",,The paper does not align with any specific sub-category related to climate or ecological sustainable development given its focus on public health and social determinants.,,
Global SARS-CoV-2 seroprevalence from January 2020 to April 2022: A systematic review and meta-analysis of standardized population-based studies,N/A,N/A,N/A,N/A,e561d83496998ffe25a06a48ebe36de3
"This paper conducts a systematic review and meta-analysis on global SARS-CoV-2 seroprevalence studies conducted from January 2020 to May 2022. The study estimates changes in global and regional infection rates and examines case under-ascertainment by comparing seroprevalence with confirmed cases. It highlights the importance of standardized seroprevalence studies, especially in low- and middle-income countries (LMICs), to better inform COVID-19 response efforts.","The paper does not have a central theme related to climate or ecological sustainable development, as it focuses on the SARS-CoV-2 seroprevalence results and their implications for public health.",,The paper does not delve into any sub-category of climate or ecological sustainable development.,,
,N/A,N/A,N/A,N/A,
,"There are no secondary themes related to climate or ecological sustainable development in the paper, as it entirely focuses on SARS-CoV-2 seroprevalence studies.",,This paper has no focus on any secondary sub-categories related to climate or ecological sustainable development.,,
Gradient Descent Is Optimal Under Lower Restricted Secant Inequality And Upper Error Bound,N/A,N/A,N/A,N/A,a7fe644980e02971fd7378df135cd363
"This paper analyzes the optimality of the Gradient Descent method under specific mathematical conditions—Lower Restricted Secant Inequality (RSI) and Upper Error Bound (EB). It suggests that standard assumptions like strong convexity and smoothness may be flawed, proposing these alternative conditions as more robust. The key finding is that Gradient Descent is exactly optimal for these classes of objective functions, implying no accelerated algorithm can offer improvements without additional assumptions. This work is primarily theoretical and focuses on providing precise conditions and proofs.","The paper is primarily focused on the mathematical properties and theoretical optimality of optimization algorithms, rather than any aspect of Climate or Ecological Sustainable Development.",,"The primary focus of the paper is on optimization algorithms and their theoretical underpinnings, without any direct application to Climate or Ecological Sustainable Development.",,
Graph Inductive Biases in Transformers without Message Passing,N/A,N/A,N/A,N/A,cd172e42ffe5c8544301833c27df72e7
"This paper introduces the Graph Inductive bias Transformer (GRIT), a new Graph Transformer that incorporates graph inductive biases without using message passing. GRIT is designed with several architectural changes that are theoretically and empirically justified, including learned relative positional encodings based on random walk probabilities, a flexible attention mechanism, and the injection of degree information. The paper demonstrates that GRIT can achieve state-of-the-art performance across various graph datasets by effectively integrating graph inductive biases.","The subject matter of the paper centers around advancements in Transformer architectures for graph data, without direct reference to climate change or ecological sustainability.",,The paper does not align with any specific sub-category related to Climate or Ecological Sustainable Development as listed.,,
Graphically Structured Diffusion Models,N/A,N/A,N/A,N/A,a6db6f880c74841b33d8efd51920c13b
"The paper proposes a framework for automatically defining and learning deep generative models with problem-specific structure. It uses graphically structured diffusion models (GSDM) to train these models with an architecture tailored to specific problem specifications. Through a diverse set of experiments, it demonstrates improvements in scaling, training time, and accuracy of these models in tasks traditionally solved by algorithms, such as sorting, Sudoku, and matrix factorization.","The paper does not address any particular Climate or Ecological Sustainable Development categories or sub-categories from the list provided. It focuses on new methodologies in deep learning, specifically diffusion models, without a direct link to environmental sustainability.",,The sub-categories related to Climate or Ecological Sustainable Development are not discussed or aligned with the topics presented in this paper. The focus is technical and unrelated to sustainability.,,
,N/A,N/A,N/A,N/A,
,"Since the primary focus of the paper is not on sustainability topics, secondary sustainability categories are also not applicable. It remains within the domain of machine learning innovation.",,"As the paper does not engage with sustainability topics, there are no secondary sub-categories applicable. The content is purely based in machine learning methodology.",,
Grow-and-Clip: Informative-yet-Concise Evidence Distillation for Answer Explanation,N/A,N/A,N/A,N/A,9f694ded7abee859afedc46d5887a6fe
"This paper presents the Grow-and-Clip Evidence Distillation (GCED) algorithm to extract informative-yet-concise evidence for enhancing the interpretability of Question Answering (QA) models. By focusing on the informativeness, conciseness, and readability of evidences, the approach aims to offer clear and concise explanations to support QA predictions. Extensive experiments on datasets like SQuAD and TriviaQA have been conducted to verify the efficacy of the approach.","The paper's main theme revolves around enhancing QA model interpretability through evidence distillation techniques, which do not align with any specific Climate or Ecological Sustainable Development category.",,"The sub-categories relate to specific sustainable development issues, whereas this paper focuses on general interpretability improvements for QA models.",,
,N/A,N/A,N/A,N/A,
,"As the primary focus is on QA interpretability without a direct link to sustainable development, there are no secondary Climate or Ecological Sustainable Development themes present.",,No additional sustainable development sub-categories apply due to the paper's focus on QA interpretability.,,
Guidelines for the Computational Testing of Machine Learning approaches to Vehicle Routing Problems,N/A,N/A,N/A,N/A,ddeed86679e2f1ff6e350e044e3a7d2d
"The paper discusses the challenges and guidelines for computational testing of machine learning approaches to vehicle routing problems, emphasizing the integration of methods from machine learning and operations research communities. It aims to improve the adoption of machine learning techniques in operations research by aligning the evaluation methodologies with those standard in vehicle routing problems.","The paper primarily focuses on machine learning methodologies applied to vehicle routing problems, with no direct emphasis on climate or ecological sustainability.",,"As no direct relevance to Climate or Ecological Sustainable Development categories is found, the sub-category is marked as N/A.",,
,,,,,
,,,,,
Guillotine Regularization: Why removing layers is needed to improve generalization in Self-Supervised Learning,N/A,N/A,N/A,N/A,a0f4534420a4fadd24672c4362afaae3
"The paper explores a technique called Guillotine Regularization, which involves removing layers of a neural network to enhance generalization in Self-Supervised Learning (SSL). It addresses the reasons behind its success and investigates how the optimal layer for removal changes with different training scenarios, data, and tasks. The paper provides insights into aligning SSL tasks with downstream tasks to reduce the need for a projector.",The paper does not focus on any identifiable Climate or Ecological Sustainable Development goal. It is centered on machine learning techniques and improvements applicable generally to neural networks.,,No sub-category related to Climate or Ecological Sustainable Development is applicable here as the focus is on SSL and neural network layer manipulation.,,
,N/A,N/A,N/A,N/A,
,There are no secondary themes related to Climate or Ecological Sustainable Development in the paper.,,The paper does not explore any additional sub-categories related to Climate or Ecological Sustainable Development.,,
Hallucinated but Factual! Inspecting the Factuality of Hallucinations in Abstractive Summarization,N/A,N/A,N/A,N/A,d4c3f0f14db3c3786449cca0aed75258
"This paper examines the phenomenon of hallucinations in state-of-the-art abstractive summarization models, which often generate content not directly inferable from source text. The researchers propose a method to distinguish between factual and non-factual hallucinations, showing that many hallucinations are consistent with world knowledge. By doing so, they argue some hallucinations can enhance summaries by providing additional background information. Their approach utilizes language models to predict prior and posterior probabilities of entities, outperforming existing baselines in detecting non-factual hallucinations and correlating with human judgments. The paper also demonstrates improvements in the factuality of summaries when the detector is integrated into a reinforcement learning framework for training summarization systems.","The paper does not focus on any climate or ecological sustainable development aspect. Instead, it is centered on improving AI summarization technology by addressing factuality concerns, which is outside the specified sustainability categories.",,There is no relevant climate or ecological sub-category applicable to this paper as its primary focus is on AI technology and text summarization improvements.,,
,N/A,N/A,N/A,N/A,
,There are no secondary themes related to climate or ecological sustainable development in this paper. The subject matter focuses solely on AI and summarization technology advancements.,,"No specific sustainability sub-categories are addressed in this paper, which stays strictly within the technology and data processing domain of abstractive summarization.",,
Hessian Aware Low-Rank Weight Perturbation for Continual Learning,N/A,,N/A,,b5299f016747538814c2dda56a76165f
The paper proposes a novel Hessian Aware Low-Rank Perturbation algorithm to address the catastrophic forgetting problem in continual learning. It suggests a parameter optimization strategy using a low-rank approximation guided by Hessian information to efficiently manage model increment while retaining established knowledge across tasks.,The paper's focus on machine learning algorithms (specifically continual learning and low-rank perturbation) does not directly align with any specific climate or ecological sustainable development category.,,"The sub-categories listed do not match the content or focus of the paper, which centers on continual learning algorithms.",,
,N/A,,N/A,,
,There are no secondary themes related to climate or ecological sustainable development present in the paper.,,The paper does not cover sub-categories related to sustainable development in climate or ecological contexts.,,
High-Throughput and Energy-Efficient VLSI Architecture for Ordered Reliability Bits GRAND,N/A,N/A,N/A,N/A,ac76e298adc39cee881a8ad7f8e28c3e
"The paper presents a VLSI architecture for the Ordered Reliability Bits GRAND (ORBGRAND) algorithm, focusing on decoding short-length high-rate channel codes crucial for applications like 5G. The proposed hardware architecture is capable of high throughput and energy efficiency, outperforming existing decoders in terms of efficiency, scalability, and performance, particularly for applications requiring ultra-reliable low-latency communication.",The content of the paper primarily focuses on VLSI architectures and communication technology improvements rather than direct applications in climate or ecological sustainable development.,,The paper's content is centered on technological improvements in VLSI architecture for communication systems and does not align with specific climate or ecological sustainable development sub-categories.,,
,N/A,N/A,N/A,N/A,
,The paper does not cover other aspects of climate or ecological sustainable development beyond its primary focus.,,The subject matter strictly pertains to communication technology and does not address broader environmental categories.,,
Histology-informed automatic parcellation of white matter tracts in the rat spinal cord,N/A,N/A,N/A,N/A,99152b8b7174a40eaf14d2afebaf11fd
The paper discusses an automatic parcellation method for white matter tracts in the rat spinal cord using axon morphometric data derived from scanning electron microscopy images. The approach utilizes histology-informed clustering and aims to provide a detailed anatomical map that can be used for better understanding white matter structures and potentially aid in medical diagnoses and treatments.,The paper focuses on neuroanatomy and does not address topics related to Climate or Ecological Sustainable Development.,,There is no relevant sub-category in the Climate or Ecological Sustainable Development framework that matches the paper's focus on neuroscience technology development.,,
,N/A,N/A,N/A,N/A,
,The research does not cover secondary themes related to Climate or Ecological Sustainable Development.,,The study does not include additional topics that fit the Climate or Ecological Sustainable Development sub-categories list.,,
"How Do Open Source Software Contributors Perceive and Address Usability?: Valued Factors, Practices, and Challenges",N/A,N/A,N/A,N/A,a30487e81bd87b0fe848a2af40a74462
"The paper investigates how contributors to open source software perceive and address usability issues. Through a survey of 84 contributors, it highlights their practices, challenges, and factors they consider important in usability, emphasizing a system-centric approach rather than a user-centric one. The study aims to provide insights and suggestions to improve usability practices in open source software communities.","The paper does not focus on any direct climate or ecological sustainable development. Its core focus is on the usability of open source software, unrelated to sustainability.",,There is no alignment with any sub-categories of climate or ecological sustainable development.,,
,N/A,N/A,N/A,N/A,
,"Similarly, the paper does not cover secondary themes related to climate or ecological sustainable development.",,There are no secondary sub-categories that relate to climate or ecological topics in the paper.,,
How can intelligent systems revolutionise healthcare?,N/A,N/A,N/A,N/A,cfdab105dbacb5bb32e34da98fb5a42e
The paper focuses on the development and implementation of intelligent systems and AI to revolutionize healthcare. It discusses the challenges faced by healthcare systems due to aging populations and highlights the iSMART Lab's efforts to address these through innovations in health monitoring technologies. The paper emphasizes AI in analyzing health data for better personal and professional healthcare management.,"The paper's emphasis is on healthcare improvements via intelligent systems, which do not directly relate to ecological or climate sustainable development.",,The specific focus on healthcare through intelligent systems does not align with any provided sub-categories related to ecological or climate sustainability.,,
How gradient estimator variance and bias impact learning in neural networks,N/A,N/A,N/A,N/A,95f0373235c5fac51f6ed581e26c5cfe
"The paper explores how variance and bias in gradient estimators affect learning in neural circuits, focusing on both biological brains and neuromorphic chips. It demonstrates that while variance and bias can hinder learning on training data, they have the potential to improve generalization if managed correctly. The study involves both analytical and empirical approaches, investigating how network and task properties influence optimal gradient estimator characteristics.","The paper's primary focus on neural circuits and gradient estimators does not align directly with any listed Climate or Ecological Sustainable Development categories, as it does not discuss sustainability, climate change, or ecological impacts.",,There is no applicable sub-category as the paper does not relate to any specific Climate or Ecological Sustainable Development area.,,
,N/A,N/A,N/A,N/A,
,"There are no secondary aspects of Climate or Ecological Sustainable Development addressed in the paper, which remains focused on the learning dynamics of neural circuits.",,The paper does not engage with specific Climate or Ecological Sustainable Development topics that would fit any sub-category.,,
Human-Centered Responsible Artificial Intelligence: Current & Future Trends,N/A,N/A,N/A,N/A,9891b01f77a319e94d4a01af41352c17
"The paper focuses on the emerging trends in human-centered and responsible artificial intelligence. It aims to integrate human factors into the design and development of AI systems to ensure they align with human rights, ethics, and reduce potential harms. It discusses the growing interest in responsible AI within the community, the ethical considerations involved, and the need for future collaboration to advance this field.","The paper does not primarily focus on climate or ecological sustainable development but rather on ethical and human-centered approaches to AI, which fall outside the predefined categories.",,"The paper does not fit within the specified sub-categories related to climate or ecological sustainable development, as its focus is on responsible and human-centered AI development.",,
,N/A,N/A,N/A,N/A,
,The paper does not address any secondary climate or ecological sustainable development categories as its central theme is not related to these areas.,,"Since the paper doesn't address any climate or ecological sustainable development themes, no secondary sub-categories are applicable.",,
HyenaDNA: Long-Range Genomic Sequence Modeling at Single Nucleotide Resolution,N/A,N/A,N/A,N/A,a7f280b23d8910058c0168436bc17820
"The paper describes HyenaDNA, a genomic foundation model that improves long-range genomic sequence modeling by leveraging a new architecture allowing for long context lengths and single nucleotide resolutions, overcoming the limitations of previous models that couldn't model long-range interactions in DNA efficiently. It suggests HyenaDNA can be adapted to novel genomic tasks without fine-tuning and achieves state-of-the-art results on genomic benchmarks.","The primary focus of the paper is on genomic sequence modeling, which does not directly align with any climate or ecological sustainable development categories.",,"As the paper is not directly aligned with climate or ecological sustainability, it does not fit into any specific sub-category.",,
,,,,,
,,,,,
Hypernetworks for Zero-shot Transfer in Reinforcement Learning,N/A,N/A,N/A,N/A,9a4d6d15ec7e5d857315b67136ffa49f
"The paper explores the use of hypernetworks to enable zero-shot transfer in reinforcement learning tasks by generating behaviors across a range of unseen task conditions. Through the use of TD-based training objectives and near-optimal RL solutions data, it focuses on zero-shot performance by considering RL algorithms as a mapping from MDP specifics to near-optimal value functions and policies, approximated via hypernetworks. Evaluation is done on continuous control tasks demonstrating significant improvements over baseline methods.",There is no direct relationship between the paper's content and climate or ecological sustainable development themes. The focus is on reinforcement learning techniques rather than applications or implications in climate or ecological contexts.,,"No specific sub-category under climate or ecological sustainable development is directly addressed within the research, as it revolves around reinforcement learning and computational techniques.",,
,N/A,N/A,N/A,N/A,
,The paper does not cover topics or issues related to secondary climate or ecological sustainable development themes.,,"Similar to the primary sub-category assessment, there is no secondary sub-category related to climate or ecological themes discussed in the paper.",,
Hyperspherical Quantization: Toward Smaller and More Accurate Models,N/A,N/A,N/A,N/A,d340a7e60127d16fd710b9ad0e92461f
"The paper discusses a framework for ternary quantization to produce smaller and more accurate compressed deep neural network models using hyperspherical learning, pruning, and reinitialization. The method improves test accuracy and reduces model size significantly compared to existing methods.","The paper focuses on computational techniques for neural network optimization, which does not directly relate to any of the defined Climate or Ecological Sustainable Development categories.",,There is no specific mention or application of Climate or Ecological Sustainable Development concepts in the paper. The focus is technical advancement in neural network quantization.,,
Identifiable Deep Generative Models via Sparse Decoding,N/A,N/A,N/A,N/A,b755f6ae6110cc0129e0064eae1cb2fd
"This paper presents the sparse VAE, which is developed as a method for unsupervised representation learning on high-dimensional data by utilizing sparse decoding in deep generative models. It highlights the identifiability of these models, ensuring that true model parameters can be learned with enough data. The paper explores applications of the method using simulated and real datasets, demonstrating meaningful latent factor recovery and reduced reconstruction error compared to other methods.",The paper does not focus on any climate or ecological sustainable development theme. It is primarily centered on machine learning models for high-dimensional data representation.,,The paper does not correspond to any specific sub-category within climate or ecological sustainable development areas.,,
,N/A,N/A,N/A,N/A,
,There are no secondary themes related to climate or ecological sustainable development covered in the paper.,,The paper does not cover secondary sub-categories related to climate or ecological sustainable development.,,
,,,,,
,,,,,
Image Retrieval from Contextual Descriptions,N/A,N/A,N/A,N/A,d06c9f09cf33b97e2df59421b28aab58
"The paper introduces a new multimodal challenge called Image Retrieval from Contextual Descriptions (IMAGE CODE), which measures how well vision-and-language models utilize context such as perceptual and temporal cues. Models are tasked with retrieving the correct image from a set of candidate images based on a contextual description. The paper benchmarks several models on this task and proposes improvements to enhance their performance.",The paper does not address any specific themes related to Climate or Ecological Sustainable Development. Its focus is on technical aspects of multimodal models and image retrieval.,,The research does not pertain to any sub-categories from the Climate or Ecological Sustainable Development categories.,,
,N/A,N/A,N/A,N/A,
,The paper solely concentrates on image retrieval techniques and does not engage with climate-related themes.,,The research primarily focuses on the methodological development of vision-and-language models without any connection to ecological or climate-related issues.,,
ImageNet-X: Understanding Model Mistakes with Factor of Variation Annotations,N/A,N/A,N/A,N/A,abdba5b7440a1228bd24ee3ef99abe07
"The paper presents ImageNet-X, a dataset that annotates the ImageNet dataset with human labels of various factors of variation such as pose, background, and lighting to better understand the mistakes made by deep learning models.",The primary focus of the paper is analyzing deep learning model errors using variability annotations without a direct link to any climate or ecological sustainable development theme.,,"Since the paper does not relate to climate or ecological applications, no specific sub-category applies.",,
,N/A,N/A,N/A,N/A,
,There is no secondary theme linked to climate or ecological sustainable development within the paper's scope.,,There are no climate or ecological sub-themes associated with the paper's content.,,
Impact of a vaccine passport on first-dose SARS-CoV-2 vaccine coverage by age and area-level social determinants of health in the Canadian provinces of Quebec and Ontario: an interrupted time series analysis,N/A,N/A,N/A,N/A,c7adb4a6414baec9cc3659d0c72e9a5c
"The paper evaluates the impact of vaccine passport policies on first-dose COVID-19 vaccination coverage in Canadian provinces Québec and Ontario. It analyzes the effects by age, area-level income, and proportion racialized using an interrupted time-series methodology.","The study focuses primarily on public health and vaccine policy impacts, which do not align with any specified climate or ecological sustainable development categories.",,There is no appropriate sub-category within the climate or ecological sustainable development contexts that this paper could fit into.,,
,N/A,N/A,N/A,N/A,
,The entire paper is focused on public health intervention analysis with no emphasis on climate or ecological themes.,,The discussion of social determinants of health in the context of vaccine uptake does not relate directly to environmental or climate-focused sub-categories.,,
Implementing a Hierarchical Deep Learning Approach for Simulating multilevel Auction Data,N/A,N/A,N/A,N/A,cc87de05d750998d6a23c0927ee0df24
The paper presents a hierarchical deep learning solution for generating realistic synthetic first-price auction data. It addresses challenges related to high-cardinality discrete feature spaces and multilevel structures in auction data using deep generative modeling. The methodology aims to facilitate auction simulations and foster the development of economic models grounded in generative AI.,The paper does not address any topics directly related to Climate or Ecological Sustainable Development.,,No sub-category is relevant because the paper does not focus on climate or ecological sustainable development topics.,,
Implementing automation in deep brain stimulation: has the time come?,N/A,N/A,N/A,N/A,b8e98ad9852cfdba47579708a57a25f0
The paper discusses the implementation of automated deep brain stimulation (DBS) using data-driven algorithms to optimize DBS parameter settings for patients with Parkinson's disease. This approach aims to maximize motor symptom control while minimizing side effects. The study evaluates the non-inferiority of this method compared to current clinical standards in a cohort of 35 patients.,"The paper does not directly relate to Climate or Ecological Sustainable Development, focusing instead on medical and technological advancements in healthcare.",,No sub-category aligns with the focus on medical advancements in deep brain stimulation.,,
,N/A,N/A,N/A,N/A,
,"Given the primary focus on medical technology, there are no secondary Climate or Ecological Sustainable Development themes present in this paper.",,No secondary sub-categories related to Climate or Ecological Sustainable Development themes apply.,,
Implicit Regularization or Implicit Conditioning? Exact Risk Trajectories of SGD in High Dimensions,N/A,N/A,N/A,N/A,98b2208c1a3615d1fe5124e224372f69
"The paper investigates the dynamics and efficiency of Stochastic Gradient Descent (SGD) in high-dimensional convex quadratic settings. It establishes an asymptotic equivalence between SGD and a stochastic differential equation called homogenized stochastic gradient descent (HSGD). The authors derive exact formulas for learning and risk trajectories, revealing mechanisms that explain the efficiency of SGD compared to full-batch gradient descent (GD). The study finds that while SGD does not enhance generalization performance due to noise, it often accelerates convergence through implicit conditioning, depending on data characteristics.",The paper does not primarily focus on any specific climate or ecological sustainable development category. It is mainly concerned with the optimization techniques in machine learning.,,There is no direct alignment with any sub-category of climate or ecological sustainable development within this paper.,,
,N/A,N/A,N/A,N/A,
,The paper is focused on methodological aspects of machine learning and does not address secondary climate or ecological sustainable development themes.,,There are no secondary sub-categories relevant to climate or ecological sustainable development that the paper addresses.,,
Importance-aware Co-teaching for Offline Model-based Optimization,N/A,N/A,N/A,N/A,9f94c7de0ac8abd532727a18635420a7
"The paper introduces a method named Importance-aware Co-Teaching (ICT) designed for offline model-based optimization (MBO). ICT addresses the out-of-distribution issue inherent in existing methods by maintaining three symmetric proxies and utilizing a mean ensemble of these proxies for final optimization. The process involves pseudo-label-driven co-teaching, where one proxy pseudo-labels data for others to fine-tune on, followed by meta-learning-based sample reweighting to optimize sample weights for better proxy performance. ICT achieves state-of-the-art results in experiments conducted across various design tasks.","The paper focuses on optimization techniques without explicit reference to Climate Change Mitigation, Adaptation, or any ecological or sustainable development themes.",,There are no specific applications or developments mentioned that align with any sub-categories under Climate or Ecological Sustainable Development.,,
,N/A,N/A,N/A,N/A,
,The focus on model-based optimization and computational methods without explicit ecological or sustainable applications ensures no secondary sustainable themes are addressed.,,"As there is no explicit link to sustainable development themes, there are no secondary sub-categories applicable.",,
Improved DC-Free Run-Length Limited 4B6B Codes for Concatenated Schemes,N/A,N/A,N/A,N/A,b187dbcb8893fad542cdc74362428e27
This paper proposes an improved version of the traditional DC-free 4B6B codes for visible light communication (VLC) systems. These improved codes offer better error correction performance in concatenated architectures compared to existing schemes. The paper discusses the optimization of these codes based on distance properties and demonstrates gains in bit-error rate (BER) and frame-error rate (FER) in simulations over the original 4B6B code and other baseline codes.,The paper's primary focus is on improving data transmission through visible light communication—an area that doesn't fit directly into specified Climate or Ecological Sustainable Development categories.,,"The paper does not focus on any sub-category under the established Climate or Ecological Sustainable Development categories, as its primary goal is technological improvement in visible light communication systems.",,
Improved baselines for vision-language pre-training,N/A,N/A,N/A,N/A,9b5c8d088e13713ceb519b7e8b67518e
"The paper presents a study on vision-language pre-training (VLP) methods by proposing several baselines that integrate contrastive learning with self-supervised learning techniques. The authors aim to improve upon the CLIP model by developing an improved training recipe, evaluating its performance, and comparing it with non-contrastive methods. The work includes systematic analyses and identifies the impact of various factors on the model performance, such as data augmentation and projector design.",The paper does not address any aspect of Climate or Ecological Sustainable Development. It is solely focused on machine learning techniques for vision-language tasks.,,No relevant Climate or Ecological Sustainable Development subcategories are applicable as the paper is not related to these fields.,,
Improving Compositional Generalization using Iterated Learning and Simplicial Embeddings,N/A,N/A,N/A,N/A,995917ef929645d2997c8511f2686337
"The paper explores the challenge of compositional generalization in deep learning models, which is the ability to generalize to unseen combinations of latent factors. The authors propose utilizing a process inspired by human language evolution, called 'iterated learning,' to enhance this capability in deep networks. By implementing iterated learning on models with simplicial embeddings, which approximately discretize representations, the paper demonstrates improved compositional generalization. This approach is applied to both controlled vision tasks and molecular graph prediction tasks, showing significant improvement over existing methods.",The paper is centered on improving machine learning techniques rather than any particular aspect of Climate or Ecological Sustainable Development.,,"Since the primary category is not related to Climate or Ecological Sustainable Development, there is no relevant sub-category.",,
,N/A,N/A,N/A,N/A,
,There are no secondary themes related to Climate or Ecological Sustainable Development identified in the paper as it focuses purely on machine learning advancements.,,"As there are no secondary sustainable development themes in the paper, sub-categories are not applicable.",,
Improving Language Plasticity via Pretraining with Active Forgetting,N/A,N/A,N/A,N/A,d1b568385623cfba58d9140301516abe
"The paper discusses a novel method for improving the adaptability of pretrained language models (PLMs) to new languages by incorporating an active forgetting mechanism during pretraining. This technique involves periodically resetting the token embedding layer to encourage the model to re-learn, thus increasing its linguistic plasticity. The research shows that this method allows models to adapt faster and perform better in low-data regimes and for languages distant from English. It also reduces the computational cost of adapting PLMs to new languages.",The paper does not focus on any particular Climate or Ecological Sustainable Development theme. It centers on computational linguistic models and their adaptability.,,The paper does not relate to any specific sub-categories of Climate or Ecological Sustainable Development given its focus on natural language processing and language model adaptability.,,
,N/A,N/A,N/A,N/A,
,There are no secondary themes related to Climate or Ecological Sustainable Development in this paper. It is purely technological and linguistics-focused.,,No secondary sub-categories are relevant as the paper does not cover climate-related topics.,,
Improving Source Separation by Explicitly Modeling Dependencies between Sources,N/A,N/A,N/A,N/A,bfb475c386f43e5413938ba63ca33791
This paper discusses a novel method for improving source separation in audio by explicitly modeling the dependencies between different sources. It introduces an Orderless Neural Autoregressive Density Estimator (NADE) approach with a block Gibbs sampling procedure that enhances separation performance by leveraging interdependencies between sources. The method is validated using two datasets and shows improved results compared to traditional methods.,"The paper does not address any of the listed Climate or Ecological Sustainable Development categories, as its focus is on audio processing techniques rather than sustainability.",,There is no direct connection to any Climate or Ecological Sustainable Development sub-categories as the paper specifically details audio processing techniques.,,
,N/A,N/A,N/A,N/A,
,The paper does not touch upon secondary Climate or Ecological Sustainable Development themes _  it's centered on enhancing audio processing through machine learning without links to ecological or climate issues.,,The absence of any relevance to specific sustainable development sub-categories reinforces the non-affiliation of this paper with ecological or climate considerations.,,
Inferring Dynamic Regulatory Interaction Graphs From Time Series Data With Perturbations,N/A,N/A,N/A,N/A,cfa652c4dc8c0bd8a34a3accd7f7d075
"This paper introduces the Regulatory Temporal Interaction Network Inference (RiTINI) method for inferring dynamic graphs in complex systems from time-series data. It uses graph attention mechanisms and graph neural ODEs to infer cyclic, directed, and time-varying interaction graphs. The approach is evaluated on dynamical systems, neuronal networks, and gene regulatory networks, showing its improved performance over traditional methods.",The research focuses on graph neural networks and dynamic systems but does not directly align with any specific Climate or Ecological Sustainable Development category.,,There are no specific sub-categories of Climate or Ecological Sustainable Development addressed in the research.,,
,N/A,N/A,N/A,N/A,
,"The study does not explore topics that are typically associated with Climate or Ecological Sustainable Development, such as energy efficiency, biodiversity, pollution control, etc.",,The content and focus of this study are not aligned with any conventional sub-categories in Climate or Ecological Sustainable Development.,,
,,,,,
,,,,,
Inferring global-scale temporal latent topics from news reports to predict public health interventions for COVID-19,N/A,N/A,N/A,N/A,ccc5c62372bb5cc6905d527b3f16e993
"This paper presents a machine learning framework named EpiTopics, which is designed to automatically detect changes in non-pharmacological interventions (NPIs) for COVID-19 from news reports. Using a three-stage transfer learning algorithm, EpiTopics classifies documents according to NPI categories and predicts both the document-level and country-level NPI status changes for 42 countries. The model is trained on 1.2 million unlabeled COVID-19 news articles and a small set of labeled WHO documents. It aims to automate and improve the monitoring of NPIs, which is critical for evaluating their effectiveness during the pandemic.","The focus of the paper is on predicting public health interventions for COVID-19 through media analysis. This topic is not directly related to climate or ecological sustainable development categories such as climate change, pollution, natural systems protection, etc.",,There is no relevant match with any sub-category as the paper is not directly related to ecological or climate sustainability but rather focused on pharmaceutical and non-pharmaceutical interventions in public health.,,
,N/A,N/A,N/A,N/A,
,The paper does not address any secondary focus on climate or ecological sustainable development. It remains concentrated on public health strategy during a pandemic.,,The paper does not delve into any secondary sub-categories related to climate or ecological sustainable development.,,
Intent-aware Multi-source Contrastive Alignment for Tag-enhanced Recommendation,N/A,N/A,N/A,N/A,99f14698104b597122be7765c79162e4
The paper proposes a novel method called Intent-aware Multi-source Contrastive Alignment for Tag-enhanced recommendation (IMCAT) that enhances recommendation systems by efficiently connecting collaborative filtering signals with auxiliary tag information using self-supervised learning.,The paper focuses on recommendation systems and technological improvements rather than climate or ecological sustainable development.,,The technical content does not align with any sub-category related to climate or ecological sustainable development.,,
,N/A,N/A,N/A,N/A,
,"There is no direct connection or secondary focus on climate change, pollution, natural systems protection, or any other relevant sustainable category.",,No applicable secondary sub-categories relevant to climate or ecological sustainability are addressed or applicable in the context of this paper.,,
Interpolation Consistency Training for Semi-Supervised Learning,N/A,N/A,N/A,N/A,f061e35996d6d07dfbd3b0b6320382c3
"The paper presents Interpolation Consistency Training (ICT), an algorithm for semi-supervised learning. ICT encourages consistent predictions on unlabeled data by interpolating between data points and their predictions, promoting decision boundaries in low-density regions. This helps in reducing overfitting to labeled data and achieves competitive performance against state-of-the-art methods on standard benchmarks.",The paper does not address Climate or Ecological Sustainable Development issues directly. It focuses on machine learning techniques without linking them to environmental or climate-related applications.,,"No specific sub-category under Climate or Ecological Sustainable Development is addressed by the paper, as it is primarily concerned with advancing machine learning methodologies.",,
,N/A,N/A,N/A,N/A,
,The paper remains within the domain of machine learning and AI without exploring secondary themes connected to sustainability in ecological or climate domains.,,No secondary sub-categories of Climate or Ecological Sustainability are evident in the paper as its scope is purely technological with regard to improving machine learning techniques.,,
Interpretable domain adaptation using unsupervised feature selection on pre-trained source models,N/A,N/A,N/A,N/A,9451cea1bbff079683432212d3553fbb
"The paper presents a method for domain adaptation in machine learning where the target domain has scarce labeled data. It proposes a solution that does not require retraining the source model, making it model-agnostic and interpretable. The method involves using a pseudo-label estimator based on rank-stability in regards to the source model prediction, and selecting features that need to be adapted based on this estimation.",The paper does not focus on climate or ecological sustainable development directly.,,The paper does not focus on any sub-categories related to climate or ecological sustainable development.,,
,N/A,N/A,N/A,N/A,
,No aspects of the paper address secondary themes of climate or ecological sustainable development.,,The focus of the paper provides no direct link to any secondary sub-categories of climate or ecological sustainable development.,,
"Intervertebral Disc Labeling With Learning Shape Information, A Look Once Approach",N/A,N/A,N/A,N/A,ca7ed6b204625be0e2cd2f2bee954bc3
"The paper presents a novel U-Net-based architecture for the automatic segmentation of intervertebral discs in medical images, aimed at improving the diagnosis of spine-related diseases. The method incorporates shape information to enhance model performance and introduces a 'look once' model for efficient disc location prediction, reducing false positives. Evaluated on a publicly available dataset, the approach demonstrated superior performance over existing methods.","The paper does not directly address any issues or themes related to Climate or Ecological Sustainable Development, focusing instead on medical advancements and image processing technologies.",,There is no sub-category relevant to Climate or Ecological Sustainable Development within the context of this paper as it pertains to medical imaging solutions.,,
Invariant representation driven neural classifier for anti-QCD jet tagging,N/A,N/A,N/A,N/A,bef2d366fab8f2d71547695b3c537e52
"The paper explores representation learning and neural network-based classification in jet physics. It aims to detect non-QCD signal jets, utilizing a supervised Standard Model neural jet classifier to reduce QCD background and demonstrate effective anomaly detection.",The paper does not directly address any themes related to climate or ecological sustainable development. It focuses on jet tagging using machine learning in particle physics.,,The subject matter of the paper does not align with any sub-categories related to climate or ecological sustainable development.,,
,N/A,N/A,N/A,N/A,
,There are no secondary themes within climate or ecological sustainable development that are addressed in the paper.,,The paper does not cover any specific sub-categories relevant to climate or ecological sustainable development.,,
Investigating Multi-task Pretraining and Generalization in Reinforcement Learning,N/A,N/A,N/A,N/A,ada825ce6157a68e0cf6e7f61fd0bfcc
"This paper explores the performance of multi-task pretraining and generalization in reinforcement learning, particularly using the IMPALA algorithm. The authors focus on Atari game variants as benchmarks and examine the impact of pretraining on multiple tasks and its effect on generalization to unseen tasks. The paper finds that agents trained with more variations generalize better and explores the benefits of larger network architectures in this context.","The paper does not focus on any climate or ecological sustainable development issues. Its central theme is the multi-task pretraining and generalization in reinforcement learning, without specific references to sustainability practices or applications.",,"As with primary category, the sub-category is not applicable since the paper doesn't pertain to any climate or ecological sustainable development sub-category directly.",,
,N/A,N/A,N/A,N/A,
,No secondary categories related to climate or ecological sustainable development are applicable as the paper does not discuss any related themes.,,The content does not address any secondary sub-categories in the realm of climate or ecological sustainable development.,,
Invited commentary on Stoehr J et al: The personal impact of involvement in international global health outreach: A national survey of former operation smile student volunteers.,N/A,N/A,N/A,N/A,9b84099aca1ccddc6b016ced8ceae77b
"The paper is an invited commentary on a study about the personal impact of international health outreach programs, specifically focusing on volunteers from Operation Smile. The commentary reflects on the benefits and challenges of global health volunteerism, highlighting personal growth in volunteers but emphasizing the need to focus primarily on improving surgical care in under-resourced countries.",The paper focuses on personal growth from global health outreach and not directly on Climate or Ecological Sustainable Development.,,"Since the primary category is not related to Climate or Ecological Sustainable Development, the sub-category is also not applicable.",,
Isometric Energies for Recovering Injectivity in Constrained Mapping,N/A,N/A,N/A,N/A,a1cf29400c2bb012efb307b3466e13b1
"This paper discusses methods to compute injective maps with low-distortion for use in geometric applications. The focus is on isometric energies which modify existing injectivity energies to reduce distortion while maintaining constraints. It evaluates new energies called Isometric TLC and Isometric SEA on benchmarks for 2D and 3D mesh mapping, demonstrating significant reduction in isometric distortion compared to traditional methods.","While the computational methods discussed could have indirect applications in ecologically sustainable technologies like computer modeling for energy efficiency, the paper itself does not directly address Climate or Ecological Sustainable Development.",,The paper does not explicitly align with any sub-category of Climate or Ecological Sustainable Development apart from potential indirect applications.,,
,N/A,N/A,N/A,N/A,
,The focus of the paper remains purely on computational techniques without additional concern for climate-related or ecological topics as secondary themes.,,The paper does not include secondary content related to other specific Climate or Ecological Sustainable Development sub-categories.,,
,,,N/A,,
,,,Secondary sustainability-related sub-categories are not explicitly touched upon or relevant.,,
Joint Multisided Exposure Fairness for Recommendation,N/A,N/A,N/A,N/A,e0e9f87cb47528f48c92fdc52c60095e
"This paper addresses the issue of exposure fairness in recommender systems, particularly focusing on systemic disparities that affect groups of users and items. The authors extend existing frameworks to introduce a family of metrics that quantify joint multisided exposure (JME) fairness from the perspective of both consumers and producers. It investigates fairness concerns beyond individual users and items, identifying systemic biases, and proposes stochastic ranking policies optimized towards these fairness goals.",The paper does not directly address any climate or ecological sustainable development themes or categories.,,The research does not fit under any predefined sub-categories as it does not concern itself with climate or ecological topics.,,
,N/A,N/A,N/A,N/A,
,The paper does not address secondary climate or ecological sustainable development themes.,,There are no applicable secondary sub-categories as the paper's focus is not related to environmental or ecological issues.,,
Joint Prompt Optimization of Stacked LLMs using Variational Inference,N/A,N/A,N/A,N/A,a18fa34ab7605ff01c2b42c487a23e6e
"The paper discusses the development of Deep Language Networks (DLN) by stacking large language models and optimizing them through joint prompt optimization using variational inference. It covers techniques for single-layer and two-layer DLNs, focusing on optimizing the prompt from a discrete space to improve performance across various language tasks. It explores the integration of multiple LLM calls into a unified system and evaluates the performance showing advancements over existing models like GPT-3 and offering comparable results with more complex structures like GPT-4.",There were no direct references or implications of the research impacting climate or ecological sustainable development within the focus and analyses proposed by the paper.,,The sub-category is not relevant as the paper does not align with the predefined sub-categories in climate or ecological sustainable development.,,
,N/A,N/A,N/A,N/A,
,There were no secondary elements of the paper that aligned with any themes or sub-categories directly related to climate or ecological sustainable development.,,"The methodologies and experiments described are primarily focused on computational models, which do not intersect with defined sustainable sub-categories.",,
Kubric: A scalable dataset generator,N/A,N/A,N/A,N/A,d0f7d07aaf252b5e8433ea83f5e7d21a
Kubric is an Python framework designed to generate synthetic data with rich annotations for machine learning tasks. It is especially useful in artificial data generation for tasks such as 3D NeRF models and optical flow estimation. It utilizes rendering engines like Blender for high realism and scales to large operations to generate extensive datasets for deep learning training and testing.,"The focus of the paper is on the creation of synthetic data and improvement of machine learning models, without a specific focus on climate or ecological application.",,There is no specific sub-category that matches the content of this paper as it does not engage directly with climate or ecological sustainable development goals.,,
LEAD: Min-Max Optimization from a Physical Perspective,N/A,N/A,N/A,N/A,a1133517796186ae9dca9e3959210ff2
"The paper presents an optimization technique called LEAD, designed for min-max games, by drawing parallels between optimization dynamics and particle physics. Emphasizing the importance of rotational dynamics in optimizing generative adversarial networks (GANs), the paper explains how LEAD can be applied using Lyapunov stability theory to improve convergence rates and solve challenges in large-scale GAN training.",The paper does not address any specific climate or ecological sustainable development themes. It is primarily concerned with the mathematical and computational aspects of optimization in machine learning contexts.,,There are no applicable sub-categories that align with the focus of the paper since it does not address any climate or sustainability issues.,,
,N/A,N/A,N/A,N/A,
,There are no secondary themes in the paper that are related to climate or ecological sustainable development.,,The paper lacks components that fit under any sub-categories related to ecological or climate sustainability themes.,,
Label fusion and training methods for reliable representation of inter-rater uncertainty,N/A,N/A,N/A,N/A,98e7e1a4139b4c32f92f86c4ecc1e617
"This paper explores different methods for fusing labels from multiple raters in medical imaging to address inter-rater variability and improve deep learning model reliability. It evaluates three label fusion approaches (STAPLE, averaging, random sampling) and compares them with traditional and SoftSeg training frameworks, across two medical imaging datasets, assessing calibration, uncertainty estimation, and segmentation performance.","The paper discusses medical image segmentation techniques and evaluation methods, which are outside the scope of Climate or Ecological Sustainable Development categories.",,"The study is strictly about label fusion methods and training models in medical imaging, not concerning any sub-category within Climate or Ecological Sustainable Development.",,
,N/A,N/A,N/A,N/A,
,There are no elements in the paper that address secondary Climate or Ecological Sustainable Development themes as it is entirely focused on medical imaging and deep learning techniques.,,"Given the focus on medical imaging and not on environmental or ecological domains, no secondary sub-categories related to Climate or Ecological Sustainable Development are applicable.",,
Latent Bottlenecked Attentive Neural Processes,N/A,N/A,N/A,N/A,a82b296aa2332f57b910d493b47986b3
"The paper introduces Latent Bottlenecked Attentive Neural Processes (LBANPs), a neural process variant designed to improve computational efficiency in predictive modeling tasks. LBANPs address scalability issues present in existing models like Transformer Neural Processes (TNPs), offering a querying computational complexity that is independent of the number of context datapoints. The paper shows that LBANPs perform competitively in meta-regression, image completion, and contextual multi-armed bandits, while maintaining low memory and time requirements. The model incorporates a latent bottleneck approach to balance performance and computational demands, and can scale to larger datasets than other attention-based NP variants.","The paper deals with meta-learning and computational efficiency in neural processes, which are not directly aligned with any specific themes or applications in Climate or Ecological Sustainable Development.",,"There are no specific sub-categories in Climate or Ecological Sustainable Development that match the topics discussed in the paper, as it focuses on neural process efficiency.",,
,N/A,N/A,N/A,N/A,
,No secondary themes related to Climate or Ecological Sustainable Development were identified within the scope of the paper.,,The paper does not delve into any specific sub-categories that pertain to Climate or Ecological Sustainable Development.,,
Latent State Marginalization as a Low-cost Approach for Improving Exploration,N/A,N/A,N/A,N/A,9eafacb2ba72e003b51552953a2c4ff3
"This paper presents a method to improve exploration in reinforcement learning by using latent variable policies within the maximum entropy framework. It introduces improvements such as low-cost marginalization of latent states, enabling more effective exploration and robust training. The proposed ""Stochastic Marginal Actor-Critic"" (SMAC) algorithm is validated on continuous control tasks.",The paper's focus on reinforcement learning techniques does not align directly with any of the predefined categories related to Climate or Ecological Sustainable Development.,,The paper does not address any specific sub-category within the Climate or Ecological Sustainable Development areas as defined.,,
,N/A,N/A,N/A,N/A,
,There are no secondary themes in the paper that align with Climate or Ecological Sustainable Development categories.,,No relevant secondary sub-categories from the Climate or Ecological Sustainable Development list were identified in the paper.,,
Learning GFlowNets from partial episodes for improved convergence and stability,N/A,N/A,N/A,N/A,bd9c388f7e639c3a33ec46a01f999067
The paper explores Generative Flow Networks (GFlowNets) and introduces a new learning objective called subtrajectory balance (SubTB(𝜆)). SubTB aims to enhance the convergence and stability of GFlowNets by learning from partial action subsequences of varying lengths. The study suggests that SubTB(𝜆) can improve the training of GFlowNets in environments with sparse rewards or longer action sequences. It also compares SubTB's effectiveness against existing GFlowNet objectives and highlights its benefits in terms of reducing variance and improving credit assignment during training.,"The paper's main focus is on deep learning methodologies without a direct application to climate change, ecological sustainability, or any indicated sector dealing specifically with sustainable development.",,There is no direct linkage with sustainable development or ecological objectives in the focus or application of the study presented.,,
,N/A,N/A,N/A,N/A,
,The analysis and methods described do not extend to secondary themes related to climate or ecological sustainable development based on the paper's abstract and content description.,,"The sub-categories of the sustainable development hierarchical list are not addressed in this paper, as it concentrates on algorithm enhancements rather than sustainability topics.",,
Learning Lyapunov-Stable Polynomial Dynamical Systems Through Imitation,N/A,N/A,N/A,N/A,b81598ffc3d37d58b74cf1cfaa20576a
"The paper presents an approach to learning globally stable nonlinear dynamical systems as motion planning policies by modeling them with parametric polynomials and learning with a Lyapunov candidate. This method aims to provide stability guarantees while efficiently reproducing expert trajectories, and its effectiveness is demonstrated both in simulations and real-world experiments with a robotic manipulator arm.","The paper does not explicitly align with any central themes in Climate or Ecological Sustainable Development. Its main focus is on robotics, imitation learning, and mathematical stability in dynamical systems.",,The described research does not fall into any existing sub-categories under the specified climate or ecological sustainable development areas.,,
,Climate Change Mitigation,N/A,Energy Efficiency in Buildings,N/A,
,Secondary consideration of energy efficiency may be considered as part of broader climate-smart technology due to improved computational efficiency.,"Despite the fact that it might be true, it is not mentioned in the paper.",The paper hints at improving computational efficiency which relates to broader technological optimizations often similar to efforts in reducing energy requirements.,"Despite the fact that it might be true, it is not mentioned in the paper.",
Learning Neural Implicit Representations with Surface Signal Parameterizations,N/A,N/A,N/A,N/A,9bb48f223a66f16db0837a5d8d8c15cb
The paper presents a novel neural network architecture designed to encode surface parameterizations suitable for appearance data in neural implicit surfaces. This method retains compatibility with existing mesh-based digital content methods and enables applications like texture mapping.,"The research focuses on computer graphics and neural representations, which do not directly relate to any specific climate or ecological sustainable development category.",,The paper doesn’t fit any specific sub-category related to climate or ecological sustainability as per the guidelines.,,
,N/A,N/A,N/A,N/A,
,There are no secondary categories relevant to climate or ecological sustainable development as the paper does not address these themes.,,The paper does not address any secondary sub-categories relevant to climate or ecological sustainable development.,,
Learning Reliable Logical Rules with SATNet,N/A,N/A,N/A,N/A,d0e4ff9034f0a82ad87707411e7caca1
"The paper presents a framework for generating interpretable logical rules using SATNet, a differentiable MaxSAT solver. It addresses the issue of SATNet's learned weights being hard to interpret by introducing a new method called 'maximum equality' to decode the weights into a set of weighted MaxSAT formulae that are both interpretable and verifiable. The framework is evaluated on tasks like Sudoku and stream transformations, showing high reliability and accuracy.",The primary focus of the paper is on AI and logic interpretability rather than Climate or Ecological Sustainable Development.,,"There are no sub-categories applicable as the paper strictly deals with logical reasoning and interpretability in AI, not with sustainable development.",,
,N/A,,N/A,,
,The paper does not address secondary climate-related themes as it is centered on improving AI systems' logical reasoning capabilities.,,No secondary sub-categories relevant to Climate or Ecological Sustainable Development are covered.,,
Learning Tabu Search Algorithms: A Scheduling Application,N/A,N/A,N/A,N/A,d7a2fec0e8272dabeaf4ff2d93bee603
"This paper introduces a learning algorithm aimed at improving the performance of tabu search algorithms by reducing their search space and evaluation effort. The method leverages classification approaches like logistic regression and decision trees to guide the tabu search process more efficiently. The paper evaluates the algorithm through a physician scheduling application, demonstrating improved performance under both deterministic and stochastic conditions. It emphasizes the benefit of integrating machine learning techniques into metaheuristics to enhance combinatorial optimization problems.",The paper does not align with any specific Climate or Ecological Sustainable Development categories as its focus is on algorithmic improvements in the context of combinatorial problems.,,No sub-categories of Climate or Ecological Sustainable Development are relevant to the paper's content.,,
,N/A,N/A,N/A,N/A,
,There are no secondary themes related to Climate or Ecological Sustainable Development addressed in this paper.,,There are no relevant sub-categories related to Climate or Ecological Sustainable Development within the paper's scope.,,
Learning What You Need from What You Did: Product Taxonomy Expansion with User Behaviors Supervision,N/A,N/A,N/A,N/A,9ecbf96a3cab60b06cc6900041130bfd
This paper presents a self-supervised and user behavior-oriented framework for expanding product taxonomies in e-commerce. It leverages user-generated content and click logs to infer hyponymy relations and append new concepts to existing taxonomies.,"The paper does not primarily address any specific aspect of Climate or Ecological Sustainable Development. Instead, it focuses on taxonomy expansion in e-commerce using AI.",,"As there is no focus on climate or ecological sustainability, no relevant sub-category can be identified from the list.",,
Learning on Large-scale Text-attributed Graphs via Variational Inference,N/A,N/A,N/A,N/A,a61544a471e470346ab3ef798a8ac0a3
"This paper proposes an efficient solution for learning on large text-attributed graphs by integrating text and graph structure information using large language models and graph neural networks within a variational Expectation-Maximization framework. The method alternately updates large language models and graph neural networks, enhancing efficiency and scalability for applications such as node classification and link prediction.",The central theme of the paper is on computational methods and their efficiency rather than on any direct application to climate or ecological sustainable development.,,No sub-category of climate or ecological sustainable development is addressed directly by the paper's main focus on large-scale text-attributed graph learning methodologies.,,
,N/A,N/A,N/A,N/A,
,"Secondary theme analysis confirms that the paper does not focus on climate or ecological sustainable development, maintaining its focus on computational methodologies.",,"Sub-category analysis does not reveal alignment with any specific sustainable development initiatives or applications, as the paper remains focused on technical machine learning methodologies.",,
Leishmania parasites exchange drug-resistance genes through extracellular vesicles,N/A,N/A,N/A,N/A,a145025a4d86953aeafaf5ffcbde4d2c
"This paper explores the mechanism by which Leishmania parasites exchange drug-resistance genes using extracellular vesicles (EVs). It investigates the DNA content of EVs derived from drug-resistant parasites and their role in horizontal gene transfer, leading to the propagation of drug-resistant subpopulations. The study demonstrates how EVs serve as carriers of genetic material that improves resilience and adaptability of the parasites in stressful environments.","Neither climate nor ecological sustainable development is the central theme of this paper, which focuses on medical parasitology and drug resistance.",,There are no direct applications or discussions related to climate or ecological sustainable development in the paper's findings.,,
Local Structure Matters Most: Perturbation Study in NLU,N/A,N/A,N/A,N/A,96f293a4fa89a6f78d15c9bc95403e8e
"This paper explores the impact of local and global perturbations on neural language models, particularly focusing on character-level and subword-level perturbations. It finds that neural models primarily rely on the local structure of text, with little use of global ordering. The study examines various types of perturbations to understand their effects on model performance in natural language understanding tasks.","The central theme of the paper revolves around natural language understanding models and perturbations, which do not directly align with the predefined categories related to climate or ecological sustainability.",,The content of the paper is specific to language model perturbation studies without direct relevance to any sub-categories in climate or ecological sustainable development.,,
Long Range Graph Benchmark,N/A,N/A,N/A,N/A,95fb671c9c9fb69b01659e4e7989a74d
"The paper presents the Long Range Graph Benchmark (LRGB), consisting of five datasets specifically designed to evaluate Graph Neural Networks (GNNs) and Graph Transformers in their ability to capture long-range interactions on graph data. It identifies shortcomings in existing benchmarks, which often focus on local interactions, and emphasizes the importance of considering long-range dependencies for certain tasks. The datasets cover various domains, including computer vision and chemistry, and include tasks like node classification and link prediction.",The paper does not directly address any category related to Climate or Ecological Sustainable Development. It focuses on the technical aspects of machine learning models in the context of graph data.,,"As the paper does not relate directly to any application or field in sustainable development, no specific sub-category is identified.",,
,N/A,N/A,N/A,N/A,
,"Similarly, no secondary themes relevant to Climate or Ecological Sustainable Development are identified, as all content is focused on technical performance of AI models.",,No secondary sub-categories are identified due to the lack of direct connection to sustainable development themes.,,
MAGNIFICo: Evaluating the In-Context Learning Ability of Large Language Models to Generalize to Novel Interpretations,N/A,N/A,N/A,N/A,aef1de7081ebd77bbac95dc315c0f1a5
"This paper analyzes the capability of Large Language Models (LLMs) to acquire and generalize novel interpretations through in-context learning. It introduces an evaluation suite, MAGNIFIC O, which is based on text-to-SQL semantic parsing and employs novel ways of interpreting tokens to test LLMs in realistic scenarios. The study reveals the strengths and limitations of different models, especially regarding learning from natural language descriptions and long-form dialogues.","The paper does not specifically address any of the predefined Climate or Ecological Sustainable Development categories. Its focus is on language models and their capabilities, not sustainable development.",,"Since the paper does not align with any sustainable development categories, it also lacks relevance to the sub-categories.",,
,N/A,N/A,N/A,N/A,
,No secondary sustainable development themes are covered as the paper is strictly about language model interpretation abilities.,,No secondary sub-categories are applicable because the paper's subject is unrelated to sustainable development.,,
MAPL: Parameter-Efficient Adaptation of Unimodal Pre-Trained Models for Vision-Language Few-Shot Prompting,N/A,N/A,N/A,N/A,bdcc5f8d291542bf7ad0ec36480988ab
"This paper introduces MAPL, a method that adapts pre-trained unimodal vision and language models for multimodal vision-language tasks. MAPL leverages a lightweight mapping network between visual and textual representations, enabling the use of strong generalization capabilities from frozen pre-trained models. The approach is tested on tasks like image captioning and visual question answering, demonstrating superior or competitive performance with significantly fewer trainable parameters.","The paper does not focus on climate or ecological sustainable development. Instead, it is centered on methodological advancements in deep learning models for vision and language tasks.",,There are no direct sub-categories related to climate or ecological sustainable development mentioned or implied in the paper.,,
,N/A,N/A,N/A,N/A,
,"Similarly, secondary aspects of this paper do not inherently focus on sustainability but rather on model efficiency and application in vision-language tasks.",,"Again, there are no apparent sub-categories related to sustainability themes.",,
"MCVD: Masked Conditional Video Diffusion for Prediction, Generation, and Interpolation",N/A,N/A,N/A,N/A,9cbd98c642eded7041f0833784d02809
"The paper presents a framework called Masked Conditional Video Diffusion (MCVD) for video prediction, generation, and interpolation. It utilizes a probabilistic conditional score-based denoising diffusion model conditioned on past and/or future frames. The approach involves randomly masking past or future frames to train a model capable of various video tasks such as future or past prediction, unconditional generation, and interpolation.",The paper does not directly address Climate or Ecological Sustainable Development.,,There are no direct connections to Climate or Ecological Sustainable Development sub-categories in the paper.,,
,,,,,
,,,,,
MOT: A Multi-Omics Transformer for Multiclass Classification Tumour Types Predictions,N/A,N/A,N/A,N/A,97b96aea8ae0675ec7a92dad37b4256f
"This paper introduces the Multi-Omics Transformer (MOT) model, leveraging transformer architecture for tumor classification based on multi-omics data. The model integrates various omics data (mRNA, miRNA, DNA methylation, CNVs, and proteomics) to discriminate among multiple cancer types, achieving high accuracy even when some data views are missing.","The paper primarily focuses on biomedical applications, specifically cancer classification, which does not align with any of the predefined climate or ecological sustainable development categories.",,There are no relevant sub-categories applicable since the paper does not address climate or ecological sustainable development.,,
,N/A,N/A,N/A,N/A,
,There are no secondary themes related to climate or ecological sustainable development within the scope of this paper.,,"Since the primary focus is unrelated to sustainable development, there are no applicable sub-categories.",,
Machine-learning-based arc selection for constrained shortest path problems in column generation,N/A,N/A,N/A,N/A,9b9972cfcc4d67416178befe495a6b3e
"The paper proposes a machine-learning-based heuristic pricing algorithm to reduce the computational time of solving constrained shortest path problems (SPPRC) in column generation methods. By training a machine learning model on data from previous executions, the algorithm selects arcs that are more likely to be part of the optimal solution, thus reducing the network size and speeding up the pricing problem. This approach is tested on vehicle and crew scheduling problems and vehicle routing problems with time windows, achieving significant reductions in computational time.",The paper's focus is on computational optimization in routing and scheduling through machine learning and does not align with any direct climate or ecological sustainable development goals.,,The paper does not directly fit into any specific sub-category of climate or ecological sustainable development.,,
,N/A,N/A,N/A,N/A,
,There are no secondary themes related to climate or ecological sustainable development.,,No sub-categories related to climate or ecological sustainable development are addressed.,,
,,,,,
,,,,,
Magnetoencephalography resting-state correlates of executive and language components of verbal fluency,N/A,N/A,N/A,N/A,ba880cd572c8c05ffb768e4cef6d3474
"The paper investigates the neural correlates of executive and language components of verbal fluency using magnetoencephalography (MEG). It aims to distinguish brain activities associated with different cognitive processes during a verbal fluency test, utilizing cluster-level statistics across frequency bands.","The paper is not focused on climate or ecological sustainable development, but rather on exploring aspects of cognitive neuroscience.",,The sub-categories available are not applicable as the topic does not relate to any specific environmental or sustainability focus.,,
,N/A,N/A,N/A,N/A,
,The focus remains on neuroscience and does not intersect with environmental or sustainability issues.,,"Similar to the primary sub-category, none of the predefined options apply due to the non-ecological focus of the study.",,
Manifold Alignment with Label Information,N/A,N/A,N/A,N/A,ae8559afdd88cf682e319a0e8302e24b
The paper presents a novel manifold alignment method called MALI (Manifold Alignment with Label Information) which aims to align datasets from different domains using the manifold structure and label information. The method operates in a middle ground between purely unsupervised and semi-supervised approaches and demonstrates superior performance across multiple datasets.,"The primary focus of the paper is on manifold alignment using label information, which does not directly relate to any of the predefined Climate or Ecological Sustainable Development categories or sub-categories.",,The sub-category is also not applicable as the paper's content does not align with specific climate or ecological sustainability initiatives or technologies.,,
Mapping parallelism in a functional IR through constraint satisfaction: a case study on convolution for mobile GPUs,N/A,N/A,N/A,N/A,a1e72fdb1ed10e109f0b5c9952105314
"This paper explores the challenges of automatic parallel code generation for GPUs, particularly focusing on convolutional neural networks (CNNs) on mobile GPUs. It presents a method for mapping parallelism using a functional intermediate representation (IR) and constraint satisfaction. The approach aims to automate the parallelization process, reduce memory usage, and improve performance. The paper evaluates its method using the VGG-16 CNN architecture on ARM Mali GPUs, comparing its performance with that of existing libraries and methods.","The main theme of the paper is the optimization of GPU code generation, which does not align directly with any climate or ecological sustainable development category.",,"The content does not relate to the predefined sub-categories of climate or ecological sustainable development, as it centers on parallel computational techniques for mobile GPUs.",,
,N/A,N/A,N/A,N/A,
,The paper primarily deals with computational optimizations and does not engage with secondary climate or ecological topics.,,No secondary sub-categories apply as the paper primarily addresses technical aspects of GPU programming.,,
MasakhaPOS: Part-of-Speech Tagging for Typologically Diverse African languages,N/A,N/A,N/A,N/A,9a8507a41f8bb40decbdd921089f0668
"The paper presents MasakhaPOS, a part-of-speech tagging dataset for 20 diverse African languages. It addresses challenges in annotating POS using UD guidelines and conducts baseline experiments with this dataset using conditional random field models and multilingual pretrained language models. Cross-lingual transfer methods are explored to improve POS tagging performance by transferring knowledge between languages.","The primary focus of the paper is linguistic development and NLP for African languages, not directly related to any ecological or climate sustainability efforts.",,The paper does not fit into any sub-category related to climate or ecological sustainability.,,
,N/A,N/A,N/A,N/A,
,The paper does not cover any secondary themes related to climate or ecological sustainability.,,The paper does not address any sub-categories related to climate or ecological sustainability.,,
Mastering the Unsupervised Reinforcement Learning Benchmark from Pixels,N/A,N/A,N/A,N/A,e4fc4aaa9b57a36bd68b409de145eb7f
"The paper presents a method using unsupervised model-based reinforcement learning (RL) to surpass the Unsupervised RL Benchmark (URLB) from pixel observations. This approach involves pre-training an agent with unsupervised learning, followed by a task-aware fine-tuning strategy that leverages a new hybrid planner called Dyna-MPC. The paper highlights the efficiency of world model pre-training, task-aware fine-tuning, and planning in imagination for achieving performance improvements over previous benchmarks, even under environment perturbations.","The paper does not address Climate or Ecological Sustainable Development in its core discussions, focusing instead on technical advances in unsupervised reinforcement learning and artificial agent control.",,The study does not directly align with any specific sub-category related to climate or ecological sustainable development.,,
,N/A,N/A,N/A,N/A,
,"As the primary theme is not focused on Climate or Ecological Sustainable Development, there are no secondary categories that relate to these aspects.",,"Sub-categories related to climate or ecological sustainable development are not applicable to the focus of this paper, which is on technical advancements in unsupervised reinforcement learning.",,
Matching Feature Sets for Few-Shot Image Classification,N/A,N/A,N/A,N/A,fe512e6ee64be7ffddcce79241121752
"This paper proposes a novel approach to few-shot image classification by using sets of feature vectors for image representation instead of single feature vectors. The authors develop an architecture termed SetFeat, incorporating shallow self-attention modules into feature extractors, which results in a more discriminative and transferable feature space. The method is demonstrated to outperform existing state-of-the-art models on standard few-shot datasets.",The content of the paper does not explicitly address any of the predefined Climate or Ecological Sustainable Development categories. It is focused on technical advancements in image classification models.,,"Since the primary category was determined to be 'N/A', there is no applicable sub-category for this paper.",,
,N/A,N/A,N/A,N/A,
,"As the focus of the paper is not aligned with Climate or Ecological Sustainable Development, there are no secondary categories related to these themes.",,No secondary sub-categories are applicable as the paper does not relate to Climate or Ecological Sustainable Development themes.,,
Maximal Initial Learning Rates in Deep ReLU Networks,N/A,N/A,N/A,N/A,960251246bcc3bf85ec2fad9067d51a0
"The paper explores the concept of the maximal initial learning rate in deep learning, specifically in fully-connected ReLU networks. It introduces the maximal initial learning rate η∗, which is the largest rate at which a network can begin training successfully. The authors analyze how this rate is determined by the architecture of the network, specifically the depth and width, and its relationship to the sharpness λ1 of the network at initialization. They provide empirical and theoretical insights into how η∗ can be computed and how it behaves differently from learning rates in later stages of training.",The paper does not address any specific climate or ecological sustainable development goals. It focuses on theoretical and empirical analyses within the realm of machine learning training processes.,,The paper's focus does not align with any specific sub-categories of climate or ecological sustainable development.,,
,N/A,N/A,N/A,N/A,
,There are no secondary sustainable development themes addressed in the paper.,,No relevant secondary sub-categories are applicable as the paper is primarily about deep learning training methodologies.,,
Measuring Commonality in Recommendation of Cultural Content: Recommender Systems to Enhance Cultural Citizenship,N/A,N/A,N/A,N/A,b68983943afa33d097b5e4b04fcd17a6
"This paper introduces the concept of 'commonality' as a metric to evaluate recommender systems in cultural content distribution. Focused on cultural citizenship, it proposes a shift from personalization to enhancing shared cultural experiences and diversity. The study includes a case analysis of movie recommendations, comparing traditional and commonality metrics, highlighting the complementarity of these approaches and advocating for diversity and commonality in the media.",The paper's focus on cultural diversity and citizenship through recommender systems does not directly relate to any predefined category of Climate or Ecological Sustainable Development.,,The detailed study of recommender systems and cultural content does not correlate with any specific sub-category under the given Climate or Ecological Sustainable Development frameworks.,,
Measuring the Knowledge Acquisition-Utilization Gap in Pretrained Language Models,N/A,N/A,N/A,N/A,9a8c8998e45d4d1f2c4afef7fbb01db9
"This paper proposes a systematic framework titled XT RA E VAL to measure the parametric knowledge utilization in pre-trained language models (PLMs). It explores the gap between what models acquire in terms of knowledge and what they can actually utilize in downstream tasks. The study finds significant gaps in models' robustness and generalization capabilities, especially under distributional shifts. The framework evaluates how the size and scaling of models affect these knowledge gaps.",The paper does not address climate or ecological sustainable development themes directly.,,There is no direct link to the sub-categories defined for sustainable development.,,
,N/A,N/A,N/A,N/A,
,There are no secondary themes related to climate or ecological sustainable development.,,The content does not relate to multiple climate or ecological sustainable development themes.,,
Membership Inference Attacks Against Temporally Correlated Data in Deep Reinforcement Learning,N/A,N/A,N/A,N/A,b3bef02507d6120128ce09213f390b17
"This paper addresses the vulnerability of deep reinforcement learning (RL) models to membership inference attacks (MIAs), particularly focusing on the impact of temporally correlated training data. The authors propose an adversarial attack framework to assess this vulnerability and demonstrate its effectiveness in high-dimensional control tasks. The paper explores how the temporal correlation within training data influences privacy risks and examines the performance of different MIAs in both individual and collective data points.",The paper does not discuss or target any specific climate or ecological sustainable development objectives or methods.,,No sub-category fits as the paper does not focus on climate or ecological themes.,,
,N/A,N/A,N/A,N/A,
,The content does not align with any secondary climate or ecological sustainable development themes as it centers on privacy and confidentiality in machine learning contexts.,,"Again, no relevant climate or ecological sub-categories are applicable based on the paper's focus.",,
,,,N/A,,
,,,There are no intersecting ecological themes addressed in the work.,,
MeshDiffusion: Score-based Generative 3D Mesh Modeling,N/A,N/A,N/A,N/A,963a88abe0c10a5eafe51ae76192602e
"The paper introduces MeshDiffusion, a diffusion model designed for generating high-quality 3D meshes. The model leverages a deformable tetrahedral grid representation to overcome limitations of previous methods and aims to produce detailed geometric shapes that are useful in applications such as virtual reality and the metaverse. The paper emphasizes the model's performance in generating fine-grained geometric details and its stability during training. Various experiments are conducted, showcasing its capabilities in both unconditional and conditional generation tasks.","The primary focus of the paper is on developments in generative 3D modeling, specifically using diffusion models for mesh generation. This does not directly align with any Sustainable Development Goals focused on climate or ecology.",,The innovations and methods discussed do not relate to any specific ecological or climate-related sub-category as defined in the sustainable development hierarchy.,,
Meta- (out-of-context) learning in neural networks,N/A,N/A,N/A,N/A,d9b73f0d1318598141efcd0f8cdd5f3e
"This paper explores meta-out-of-context learning (meta-OCL) in neural networks, focusing on how models internalize semantic content from various sources differently based on perceived reliability. Through experiments, the authors demonstrate that language models trained with gradient-descent-based methods can learn to prioritize semantic content from authoritative sources, such as Wikipedia, over less reliable ones, like 4chan. The study broadens to include a synthetic computer vision setting and discusses potential mechanisms and implications for AI capabilities and risks.","The paper's primary focus is on the theoretical exploration of learning mechanisms in neural networks, specifically meta-out-of-context learning, which does not address any particular Climate or Ecological Sustainable Development goal.",,"As the paper does not align with any Climate or Ecological Sustainable Development categories, no sub-category can logically be assigned.",,
,N/A,N/A,N/A,N/A,
,"No secondary connection to Climate or Ecological Sustainable Development goals is found in the paper, as it is focused on machine learning methodologies rather than environmental or sustainability topics.",,The sub-categories do not apply as the paper is focused on neural network learning phenomena not connected to specific Climate or Ecological themes.,,
Metadata Archaeology: Unearthing Data Subsets by Leveraging Training Dynamics,N/A,N/A,N/A,N/A,a271632b956b29e69164457b97a1c45b
"This paper introduces a framework called Metadata Archaeology, specifically Metadata Archaeology via Probe Dynamics (MAP-D), which focuses on efficiently uncovering and inferring metadata within datasets. The methodology involves curating data subsets and leveraging training dynamics to identify mislabeled, atypical, or minority-group examples, among others, without relying heavily on prior domain knowledge or human annotations. It aims to address data quality and diversity issues in machine learning by providing a unified approach instead of tackling individual metadata issues in isolation.",The paper primarily deals with methodologies to improve the efficiency of data subset identification and does not address any specific sustainable development categories related to climate or ecology.,,The paper does not delve into any sub-categories related to sustainable development as its focus is on machine learning datasets and metadata.,,
,N/A,N/A,N/A,N/A,
,There are no secondary themes in the paper that align with any specific climate or ecological sustainable development categories.,,"As there are no secondary climate or ecological themes, no applicable sub-categories can be identified.",,
Metrics Reloaded - A new recommendation framework for biomedical image analysis validation,N/A,N/A,N/A,N/A,a7053aff3b9abee4e9ce8aeded379669
"The paper presents a new recommendation framework for the selection of performance metrics in biomedical image analysis. The framework involves creating a problem fingerprint that categorizes problems and guides the selection of appropriate metrics. This process aims to address the limitations of current metric selection in biomedical image analysis, offering a structured approach to align metrics with the specific characteristics of biomedical problems. The paper is a collaborative effort involving experts from multiple institutions.","The paper's focus is on biomedical image analysis and metric selection, which does not align with any specific Climate or Ecological Sustainable Development categories.",,"Since the primary category is N/A, a specific sub-category also does not apply.",,
Microscopy-BIDS: An Extension to the Brain Imaging Data Structure for Microscopy Data,N/A,N/A,N/A,N/A,a1f9991193d636610b3a413ce0a14be7
"The paper presents 'Microscopy-BIDS', an extension to the Brain Imaging Data Structure (BIDS), designed specifically for organizing, sharing, and archiving microscopy imaging data. It provides a standardized structure and metadata for various microscopy methods, facilitating multi-modal imaging analysis.",The paper does not relate directly to any category of Climate or Ecological Sustainable Development as it is centered around data structure improvements for neuroscience.,,"Since the paper does not align with any primary category related to sustainable development, there is no applicable sub-category.",,
Minigrid & Miniworld: Modular & Customizable Reinforcement Learning Environments for Goal-Oriented Tasks,N/A,N/A,N/A,N/A,c6b3daf060ad00eb5aadc35efd7aee5d
"The paper introduces Minigrid and Miniworld, two libraries for reinforcement learning that allow for the creation of goal-oriented 2D and 3D environments. These libraries are designed with a minimalistic approach to facilitate research and extendability by providing a customizable and scalable platform. They are widely used for RL research and include features that aid in visualization, customization, and the scalability of task complexity.",The paper does not focus on climate or ecological sustainable development as a primary theme.,,There is no sub-category alignment with climate or ecological sustainable development topics.,,
,N/A,,N/A,,
,No secondary climate or ecological sustainable development themes are evident.,,There are no relevant secondary sub-categories related to climate or ecological sustainable development.,,
Mitigating Calibration Bias Without Fixed Attribute Grouping for Improved Fairness in Medical Imaging Analysis,N/A,N/A,N/A,N/A,a38e9072287459c0b6b8c3155043db4d
"This paper proposes a two-stage method called ""Cluster-Focal"" to address calibration biases in medical imaging. The method identifies poorly calibrated samples and clusters them to optimize bias reduction using group-wise focal loss. It is evaluated on two medical imaging tasks related to skin lesion classification and predicting lesional activity in multiple sclerosis patients. The method shows improvement in controlling calibration error without significant loss in prediction performance.",The paper does not directly address Climate or Ecological Sustainable Development themes but instead focuses on improving fairness in medical imaging.,,The sub-category assignment is not applicable as the paper does not align with any of the given sub-categories related to Climate or Ecological Sustainable Development.,,
,N/A,N/A,N/A,N/A,
,The paper does not address secondary Climate or Ecological Sustainable Development themes but remains focused on calibration and fairness in medical imaging analysis.,,The paper's discussion does not overlap with sub-categories relevant to Climate or Ecological Sustainable Development.,,
MixEHR-Guided: A guided multi-modal topic modeling approach for large-scale automatic phenotyping using the electronic health record,N/A,N/A,N/A,N/A,969cb0f2b873f2220e3faf5196feafb5
"The paper presents MixEHR-G, a multi-modal topic modeling approach designed to improve automatic phenotyping in electronic health records (EHR). This method utilizes prior information from surrogate features to align topics with known phenotypes, enhancing the interpretability and accuracy of phenotyping without the need for extensive expert input. The model is applied to EHR datasets, such as MIMIC-III and PopHR, demonstrating its capability to generate clinically meaningful phenotype topics useful for clinical research and epidemiological analysis. The approach significantly improves over previous methods in terms of accuracy and scalability, facilitating applications in digital medicine and public health.","The paper's focus is on biomedical informatics and the development of computational models for healthcare applications, which do not align with climate or ecological sustainable development themes.",,There are no sub-categories within Climate or Ecological Sustainable Development that match the focus on electronic health record phenotyping.,,
,,,,,
,,,,,
MixupE: Understanding and improving Mixup from directional derivative perspective,N/A,N/A,N/A,N/A,a9415ba1f6397a762ee4a486794277da
"The paper analyzes the Mixup data augmentation technique, used in training deep neural networks for improving generalization performance. The authors propose an enhanced version called MixupE, which utilizes implicit regularization through directional derivatives to improve generalization performance further. Experiments across image, tabular, speech, and graph datasets demonstrate MixupE's efficiency.",The paper does not focus on any specific climate or ecological sustainable development theme but rather on improving deep learning models' generalization through data augmentation techniques.,,"The paper does not address any sub-category under climate or ecological sustainable development _  instead, it focuses on Mixup's algorithmic improvements.",,
,N/A,N/A,N/A,N/A,
,The paper's scope is limited to the technical advancement of the Mixup technique for neural networks and does not extend into themes of sustainable development.,,"The study remains focused on data augmentation for neural networks, lacking intersections with ecological or climate-related sub-categories.",,
Modeling electronic health record data using an end-to-end knowledge-graph-informed topic model,N/A,N/A,N/A,N/A,de4e92346a52369b8d647156a1d7f962
"The paper presents a novel machine learning model named Graph ATtention-Embedded Topic Model (GAT-ETM) for extracting meaningful clinical knowledge from electronic health record (EHR) data. The model leverages a knowledge graph to inform embeddings used in topic modeling, aimed at improving patient stratification and drug recommendations based on EHR data analysis.","The central theme of the paper does not align directly with Climate or Ecological Sustainable Development. Instead, it focuses on improving methods for analyzing electronic health records.",,There is no mention of any direct sub-category of Climate or Ecological Sustainable Development addressed by the paper.,,
,N/A,N/A,N/A,,
,The paper does not address any secondary themes related to Climate or Ecological Sustainable Development.,,No sub-category relevant to Climate or Ecological Sustainable Development is addressed in the paper.,,
Molecular Geometry Pretraining with SE(3)-Invariant Denoising Distance Matching,N/A,N/A,N/A,N/A,b82b9ec7b8ec8ebee770af56b80346c0
"The paper presents a new method called GeoSSL-DDM to pretrain molecular geometries using SE(3)-Invariant denoising, which focuses on denoising pairwise atomic distances in molecules. This approach is designed to improve the robustness of molecular representations by learning from 3D geometric structures rather than the traditional 2D topological approach. The method promises advancements in drug and material discovery by offering more effective pretraining on unlabeled molecular data.",The paper does not directly address any specific aspect of climate or ecological sustainable development. It primarily focuses on molecular geometry pretraining methods.,,The methodology primarily deals with computational strategies in molecular pretraining and does not address sub-categories within climate or ecological sustainable development.,,
,N/A,N/A,N/A,N/A,
,"Although the methods discussed can be applied to material discovery, the paper does not specifically link its findings to climate or ecological sustainable development.",,The sub-categories primarily concern the computational aspects of molecular structures rather than direct issues in ecological development.,,
Monocular Robot Navigation with Self-Supervised Pretrained Vision Transformers,N/A,N/A,N/A,N/A,aea5613d425b027ea82b5b3d6854cd86
"The paper presents a study on learning a perception model for monocular robot navigation using Vision Transformers (ViT) pretrained with a self-supervised method, successfully achieving coarse image segmentation in the Duckietown environment. It investigates adapting ViTs to robotic tasks, utilizing a small training dataset, and deploying the model for lane following and obstacle avoidance with a mobile robot.","While the paper involves advanced techniques in AI and robotics, it does not directly address any specific Climate or Ecological Sustainable Development category.",,The paper does not align with any specific sub-category related to Climate or Ecological Sustainable Development.,,
More Than Meets the Eye: Art Engages the Social Brain,N/A,N/A,N/A,N/A,dcae0290019e1c46654c336c952c9577
"This paper discusses how art engages the social brain by mapping art processing onto the social brain connectome. It posits that art involves complex neural dynamics similar to those used in social cognition, and suggests potential applications in mental health and dementia care. The paper promotes interdisciplinary research between neuroaesthetics and art professionals.","The central theme of the paper is not related to Climate or Ecological Sustainable Development _  it is more about the relationship between art and neural processes, particularly in social cognition.",,"The paper does not align with any specific Climate or Ecological Sustainable Development sub-categories, focusing instead on the neural and social implications of art.",,
,N/A,N/A,N/A,N/A,
,"Since the primary category is 'N/A' and the theme does not directly relate to Climate or Ecological Sustainable Development, there are no secondary categories applicable in this context.",,"Due to the lack of relevance to Climate or Ecological Sustainable Development, secondary sub-categories are not applicable.",,
Mortality trends and length of stays among hospitalized patients with COVID-19 in Ontario and Québec (Canada): a population-based cohort study of the first three epidemic waves,N/A,N/A,N/A,N/A,cf436e3f3c215c0354464eda5d5e09b0
"This study analyzes hospital data from Ontario and Québec, focusing on trends in mortality and length of stays of COVID-19 patients during the first three waves of the pandemic. It aims to provide insights into mortality risks and ICU stay durations, particularly under varying levels of hospital load. The paper discusses factors influencing mortality trends, including vaccination, age, and hospital-acquired infections.","The study is centered around public health and healthcare resource management during the COVID-19 pandemic, which does not align directly with Climate or Ecological Sustainable Development categories.",,The content of the paper does not fall under any specific sub-category related to Climate or Ecological Sustainable Development.,,
,N/A,N/A,N/A,N/A,
,There are no additional themes in the paper that align with the listed Climate or Ecological Sustainable Development categories.,,There are no additional sub-themes in the paper that align with Climate or Ecological Sustainable Development sub-categories.,,
Moving shared decision making forward in Iran.,N/A,N/A,N/A,N/A,b2016f52b41af805913e6a82d61d8dfd
"The paper discusses the current state of shared decision-making (SDM) in Iran, highlighting recent developments in patients' rights and informed consent. It identifies the lack of policy and training initiatives for SDM and proposes a culturally adapted SDM model for implementation in Iran.",The paper primarily discusses healthcare improvement and patient decision-making advancements which do not fall under Climate or Ecological Sustainable Development categories.,,The paper's content does not fit any of the existing sub-categories for Climate or Ecological Sustainable Development.,,
,N/A,N/A,N/A,N/A,
,"Since the primary category is not related to Climate or Ecological Sustainable Development, secondary categories under this context do not apply.",,"The paper is unrelated to Climate or Ecological Sustainable Development, therefore secondary sub-categories are not applicable.",,
Multi-Environment Pretraining Enables Transfer to Action Limited Datasets,N/A,N/A,N/A,N/A,d1cf8e67c13035b3bc71a40b2148a080
"The paper introduces Action Limited PreTraining (ALPT), a method that uses multi-environment pretraining to label missing action data in action-limited environments. By leveraging inverse dynamics modelling, the paper demonstrates improvement in generating action labels and enhancing game performance, even when using limited annotated datasets.",The paper primarily focuses on reinforcement learning methodologies applicable to game-playing environments and does not specifically address any climate or ecological sustainable development objectives.,,"The paper is about advancing methods in reinforcement learning for game environments, which do not fall under the existing sub-categories for sustainable development.",,
,N/A,N/A,N/A,N/A,
,No secondary relevance to Climate or Ecological Sustainable Development. The paper is largely centered on reinforcement learning methodologies for AI in gaming contexts.,,The methodologies and objectives of this paper do not align with any specific sub-category because it focuses on general reinforcement learning improvements unrelated to sustainable development aspects.,,
Multi-Head Adapter Routing for Cross-Task Generalization,N/A,N/A,N/A,N/A,98d54e0edac211b683a48d4b91cf5c72
"The paper introduces Multi-Head Adapter Routing (MHR), a technique in parameter-efficient fine-tuning to improve cross-task generalization by utilizing multiple heads in routing, allowing more fine-grained mixing of task parameters while maintaining efficiency.",There is no direct application or discussion related to Climate or Ecological Sustainable Development in the paper.,,The research focus is on machine learning advancements rather than applications in climate or sustainable development.,,
,N/A,N/A,N/A,N/A,
,The paper does not incorporate any secondary themes related to Climate or Ecological Sustainable Development.,,There are no subcategories that apply to the sustainable development themes given the paper's focus on machine learning techniques.,,
Multi-Objective GFlowNets,N/A,N/A,N/A,N/A,cf8485437ccd7dc844deb602f4cb153d
"The paper presents Multi-Objective GFlowNets (MOGFNs), an extension of Generative Flow Networks (GFlowNets) aimed at solving multi-objective optimization problems by generating diverse Pareto-optimal candidates. It introduces and evaluates two variants, MOGFN-PC and MOGFN-AL, across different tasks, demonstrating improvements in candidate generation diversity and active learning efficiency. The study also provides an empirical analysis of MOGFNs' components and their impact on performance.",The paper focuses on machine learning and optimization techniques without a direct link to climate or ecological sustainable development topics.,,No specific sub-category within the sustainable development themes is addressed directly by the research.,,
,N/A,N/A,N/A,N/A,
,The paper does not explicitly address any secondary themes related to climate or ecological sustainability.,,There are no additional sustainable sub-categories that the paper's content aligns with.,,
,,,,,
,,,,,
,,,,,
,,,,,
Multi-Resolution Continuous Normalizing Flows,N/A,N/A,N/A,N/A,a04da506f57f22ee360b57efcb6460ab
"The paper introduces a variant of Continuous Normalizing Flows (CNFs) for image generative modeling, called Multi-Resolution Continuous Normalizing Flows (MRCNF). The method leverages a multi-resolution approach where images at finer resolutions are generated conditioned on coarser images, allowing for significant efficiency in modeling complex image distributions. MRCNF offers comparable likelihood values with fewer parameters and improved out-of-distribution properties, making it a promising alternative to conventional generative models like GANs and VAEs.","As the paper primarily discusses generative modeling methods for images, it does not pertain directly to any of the sustainable development goals or categories listed.",,"The primary focus of the paper does not align with any of the environmental sub-categories such as Renewable Energy, Climate Science, or Natural Systems Protection _  hence it stands outside the scope of these categories.",,
Multi-tract multi-symptom relationships in pediatric concussion,N/A,N/A,N/A,N/A,c13360518c074f885b5a5c3e023d9005
"The paper examines the heterogeneous effects of concussion on children's brain white matter and symptom expression, using diffusion MRI (dMRI) scans and multivariate statistical methods. It highlights the heterogeneity in symptomatology and the variable effects on white matter connectivity in pediatric concussions, suggesting distinct subtype profiles based on multi-tract, multi-symptom relationships. These relationships were studied in a sample of previously concussed children to identify connectivity and symptom profiles that traditional methods may overlook.","The paper focuses on medical research into concussions using diffusion MRI technology and multivariate statistics, without direct relevance to Climate or Ecological Sustainable Development.",,"As the paper does not address any sustainable development goals, it does not align with any specified sub-categories.",,
,N/A,N/A,N/A,N/A,
,The paper does not explore themes related to Climate or Ecological Sustainable Development.,,There are no secondary sub-categories applicable as the paper does not address sustainable development themes.,,
Multistep networks for roll force prediction in hot strip rolling mill,N/A,N/A,N/A,N/A,b80069501a705954c183e846759d1609
"The paper presents a machine learning-based framework to predict roll forces at hot strip rolling mills, addressing the limitations of current models by using individual models for each rolling stand and considering rolling history. This enhances the prediction accuracy and stability significantly over traditional methods.",The paper does not primarily focus on Climate or Ecological Sustainable Development. Its main objective is improving industrial operations in the steel manufacturing process.,,The paper does not fit into any of the predefined sub-categories related to Climate or Ecological Sustainable Development. It is focused on rolling mill operation improvements.,,
,N/A,N/A,N/A,N/A,
,The paper does not address any secondary climate or ecological sustainable development areas. It remains focused on industrial process improvements.,,No information in the paper supports relevance to any secondary sub-categories under Climate or Ecological Sustainable Development.,,
Near-Optimal Glimpse Sequences for Improved Hard Attention Neural Network Training,N/A,N/A,N/A,N/A,9db1e4c0b3de2997ad8cc2c6bdad83e5
"The paper discusses a method to improve the efficiency of hard attention mechanisms in neural networks by incorporating Bayesian optimal experimental design (BOED). This approach generates 'near-optimal' sequences of attention locations to assist in image classification, with the aim to speed up the training of hard attention networks. The method introduces partial supervision using these sequences.",The paper does not focus directly on Climate or Ecological Sustainable Development themes but rather on improving computational efficiency and accuracy in machine learning models.,,"No specific sub-category under Climate or Ecological Sustainable Development can be applied, as the paper does not focus on these areas directly.",,
,,,,,
,,,,,
NeoRS: A Neonatal Resting State fMRI Data Preprocessing Pipeline,N/A,N/A,N/A,N/A,9abb053066cf8a8df67b7fb14efb1a65
"The paper presents NeoRS, an open-source pipeline developed for preprocessing resting state functional MRI (rsfMRI) data in neonates. It addresses the unique challenges of neonatal brain imaging, such as differences in brain size and contrast compared to adults. The pipeline includes steps like image registration, skull stripping, tissue segmentation, and motion correction, optimized for neonatal brain data. NeoRS has been tested on datasets, such as the Baby Connectome Project, and offers features like seed-based functional connectivity analysis. It aims to facilitate robust and accessible analysis of neonatal rsfMRI data.","The paper focuses on biomedical image processing for neonatal fMRI data, which doesn't directly align with any predefined sustainable development categories related to climate or ecology.",,The focus on neonatal fMRI data preprocessing does not fit any specified sub-categories under climate or ecological sustainable development.,,
,N/A,N/A,N/A,N/A,
,The paper does not address any secondary climate or ecological sustainable development themes.,,The paper does not cover any sub-categories under climate or ecological sustainable development.,,
Nesterov Meets Optimism: Rate-Optimal Separable Minimax Optimization,N/A,N/A,N/A,N/A,a92e8593c54bf13566a3209eb7101fb2
"This paper introduces a new optimization algorithm called AcceleratedGradient-Optimistic Gradient (AG-OG) Descent Ascent, designed for separable convex-concave minimax optimization problems. The algorithm leverages Nesterov acceleration and optimistic gradient to achieve optimal convergence rates in both deterministic and stochastic settings. Applications include training of generative adversarial networks (GANs), robust/adversarial training, Markov games, and reinforcement learning.",The paper focuses on computational optimization in machine learning applications without direct mention of climate or ecological sustainable development aspects.,,There is no specific focus in the paper on any sub-category related to climate or ecological sustainability.,,
Neural Graph Generation from Graph Statistics.,N/A,N/A,N/A,N/A,a2e9d0433d3f4ebfe9947bb2d3801a05
"The paper introduces GenStat, a deep graph generative model (GGM) that learns from aggregate graph statistics instead of full adjacency matrices, aiming to preserve privacy through local differential privacy guarantees. The model is compared to traditional and state-of-the-art GGMs, demonstrating improved realism in generated graphs. It also discusses applications in privacy-preserving data sharing and evaluations of GNNs using synthetic data.","The paper's main focus is on graph generative models, privacy, and data sharing rather than directly addressing climate or ecological sustainable development themes.",,There is no specific sub-category applicable as the paper does not directly align with any defined climate or ecological sustainable development sub-categories.,,
,N/A,N/A,N/A,N/A,
,"Similarly, the paper doesn't address secondary topics relevant to climate or ecological sustainable development but focuses on graph-based data generation and privacy issues.",,No secondary sub-categories apply as the paper's content is focused on machine learning methodologies and data privacy rather than sustainable development.,,
Neural computations in prosopagnosia,N/A,N/A,N/A,N/A,bc029ce5913deb133a69c635a878bdbe
"This paper investigates the neural computations related to face identification abilities, particularly focusing on a case of acquired pure prosopagnosia (patient PS). The study uses EEG, RSA, and deep neural networks to analyze and model brain activity in response to visual stimuli, aiming to uncover deficits in high-level visual and semantic neural computations associated with face recognition in prosopagnosic patients.","The core theme of the paper revolves around understanding neural mechanisms involved in face recognition impairments in prosopagnosia, which is not related to any Climate or Ecological Sustainable Development goals.",,"The sub-category classification follows the primary category, focusing on neuroscience rather than environmental or sustainable themes.",,
,N/A,N/A,N/A,N/A,
,"Similar to the primary category, there is no secondary focus on Climate or Ecological Sustainable Development as the research centers on neural and cognitive aspects of prosopagnosia.",,"There are no secondary sustainable development sub-categories applicable here, as the entire focus of the research is on neural processing and cognitive science.",,
Neural correlates of local parallelism during naturalistic vision,N/A,N/A,N/A,N/A,ad68b4b5c38409ae5328a83337aba31d
"This study investigates the neural mechanisms involved in the perception of local parallelism during naturalistic vision using fMRI. By employing an image-computable algorithm, the authors analyzed the impact of local symmetry on brain activity in visual areas while participants viewed manipulated scenes. Results highlighted significant neural signals related to parallelism in various brain regions such as V1-V4, PPA, and RSC, suggesting a pivotal role of parallelism in scene perception and visual processing hierarchy.",The main focus of the paper is on neural correlates and visual perception mechanisms rather than sustainability or development themes related to climate or ecology.,,"The study does not align with any sub-categories under Climate or Ecological Sustainable Development, as it is centered on visual neuroscience and perceptual studies.",,
,N/A,N/A,N/A,N/A,
,The paper does not address any secondary themes related to Climate or Ecological Sustainable Development as it purely focuses on neural and perceptual psychology.,,"There are no additional secondary sub-categories that could be suitable, given the paper’s focus on the brain’s visual processing of parallelism.",,
New Insights on Reducing Abrupt Representation Change in Online Continual Learning,N/A,N/A,N/A,N/A,e40d19079258306129fce867a6c113bd
This paper addresses the challenge of abrupt representation change in online continual learning. It discusses the limitations of Experience Replay (ER) in handling new classes and proposes new methods such as ER-Asymmetric Cross-Entropy (ER-ACE) and ER-Asymmetric Metric Learning (ER-AML) to stabilize representation updates. The paper evaluates these methods on standard benchmarks demonstrating their effectiveness and computational efficiency.,"As the paper does not focus on climate or ecological sustainable development, it does not fit into any primary category related to these areas.",,The paper does not align with any specific sub-category within the climate or ecological sustainable development spectrum.,,
,N/A,N/A,N/A,N/A,
,"The main focus of the paper is on continual learning methodologies, which do not directly relate to climate or ecological sustainable development categories.",,"No secondary sub-categories are relevant as the paper focuses on continual learning, not aligned with climate or ecological sectors.",,
Novel informatics approaches to COVID-19 Research: From methods to applications,N/A,N/A,N/A,N/A,af30f6135c6359bbcc77a351b48f4a6e
"The paper discusses various informatics approaches to combating the COVID-19 pandemic by leveraging data and computational technologies. It covers the application of information sciences to biomedical problems during the pandemic and reviews the use of digital technologies and AI methodologies. It highlights applications such as epidemic forecasting, clinical decision support, and data-driven decision making in pandemic scenarios.",The focus of the paper is primarily on biomedical informatics for COVID-19 research rather than topics directly aligned with Climate or Ecological Sustainable Development categories.,,The subject matter does not align with any specified sub-categories under Climate or Ecological Sustainable Development.,,
,N/A,N/A,N/A,N/A,
,There are no apparent secondary themes related to Climate or Ecological Sustainable Development within the scope of the biomedical informatics approaches discussed in this paper.,,No indication of secondary sub-categories related to sustainable development is present within the paper's described focus.,,
,,,,,
,,,,,
,,,,,
,,,,,
OSSEM: one-shot speaker adaptive speech enhancement using meta learning,N/A,N/A,N/A,N/A,af2a988147ecece2dc0a279337dbffd4
"This paper presents a novel one-shot speaker-adaptive speech enhancement (SE) system called OSSEM, which utilizes meta-learning to adapt SE models efficiently to individual speakers with minimal data. The system combines a modified transformer SE network and a speaker-specific masking network, intending to improve SE in various speech applications. The proposed approach is trained using a modified Voice Bank-DEMAND dataset, enabling real-time enhancement while maintaining competitive performance with existing systems. OSSEM's architecture and training techniques are designed to optimize fast adaptation and stability.",The primary focus of the paper is on advancing techniques in speech enhancement through deep learning and meta-learning. It does not primarily address any climate or ecological sustainability issue.,,There are no sub-categories of Climate or Ecological Sustainable Development that apply to the advancements in speaker adaptive speech enhancement described in the paper.,,
,N/A,N/A,N/A,N/A,
,"Given that the paper is focused on speech enhancement technology and does not address areas related to climate or ecological sustainability, there are no secondary sustainable development themes applicable.",,The paper does not intersect with climate or ecological sustainability themes to warrant any sub-category relevance.,,
Offline Retrieval Evaluation Without Evaluation Metrics,N/A,N/A,N/A,N/A,a6e7ff35ac1735d9966f062029f6efe5
"The paper introduces a metric-free evaluation method for offline information retrieval and recommendation systems, called recall-paired preference (RPP). This method simulates user subpopulations and compares system rankings based on preferences across these pseudo-populations, without collapsing differences into a single metric. RPP is shown to improve discriminative power and maintain robustness compared to traditional metrics.",The paper primarily focuses on technical aspects of information retrieval evaluation and does not directly address Climate or Ecological Sustainable Development.,,"Since the primary focus is not related to climate or ecological sustainability, a specific sub-category does not apply here.",,
On Dynamic Programming Decompositions of Static Risk Measures in Markov Decision Processes,N/A,N/A,N/A,N/A,9ae2e24c2c3ca940278f2217c621887d
"The paper critiques the existing dynamic programming decompositions used in Markov Decision Processes (MDPs) for optimizing static risk-averse objectives, especially those involving risk measures like Conditional-Value-at-Risk (CVaR) and Entropic-Value-at-Risk (EVaR). It highlights the suboptimality of these decompositions and contrasts them with Value-at-Risk (VaR), providing new insights and corrections to previous approaches.",The paper does not focus on a specific category related to Climate or Ecological Sustainable Development. It primarily addresses theoretical issues in reinforcement learning algorithms concerning risk measures.,,The focus is on theoretical corrections to risk measure algorithms in MDPs rather than any applied sub-category under Climate or Ecological Sustainable Development.,,
,N/A,N/A,N/A,N/A,
,There is no secondary focus on climate or ecological sustainable development. The paper primarily discusses risk management in reinforcement learning without direct application to the provided sustainability categories.,,The paper remains theoretical and focused on algorithmic issues in MDPs rather than any application in sustainable development.,,
On Learning Fairness and Accuracy on Multiple Subgroups,N/A,N/A,N/A,N/A,a09779123ffb91830a594c2f7308e969
"The paper proposes an analysis in fair learning that ensures accurate data predictions while reducing group prediction disparities, focusing on scenarios with various subgroups having limited samples. It introduces a bilevel optimization framework for learning fair predictors, which is validated on real-world datasets, showing improved fairness with minimal loss in accuracy.",The paper does not address any specific climate or ecological sustainable development goals or categories as defined. It focuses instead on fairness in machine learning across subgroups.,,The research does not align with any sub-category related to climate or ecological sustainability under the provided classifications.,,
,N/A,N/A,N/A,N/A,
,The paper does not touch on secondary themes related to climate or ecological sustainable development. Its focus is on algorithmic fairness in machine learning.,,The absence of direct linkage to climate or ecological categories makes it unnecessary to classify into secondary sub-categories.,,
On Natural Language User Profiles for Transparent and Scrutable Recommendation,N/A,N/A,N/A,N/A,b8c5a14ee173d57344d7eb20c77c8df3
"This paper discusses a novel approach to personalized search and recommendation systems by using natural language to represent user preferences. It argues this method can enhance transparency and user control by allowing users to scrutinize and modify their preference profiles. The paper outlines the challenges and potential benefits of this approach, leveraging advances in natural language processing models.","The paper does not directly address any specific areas related to Climate or Ecological Sustainable Development. It focuses on improving recommendation system transparency and user control, which is outside the scope of sustainable development criteria.",,There are no relevant sub-categories within Climate or Ecological Sustainable Development that this paper aligns with.,,
On learning Whittle index policy for restless bandits with scalable regret,N/A,N/A,N/A,N/A,9c90b41bc3b98f0e2d65e6bac41d5595
"The paper presents a reinforcement learning algorithm called RB-TSDE, designed for resource allocation and scheduling problems modeled as restless bandits (RBs). It addresses the challenge of scalable regret in reinforcement learning algorithms by considering a model-based approach tuned to the structure of the underlying RB model. The paper provides regret bounds for the proposed algorithm, showing that it scales better compared to standard RL algorithms in these settings. It includes theoretical analysis and numerical experiments to support the claims.","The paper primarily addresses computational and algorithmic improvements in reinforcement learning and does not focus on direct applications to climate or ecological sustainability, making it irrelevant to classify under any specific category related to sustainable development.",,"The research does not discuss any sub-category application relevant to Climate or Ecological Sustainable Development, focusing instead on theoretical aspects of restless bandits and reinforcement learning.",,
On learning history-based policies for controlling Markov decision processes,N/A,N/A,N/A,N/A,d47b0e762da7a61484dcb9eb095d3a9f
The paper introduces a theoretical framework for studying reinforcement learning algorithms designed to control Markov decision processes using history-based feature abstraction mappings. It also develops an RL algorithm based on this framework and evaluates its effectiveness on continuous control tasks.,"The paper does not address any direct aspect related to Climate or Ecological Sustainable Development. Instead, it focuses on improving reinforcement learning techniques.",,"Since the paper does not relate to Climate or Ecological Sustainable Development, no sub-category under the list applies.",,
On the Convergence of Stochastic Extragradient for Bilinear Games with Restarted Iteration Averaging,N/A,N/A,N/A,N/A,cefc6da7d4fdcd8fa2e60d4e4c4c53c4
"The paper focuses on the stochastic bilinear minimax optimization problem, analyzing the same-sample Stochastic ExtraGradient (SEG) method with constant step size. It introduces iteration averaging which provably converges to the Nash equilibrium under standard settings and further improves with a scheduled restarting procedure. The analysis applies primarily to machine learning contexts, including generative adversarial networks (GANs) and robust prediction, demonstrating improved convergence rates in theoretical settings and validating results through experiments.",The paper does not discuss any topic directly related to Climate or Ecological Sustainable Development. It focuses on optimization techniques for machine learning applications.,,No specific sustainable development sub-category is applicable since the paper's focus is primarily on mathematical concepts not directly related to sustainability themes.,,
On the Effectiveness of Interpretable Feedforward Neural Network,N/A,N/A,N/A,N/A,992d9b119b9f2cb417adc481022645fb
The paper discusses the development and generalization of an interpretable feedforward neural network (IFFNN) aimed at achieving both high classification performance and interpretability. It explores the application of IFFNN to multi-class classification scenarios and evaluates its performance on datasets with the aim of providing meaningful interpretations in classification tasks.,The paper does not directly focus on any aspect of Climate or Ecological Sustainable Development. It is primarily concerned with the generalization and interpretability of neural networks for classification purposes.,,"The paper does not fit into any predefined sub-category related to Climate or Ecological Sustainable Development, as it is focused on neural network architecture and interpretability.",,
,N/A,N/A,N/A,N/A,
,The paper lacks any reference to secondary themes related to Climate or Ecological Sustainable Development.,,No secondary sub-categories relevant to Climate or Ecological Sustainable Development are addressed in the paper.,,
"On the Limitations of Elo: Real-World Games, are Transitive, not Additive",N/A,N/A,N/A,N/A,969eb9a1551ff24d3f7cf0a2beaeceff
"This paper investigates the limitations of the Elo score system predominantly used in ranking players in competitive games, such as chess or StarCraft II, which assumes an additive nature. It introduces an alternative ranking method to properly extract transitive components in games. The proposed disc decomposition method is validated on real-world games, showing improved prediction performance over the traditional Elo score. It also provides a transitive and cyclic analysis within the game structures, using skew-symmetric matrix decomposition.","The paper's focus is on the mathematical and methodological aspects of game theory, dealing with ranking systems and game transitivity/cyclicity. It does not relate to climate or ecological sustainability directly.",,The sub-categories provided relate to sustainable development issues which do not align with this paper's focus on game theory and ranking mechanisms.,,
,N/A,N/A,N/A,N/A,
,No secondary sustainable development category applies as the paper is centered around computational game theory and ranking algorithms not connected to ecological or climate issues.,,The analysis and breakdown within the paper do not pertain to any sub-category related to climate or ecological sustainable development.,,
On the benefits of representation regularization in invariance based domain generalization,N/A,N/A,N/A,N/A,d65f623367f6d59838ab9cec50318b1d
"This paper discusses the limitations of invariant representation learning in domain generalization and proposes a theoretical analysis to control errors in unseen environments. It introduces a novel regularization method to improve robustness in domain generalization, which can be integrated into existing algorithms.",The paper does not directly address Climate or Ecological Sustainable Development issues. It focuses on a technical aspect of machine learning related to domain generalization.,,No relevant sub-category as the paper does not relate to any specific Climate or Ecological Sustainable Development application.,,
Only tails matter: Average-Case Universality and Robustness in the Convex Regime,N/A,N/A,N/A,N/A,fc95eab9bafe5fc99aa8af3c7f3be0df
"The paper explores the average-case complexity and convergence properties of first-order optimization methods on distributions of quadratic problems. It introduces the Generalized Chebyshev method, which is optimal under certain assumptions about eigenvalue concentration. The study compares its performance to other optimization algorithms and finds that Nesterov's method is nearly optimal in the average-case. Additionally, the paper provides a theoretical framework that links the average-case performance to the Expected Spectral Distribution (e.s.d.), emphasizing the significance of eigenvalue concentration on the edges of e.s.d.",The paper discusses optimization methods and their average-case analysis without making a direct link to any aspect of Climate or Ecological Sustainable Development.,,There is no specific sub-category relevant to Climate or Ecological Sustainable Development that aligns with the technical focus of this paper.,,
,N/A,N/A,N/A,N/A,
,The paper does not delve into any secondary themes relevant to Climate or Ecological Sustainable Development.,,The average-case analysis and optimization study presented in this paper do not address any specific Sustainable Development sub-categories.,,
OptEmbed: Learning Optimal Embedding Table for Click-through Rate Prediction,N/A,N/A,N/A,N/A,bea5a4fc9d7cb6621ba212a6f59be325
"This paper proposes a framework, OptEmbed, for learning optimal embedding tables for click-through rate (CTR) prediction in commercial recommender and online advertising systems. The framework addresses challenges such as memory efficiency and model performance by pruning redundant embeddings and searching for optimal embedding dimensions. The approach uses a uniform embedding dimension sampling scheme and an evolution search method based on a supernet. Experiments on public datasets show that OptEmbed produces compact embedding tables with improved performance.",The content of the paper is centered around improving computational methods for commercial applications and does not align with any specific Climate or Ecological Sustainable Development categories or sub-categories.,,The paper does not specifically apply to any sub-category under the predefined Climate or Ecological Sustainable Development areas.,,
,N/A,N/A,N/A,N/A,
,There are no secondary themes related to Climate or Ecological Sustainable Development identified in the paper.,,No Climate or Ecological Sustainable Development-related sub-categories are addressed in the paper.,,
Optimal Extragradient-Based Algorithms for Stochastic Variational Inequalities with Separable Structure,N/A,N/A,N/A,N/A,b99ba5ae15777d649dfd3a6c8ca3e8c6
"The paper discusses the development and analysis of a novel algorithm, the stochastic accelerated gradient-extragradient (AG-EG), designed to improve the efficiency of solving stochastic monotone variational inequalities with a separable structure. This algorithm specifically addresses challenges in problems such as strongly monotone variational inequalities and bilinearly coupled strongly-convex-strongly-concave saddle-point problems, which have applications in machine learning such as reinforcement learning and GANs. The paper also presents the theoretical convergence rates of the proposed algorithm.","The paper does not explicitly address any specific category dedicated to climate or ecological sustainable development. It focuses on the mathematical and algorithmic aspects of solving stochastic variational inequalities, which might be employed as tools in later works concerning sustainability, but those applications are not covered or central in this paper.",,"The paper's contents do not align with any specific sub-category of sustainable development directly due to its focus on algorithm development and optimization in an abstract sense, devoid of immediate application to climate or ecology.",,
,N/A,N/A,N/A,N/A,
,"As the primary focus of the paper is on the theoretical development of algorithms without a direct reference to climate or ecological applications, there are no secondary sustainable development categories applicable.",,There are no clear secondary sub-categories relevant to sustainable development found within the context of this paper focused on algorithmic optimization.,,
Optimal Transport for Unsupervised Hallucination Detection in Neural Machine Translation,N/A,N/A,N/A,N/A,cde0d2c968f99d03d6a2f609414a0903
"The paper addresses the problem of hallucination detection in Neural Machine Translation (NMT) models, introducing an unsupervised approach using optimal transport (OT) to identify anomalous attention patterns. It proposes a detector that identifies statistically different cross-attention patterns indicative of hallucinations, showing improved performance over existing methods. The proposed approach can be applied to any attention-based NMT model, leveraging the optimal transport formulation to capture irregular patterns in source attention mass distributions independent of the translation quality.",The paper focuses purely on improving the technical quality and reliability of Neural Machine Translation systems rather than any direct applications related to Climate or Ecological Sustainable Development.,,"Since the paper does not relate to any themes within Climate or Ecological Sustainable Development, it does not have a relevant sub-category under those areas.",,
,N/A,N/A,N/A,N/A,
,The paper does not cover additional secondary themes related to Climate or Ecological Sustainable Development. It is mainly concerned with advancing methodologies in machine translation.,,The paper does not have aspects aligning with any sub-categories of Climate or Ecological Sustainable Development.,,
PAC-Bayesian Generalization Bounds for Adversarial Generative Models,N/A,N/A,N/A,N/A,b2f79ec2be94019499428e7fa2a6b8ba
"The paper extends PAC-Bayesian theory to generative models, specifically focusing on deriving generalization bounds for adversarial generative models like Wasserstein GANs (WGANs) and Energy-Based GANs (EBGANs). It aims to provide theoretical guarantees and training objectives for these models based on the Wasserstein distance and the total variation distance.",The paper's primary focus is on theoretical advancements in machine learning and does not directly address any climate or ecological sustainable development goals or categories.,,"The work does not pertain to any specific sub-category of climate or ecological sustainability, as it is focused on theoretical machine learning advancements.",,
,N/A,N/A,N/A,N/A,
,No secondary Climate or Ecological Sustainable Development themes are addressed in this paper.,,There are no secondary sub-categories related to climate or ecological sustainability addressed in the paper.,,
POMRL: No-Regret Learning-to-Plan with Increasing Horizons,N/A,N/A,N/A,N/A,95acf50b94e6a48fa60e55369f747b54
"This paper addresses planning under model uncertainty in an online meta-reinforcement learning setting, proposing an algorithm (POMRL) that meta-learns task relatedness to optimize planning horizons and reduce regret over a sequence of tasks. Theoretical findings and empirical validation highlight the benefits of adapting planning horizons based on accumulated task knowledge.",The paper does not focus on a specific Climate or Ecological Sustainable Development theme but rather on a meta-reinforcement learning strategy for task-oriented planning.,,The sub-category list does not directly apply to this paper's focus on meta-reinforcement learning and task planning.,,
Parallel-mentoring for Offline Model-based Optimization,N/A,N/A,N/A,N/A,e0a4dedf337037aaec6e36ab6aef5651
"This paper investigates offline model-based optimization to enhance design processes across various domains like materials and DNA sequences. It introduces a novel parallel-mentoring method among parallel proxies to develop more robust models capable of handling out-of-distribution data. The approach involves voting-based pairwise supervision and adaptive soft-labeling across three proxies, collectively termed tri-mentoring.","The paper primarily addresses optimization techniques without a direct tie to Climate or Ecological Sustainable Development goals. It focuses on improving design processes through AI and deep learning models, but does not emphasize climate-specific applications.",,There is no mention of specific sub-categories related to Climate or Ecological issues _  the paper is centered around AI methodologies for optimizing designs.,,
,N/A,N/A,N/A,N/A,
,No secondary Climate or Ecological Sustainable Development themes were identified as the core focus remains on AI optimization techniques across various domains with no substantial or direct link to sustainability.,,The paper does not touch upon any specific Climate or Ecological sub-categories. It remains focused on optimization methods for varied domains without specific environmental or sustainability implications.,,
Parametric Scattering Networks,N/A,N/A,N/A,N/A,d5959f44a16a1cad3859d686cdcbeec1
"The paper investigates whether the standard construction of wavelet filters in scattering transforms is optimal. Focusing on Morlet wavelets, the authors propose to learn the scales, orientations, and aspect ratios of the filters to produce problem-specific parameterizations of the scattering transform. They show that these learned versions significantly improve performance in small-sample classification settings. The paper explores the application of these parametric scattering networks in various datasets and analyzes the computational and memory complexity.","The focus of the paper is on improving deep learning models using parametric scattering networks, which is not directly related to Climate or Ecological Sustainable Development based on the given categories.",,"As the primary category is N/A, there cannot be a specific sub-category relevant to Climate or Ecological Sustainable Development.",,
,N/A,N/A,N/A,N/A,
,There are no secondary themes related to Climate or Ecological Sustainable Development present in the paper.,,No secondary sub-categories related to Climate or Ecological Sustainable Development are apparent in the content of the paper.,,
Patient experience or patient satisfaction? A systematic review of child- and family-reported experience measures in pediatric surgery.,N/A,N/A,N/A,N/A,d0e51e6ca1c262bbd3af64ae00c786f8
"The paper reviews the use of Patient-Reported Experience Measures (PREMs) in pediatric surgery, highlighting the need for more rigorous, validated tools that involve patient and parent input in their development, contrasting with current practices which commonly use non-validated satisfaction surveys.",The paper's central focus is on healthcare methodology and not climate or sustainability.,,"Since the primary category is 'N/A', there is also no relevant sub-category.",,
,N/A,N/A,N/A,N/A,
,The paper does not touch on Climate or Ecological Sustainable Development themes as secondary topics either.,,There are no secondary sub-categories relevant as the paper does not relate to sustainability themes.,,
Patterns of connectome variability in autism across five functional activation tasks: findings from the LEAP project,N/A,N/A,N/A,N/A,b7836cc8541e10335f933cc8c95e79b3
"This paper investigates the heterogeneity in autism by analyzing patterns of neural variability using BOLD fMRI data across multiple cognitive tasks from the LEAP project. By using task fMRI and resting-state fMRI approaches along with normative modeling, the research characterizes global connectivity atypicalities in individuals with autism and their relationship with behavioral features.",The central theme of the paper is focused on neural and cognitive patterns in autism and does not relate to any of the predefined climate or ecological sustainable development categories.,,"The paper does not fit into any object from the list of predefined climate or ecological sustainable development sub-categories, as its focus is solely on autism-related neural variability and cognitive processing.",,
Performative Prediction with Neural Networks,N/A,N/A,N/A,N/A,a42f5a5c846450154aa5c5fad3bbe118
"This paper discusses the framework of performative prediction with neural networks, where predictions made by models can influence the data distribution. The study focuses on finding classifiers that are performatively stable using neural networks, which are optimal for the data distribution they induce. The traditional assumptions of strong convexity and smoothness in the loss function regarding parameters are relaxed as the paper assumes the distribution is Lipschitz continuous with respect to predictions. The research includes introducing a resampling procedure modeling realistic distribution shifts and demonstrating the learning of performatively stable classifiers.","The primary focus of the paper is on the machine learning framework of performative prediction and the optimization of neural networks, without directly relating it to climate or ecological sustainable development.",,No specific sub-category related to climate or ecological sustainable development is directly addressed in this paper.,,
,N/A,N/A,N/A,N/A,
,"The paper does not address secondary themes related to climate or ecological sustainable development, as its central theme revolves around performative prediction and neural networks.",,The focus on performative prediction does not extend explicitly to secondary sub-categories in climate or ecological sustainable development.,,
Personalized Prediction of Future Lesion Activity and Treatment Effect in Multiple Sclerosis from Baseline MRI,N/A,N/A,N/A,N/A,a804014271f43b89de908b1a5fb1bd63
"The paper presents a deep neural network model for personalized treatment decisions in multiple sclerosis, using baseline MRI and available clinical data. It predicts future lesion activity and estimates treatment effects for various treatment options, validated on a large dataset of MRI scans from clinical trials.","The paper's focus is on medical precision treatment and prediction in multiple sclerosis using MRI, which does not fall under any predefined categories related to climate or ecological sustainability.",,The specific sub-categories provided do not include medical treatment prediction for diseases unrelated to climate or ecology.,,
,N/A,N/A,N/A,N/A,
,No secondary climate or ecological sustainable development themes are addressed since the primary focus remains on medical application rather than ecological impacts.,,The paper does not encompass any of the listed secondary sub-categories aligned with climate or ecological sustainable development.,,
Picture Cards Versus Physical Examination: A Proof-of-Concept Study to Improve the SOSAS Survey Tool.,N/A,N/A,N/A,N/A,d423849e77877e5c683903433b3bc6d5
"This paper presents a proof-of-concept study comparing the effectiveness of patient-reported picture cards versus physical examinations in identifying surgically treatable conditions in the community. The goal is to enhance the Surgeons OverSeas Assessment of Surgical Needs (SOSAS) survey tool, which assesses unmet surgical needs.",The paper primarily focuses on a medical and surgical context rather than directly addressing any Climate or Ecological Sustainable Development categories.,,"There is no specific sub-category from the provided list that aligns with the subject of the paper, which is oriented towards surgical needs assessment.",,
Policy Optimization in a Noisy Neighborhood: On Return Landscapes in Continuous Control,N/A,N/A,N/A,N/A,b26a2f18118b0adc5b06b70211f85ea6
This paper analyzes the return landscapes in continuous control as traversed by deep reinforcement learning algorithms. It provides insights into the noisy neighborhoods where policy updates lead to varying returns and proposes a distribution-aware procedure for improving policy robustness. The study aims to enhance the understanding of optimization in policy performance in continuous control environments.,"The paper does not directly relate to any predefined Climate or Ecological Sustainable Development category, as it primarily addresses technical challenges and methods in reinforcement learning.",,There is no direct link between the paper's content and any existing sub-category under Climate or Ecological Sustainable Development.,,
,N/A,N/A,N/A,N/A,
,The paper does not address any secondary Climate or Ecological Sustainable Development themes or categories.,,The paper does not discuss topics related to any other sub-categories besides its technical focus on reinforcement learning.,,
Popular and Scientific Discourse on Autism: Representational Cross-Cultural Analysis of Epistemic Communities to Inform Policy and Practice,N/A,N/A,N/A,N/A,c3ecb08c4207f323ac63f3788952da8d
"The paper explores the trends in health information about autism spectrum disorder (ASD) within popular and scientific communities, analyzing big data from Twitter and PubMed to compare lay and scientific discourse on ASD. It identifies divergences in focus between public perceptions and scientific research, highlighting the implications for policy and practice.",The paper does not address any climate or ecological sustainable development themes. It is centered on social media and scientific discourse on autism.,,No sub-category applies as the paper does not address any climate or ecological sustainable development aspects.,,
,N/A,N/A,N/A,N/A,
,There are no secondary climate or ecological sustainable development themes present in this paper. It strictly focuses on autism spectrum disorder and related discourse.,,The paper does not discuss any auxiliary climate or ecological sustainable development topics that would require sub-category designation.,,
Pre-Training Protein Encoder via Siamese Sequence-Structure Diffusion Trajectory Prediction,N/A,N/A,N/A,N/A,9f979c32bcb03ad160e770c54ad27b0d
"The paper introduces the DiffPreT approach, which pre-trains a protein encoder by modeling the joint distribution of protein sequences and structures using diffusion models. It also presents an enhancement called Siamese Diffusion Trajectory Prediction (SiamDiff), which captures the correlation between different conformers of a protein. The methods are evaluated on tasks such as protein function annotation and structure ranking.",The paper does not directly address topics within Climate or Ecological Sustainable Development. Its primary focus is on protein structure prediction and machine learning techniques.,,No sub-category within the defined Climate or Ecological Sustainable Development framework applies as the paper is outside the scope of these themes.,,
,N/A,N/A,N/A,N/A,
,There are no secondary themes related to Climate or Ecological Sustainable Development in the paper. The focus remains on protein science and AI.,,The paper does not engage with sub-categories related to Climate or Ecological Sustainable Development.,,
Predicting Adverse Radiation Effects in Brain Tumors After Stereotactic Radiotherapy With Deep Learning and Handcrafted Radiomics,N/A,N/A,N/A,N/A,9e19210d1079a8d6a0bae2aff5663fe4
"The study investigates the potential of machine learning models built on radiomics features, deep learning (DL) features, and patient characteristics to predict adverse radiation effects (ARE) in patients with brain metastases (BM) after stereotactic radiotherapy (SRT). The models aim to identify high-risk patients, potentially aiding clinical decision-making by informing patients of their ARE risk and considering alternative therapies.","The paper primarily focuses on predicting medical adverse effects using deep learning, which does not relate to climate or ecological sustainable development.",,The sub-categories related to climate or ecological sustainable development do not cover the medical predictive modeling scope presented in the paper.,,
,N/A,N/A,N/A,N/A,
,There are no additional secondary categories that the paper could be classified under within the realm of climate or ecological sustainable development as it is strictly focused on medical applications.,,No relevant secondary sub-categories within climate or ecological sustainable development are applicable due to the medical nature of the research.,,
Predicting histopathology markers of endometrial carcinoma with a quantitative image analysis approach based on spherical harmonics in multiparametric MRI.,N/A,N/A,N/A,N/A,c67e615ffc9807eb23b2b906ca64951d
"The paper introduces a machine learning framework using spherical harmonics (SPHARM) for predicting histopathology markers of endometrial carcinoma through multiparametric MRI. It compares the diagnostic performance of SPHARM analysis with traditional radiomics in predicting deep myometrial invasion and tumor high-grade status. The study involves a retrospective analysis of MRI data from different institutions, emphasizing the accuracy and robustness of the SPHARM method over conventional techniques.",The paper does not address any climate or ecological sustainable development themes directly. Its focus is on medical diagnosis using MRI and machine learning technologies.,,There is no sub-category under climate or ecological sustainable development relevant to the content of this paper.,,
,N/A,N/A,N/A,N/A,
,No secondary categories related to climate or ecological sustainable development are addressed.,,No secondary sub-categories related to climate or ecological sustainable development are addressed.,,
Privacy-Aware Compression for Federated Learning Through Numerical Mechanism Design,N/A,N/A,N/A,N/A,dbec72318b1b6b4cdbc9b85e9fb141ac
This paper introduces a new privacy-aware compression mechanism for federated learning called the Interpolated MVU (I-MVU) mechanism. It is designed to improve the scalability and privacy-utility trade-offs in federated learning by using an interpolation procedure that relaxes unbiasedness and allows for efficient privacy analysis. The focus is on reducing the communication between clients and the server while maintaining privacy guarantees with differential privacy techniques.,"The paper addresses federated learning and privacy-aware mechanisms, which are not directly related to climate or ecological sustainable development categories as defined in the guidelines.",,The paper does not align with any of the specific sub-categories defined for climate or ecological sustainable development.,,
,N/A,N/A,N/A,N/A,
,There are no secondary themes related to climate or ecological sustainable development in the paper.,,There are no applicable secondary sub-categories given the paper's content.,,
Privacy-aware compression for federated data analysis,N/A,N/A,N/A,N/A,e0b487bd96450cd19c0eb954be500ccc
"This paper introduces a novel framework for designing privacy-aware compression mechanisms in federated data analytics. The key idea is to address the dual challenges of privacy and low-bandwidth compression in a unified manner, improving upon the traditional methods that tackle these issues separately. Two mechanisms are proposed: one for scalar data, ensuring minimal variance and unbiasedness under local differential privacy, and extensions to metric differential privacy and vector spaces are considered. The study establishes asymptotic consistency for unbiased federated analytics solutions and demonstrates improved accuracy-privacy trade-offs in various experiments.","The paper's content primarily revolves around developing advanced data compression and privacy techniques for federated data analytics, which are not directly related to climate or ecological sustainable development objectives.",,The sub-categories listed for climate or ecological sustainable development do not encompass the privacy-aware compression and federated analytics discussed in this paper.,,
,N/A,N/A,N/A,N/A,
,"The content does not address any secondary categories related to climate or ecological sustainable development, as it primarily focuses on technological advancements in federated learning and privacy-preserving data analysis.",,"Since the paper does not cover climate or ecological sustainable development explicitly, there are no relevant secondary sub-categories related to those themes.",,
,,,,,
,,,,,
Probabilistic surrogate networks for simulators with unbounded randomness,N/A,N/A,N/A,N/A,d557787ae2f3e340fa77a40dfb59f09e
"The paper introduces a framework for building deep neural network surrogates for stochastic simulators where the number of random variables can be unbounded. It discusses the efficiency and speed of these surrogates in modeling complex stochastic programs and enabling faster simulations and Bayesian inference. The paper also illustrates the application of the framework through stochastic control flows, program synthesis, and composite materials process simulation.",The paper does not focus on Climate or Ecological Sustainable Development as its primary objective. It primarily addresses computational advancements in surrogate modeling.,,The main content does not directly align with any specific sub-category related to Climate or Ecological Sustainable Development.,,
,Climate Change Mitigation,N/A,Industry,N/A,
,"The paper briefly touches on applications relevant to process simulation in composite materials, which can have implications for manufacturing processes affecting environmental outcomes, though it's not the core theme.","Material science is one of the faisable applications. Nevertheless, the authors don't focus on climate-related topics. ""This approach has found success in applications in various fields including computational fluid dynamics (CFD) [Glaz et al., 2010], aerospace engineering [Jeong et al., 2005], material science [Rikards et al.,2004] and quantum chemistry [Gilmer et al., 2017].""","The paper implies potential benefits to industrial processes by using surrogate modeling for temperature estimation during composite material curing, which can enhance process optimization.","""The particular simulator used is RAVEN which simulate the curing process of composite materials, a proprietary software developed by Convergent Manufacturing Technologies [2019]. RAVEN is used in the aerospace and automotive industries [...]""",
Probing Representation Forgetting in Supervised and Unsupervised Continual Learning,N/A,N/A,N/A,N/A,c3e9d29d650785c36a52a3078741d69c
"This paper explores the phenomenon of representation forgetting in the context of continual learning, where a model is exposed to a sequence of tasks with varying data distributions. The research investigates how model representations can change and potentially lose information previously learned when encountering new tasks. Using linear probes and contrastive learning methods, the study revisits benchmarks and evaluates different approaches, challenging the perceived extent of catastrophic forgetting in deep learning models.",No specific theme related to Climate or Ecological Sustainable Development is identified in the paper.,,The paper does not align with specific sub-categories related to Climate or Ecological Sustainable Development.,,
Propagating Uncertainty Across Cascaded Medical Imaging Tasks for Improved Deep Learning Inference,N/A,N/A,N/A,N/A,ec02f764432b7bf906601658f91a0b7d
"The paper discusses a deep learning framework that propagates uncertainty across cascaded medical imaging tasks to enhance inference in detecting and segmenting brain pathologies. The framework applies to multiple sclerosis T2 lesion detection and brain tumor segmentation, showing improvements by incorporating uncertainty from initial tasks into follow-up tasks.","The central theme of the paper is to improve medical imaging through deep learning, not directly addressing any Climate or Ecological Sustainable Development categories.",,"The paper does not align with any sub-categories of Climate or Ecological Sustainable Development, as its primary focus is on medical image analysis rather than sustainability.",,
,N/A,N/A,N/A,N/A,
,There are no secondary Climate or Ecological Sustainable Development categories relevant to the primary focus on medical imaging tasks.,,Secondary sub-categories are not relevant as the study does not focus on Climate or Ecological Sustainable Development themes.,,
ProtST: Multi-Modality Learning of Protein Sequences and Biomedical Texts,N/A,N/A,N/A,N/A,aa508e58fcf0d5b4240e1a02258ac5db
"This paper presents the ProtST framework, a novel approach to enhance protein sequence representation learning by integrating biomedical text descriptions. It introduces the ProtDescribe dataset, which pairs protein sequences with textual property descriptions and proposes multi-modal pre-training tasks to improve protein function prediction, enabling both supervised and zero-shot learning capabilities.","The paper does not directly pertain to any category listed under Climate or Ecological Sustainable Development, as it focuses on bioinformatics and protein representation learning.",,The paper's focus does not align with any sub-category of Climate or Ecological Sustainable Development as provided in the classification guidelines.,,
,N/A,N/A,N/A,N/A,
,No secondary categories are applicable since the paper does not address climate or ecological aspects directly.,,No secondary sub-categories are relevant as the paper is not concerned with environmental or climate issues.,,
Protective effectiveness of previous SARS-CoV-2 infection and hybrid immunity against the omicron variant and severe disease: a systematic review and meta-regression,N/A,N/A,N/A,N/A,9e7a800c49729160ff91712032c95074
This paper conducts a systematic review and meta-regression analysis to evaluate the protective effectiveness and durability of previous SARS-CoV-2 infection and hybrid immunity (combination of prior infection and vaccination) against the Omicron variant and severe COVID-19. It highlights the higher and more sustained protection conferred by hybrid immunity compared to vaccination alone. The study aims to guide vaccination strategies by examining the magnitude and duration of protection against reinfection and severe outcomes.,"The paper primarily concerns medical and public health considerations related to COVID-19 immunity, which does not align directly with climate or ecological sustainable development categories.",,The paper does not fit into any sub-category of climate or ecological sustainable development as it focuses on epidemiological and public health research.,,
Protein Representation Learning by Geometric Structure Pretraining,N/A,N/A,N/A,N/A,96910123c51ee0134e74e0bac0e5c181
"The paper presents a framework for protein representation learning by utilizing geometric structure pretraining. It leverages multiview contrastive learning and self-prediction tasks on protein structures to enhance downstream task performance, such as protein function prediction and fold classification. It demonstrates improvements over sequence-based methods, particularly in efficiently predicting protein properties with less data.",The paper's primary focus is on protein representation learning in biological and computational contexts rather than on Climate or Ecological Sustainable Development.,,The paper's focus does not align with any specific Climate or Ecological Sustainable Development sub-category as it primarily addresses computational biology challenges.,,
,N/A,N/A,N/A,N/A,
,There are no themes or topics relating to Climate or Ecological Sustainable Development covered in the paper.,,The themes presented in the paper do not correspond to any Climate or Ecological Sustainable Development sub-categories.,,
Protein Sequence and Structure Co-Design with Equivariant Translation,N/A,N/A,N/A,N/A,a8741c9aa84ecccbcbafe652250c4589
"The paper presents a novel method for protein sequence and structure co-design, introducing an approach that allows for efficient and accurate iterative co-design of protein structures and sequences. This method leverages equivariant translation to enhance the speed and fidelity of protein design, which is crucial for biological and medical applications.",The paper does not align with any of the existing categories focused on climate or ecological sustainability.,,The paper does not focus on any known sub-categories within the remit of climate or ecological sustainable development.,,
,N/A,N/A,N/A,N/A,
,The paper's aim at bioengineering and protein synthesis does not intersect with any predefined sustainability categories.,,"Secondary contributions are still within the bioengineering scope, which does not relate to sustainable development sub-categories.",,
Prototype-Sample Relation Distillation: Towards Replay-Free Continual Learning,N/A,N/A,N/A,N/A,98ad26528c25532eb572b7d2a0df0285
The paper proposes a novel continual learning method called Prototype-Sample Relation Distillation (PRD) which eliminates the need for storing previous task data. This method uses representation learning combined with supervised contrastive loss and a unique distillation loss to preserve class prototypes relative similarities in the absence of prior task data. It achieves state-of-the-art performance in task-incremental settings without replay buffers.,"The paper does not address any climate or ecological sustainable development issues, being centered around machine learning methods for continual learning without replay buffers.",,There are no sub-categories addressed in the paper related to climate or ecological sustainable development.,,
Public Perspectives on Exposure Notification Apps: A Patient and Citizen Co-Designed Study,N/A,N/A,N/A,N/A,9d520d07a3ec3cd62a2a023d5a161fa4
"This paper discusses a study on the public's perspectives on the COVID Alert exposure notification app, deployed in Canada. The study highlights the use, knowledge, concerns, and predictors of app downloads among the public in Quebec, as well as strategies to promote social acceptability. The paper emphasizes the importance of public engagement in app development to improve uptake and effectiveness.","The paper primarily deals with public health communication and technology for disease control, which does not directly fit into any climate or ecological sustainable development category.",,The study focuses on a public health app rather than an environmental or sustainability sub-category.,,
,N/A,,N/A,,
,There are no secondary themes related to climate or ecological sustainable development.,,The paper remains focused on public health and technology without significant crossover into environmental topics.,,
Publisher Correction: Advancing ethics review practices in AI research,N/A,N/A,N/A,N/A,cfe44e18e834b12fa2744dfdd7888fc0
"This document is a correction notice for a previously published article related to ethics review practices in AI research, specifically correcting a misspelling of an author's name.",This document is a correction notice and does not cover any Climate or Ecological Sustainable Development topics.,,This document does not address any specific Climate or Ecological Sustainable Development sub-category.,,
PyNM: a Lightweight Python implementation of Normative Modeling,N/A,N/A,N/A,N/A,9683162d2f8313eced85789d1963f127
"PyNM is a lightweight Python package designed to simplify the implementation of Normative Modeling. It provides a user-friendly interface, automatic dataset handling, and offers various model options for neuroimaging and psychiatry studies to better understand individual deviations from normative data.","The paper focuses on a software package for neuroimaging analysis, which does not directly relate to any specific Climate or Ecological Sustainable Development category.",,The paper's focus on normative modeling for neuroimaging does not align with any specific sub-category of Climate or Ecological Sustainable Development.,,
,N/A,N/A,N/A,N/A,
,"Given the paper's focus on neuroimaging and psychiatry, it does not address any secondary sustainable development categories related to climate or ecology.",,"The paper remains centered on neuroimaging and normative modeling, with no ties to secondary sub-categories of sustainable development.",,
,,,,,
,,,,,
QRelScore: Better Evaluating Generated Questions with Deeper Understanding of Context-aware Relevance,N/A,N/A,N/A,N/A,ac20c0e72c02a31f3fb07e988e0d77c9
"The paper presents QRelScore, a new evaluation metric for the automatic assessment of question generation systems which emphasizes the context-aware relevance of the generated questions. It leverages pre-trained language models to achieve better alignment with human judgments and robustness to adversarial examples compared to existing metrics.","The research is centered around computational linguistics and natural language processing improvements, not directly tied to any climate or sustainability-focused category.",,There is no specific sub-category applicable as the content does not engage with sustainability or ecological matters.,,
,N/A,N/A,N/A,N/A,
,The paper does not tackle multiple areas within Climate or Ecological Sustainable Development as its themes remain solely within improving question generation evaluation models.,,"Because the main focus is on question generation metrics, it does not cross into ecological or climate sub-categories.",,
Quantitative electrophysiological assessments as predictive markers of lower limb motor recovery after spinal cord injury: a pilot study with an adaptive trial design,N/A,N/A,N/A,N/A,cfa130549ceb3074bdd5ec7f79da1bdd
This paper presents a pilot study aimed at evaluating the feasibility and relevance of using electrophysiological and MRI assessments to identify preserved neural pathways after spinal cord injury (SCI). The goal is to use these assessments to predict long-term sensorimotor recovery. The study was conducted with five SCI participants and eight controls in a rehabilitation setting.,The study does not fall within the scope of Climate or Ecological Sustainable Development as it focuses on medical rehabilitation techniques for spinal cord injury patients.,,"The subject of the paper does not align with any sub-category related to Climate or Ecological Sustainable Development _  rather, it focuses on health and rehabilitation.",,
,N/A,N/A,N/A,N/A,
,There are no secondary categories related to Climate or Ecological Sustainable Development applicable to the topics discussed in this paper.,,"As with the primary sub-category, there are no relevant secondary sub-categories linked to Climate or Ecological Sustainable Development in this context.",,
Question Personalization in an Intelligent Tutoring System,N/A,N/A,N/A,N/A,b9830f3c3e6f0d5d362d241c608df710
"This paper investigates personalization in intelligent tutoring systems by exploring the impact of personalized question phrasing on student learning outcomes. Using a dialogue-based intelligent tutoring system, the authors test different variants of questions tailored for students' proficiency levels. Through an experimental A/B test, they demonstrate that personalized questions improve learning gains, particularly for beginners.",The paper does not address any climate or ecological sustainable development themes.,,There is no relevant Climate or Ecological Sustainable Development sub-category that the paper aligns with.,,
Questions Are All You Need to Train a Dense Passage Retriever,N/A,N/A,N/A,N/A,d45d7f7142d2fba5da4e04ecc4ec4dd5
"The paper introduces ART, a novel approach for training dense retrieval models without labeled training data. ART relies on an autoencoding method using questions to retrieve evidence passages, then using these passages to reconstruct the original question. The aim is to enable unsupervised learning of retrieval models that can be incorporated into Open QA systems without further finetuning. Extensive experiments show ART achieving state-of-the-art performance on multiple QA benchmarks, emphasizing the efficiency and effectiveness of training with only questions.","The paper's focus is on technical advancements in machine learning for question answering and retrieval systems, with no direct implications for Climate or Ecological Sustainable Development.",,There is no sub-category applicable as the paper is not relevant to Climate or Ecological Sustainable Development.,,
,N/A,N/A,N/A,N/A,
,No secondary categories related to Climate or Ecological Sustainable Development are addressed in the paper.,,No secondary sub-categories related to Climate or Ecological Sustainable Development are discussed in the paper.,,
R5: Rule Discovery with Reinforced and Recurrent Relational Reasoning,N/A,N/A,N/A,N/A,a350b99bee18c420ba5a093b970de32f
"This paper introduces R5, a relational reasoning framework that uses reinforcement learning to discover and reason over relational graph data. R5 explicitly extracts compositional logical rules to train on small-scale tasks and generalize to large-scale tasks. The framework includes a policy value network and Monte Carlo Tree Search to perform recurrent relational prediction and rule mining, demonstrating systematicity, robustness to noisy data, and improved explainability over embedding-based models.",The paper does not focus on any aspect of climate or ecological sustainable development but rather on AI methodologies for relational reasoning.,,The study does not cover any sub-categories related to sustainable development but focuses on relational reasoning in AI.,,
,N/A,N/A,N/A,N/A,
,"The entire approach is centered around machine learning for relational graph reasoning, lacking any secondary focus on sustainable development.",,No secondary sub-categories of sustainable development are applicable as the content is strictly about machine learning reasoning methodologies.,,
Radiomics-Based Machine Learning for Outcome Prediction in a Multicenter Phase II Study of Programmed Death-Ligand 1 Inhibition Immunotherapy for Glioblastoma,N/A,N/A,N/A,N/A,b09883731192b69e826bc345cfcdc346
"This paper investigates the use of radiomics-based machine learning to predict outcomes in glioblastoma patients undergoing PD-L1 inhibition immunotherapy, using data from a multicenter trial. It focuses on the predictive value of MRI features at different treatment stages, highlighting the potential for machine learning to assess patient survival and progression.",The paper does not address climate or ecological sustainability themes _  it is focused on medical research for glioblastoma treatment outcomes.,,The paper's focus on glioblastoma and machine learning does not intersect with any defined sub-categories of climate or ecological sustainable development.,,
,N/A,N/A,N/A,N/A,
,There are no secondary aspects of climate or ecological sustainability addressed in this paper.,,The paper does not address secondary sub-categories related to climate or ecological sustainability.,,
Rainproof: An Umbrella To Shield Text Generators From Out-Of-Distribution Data,N/A,N/A,N/A,N/A,aebc1f5bbbb2b0cf6423a2d53b449fec
"The paper presents 'RAINPROOF', an OOD detection framework designed for NLP models like text generators. It emphasizes the challenges text generators face from out-of-distribution data and proposes solutions that leverage soft-probabilities in a black-box setting to improve reliability and performance. The study extensively evaluates the proposed methods against baselines, providing improvements in detecting OOD samples and aligning with task-specific performance metrics.","The paper does not directly relate to any of the listed Climate or Ecological Sustainable Development categories, focusing instead on technical improvements in NLP models.",,There are no relevant sub-categories since the paper primarily addresses text generation reliability and not sustainable development topics.,,
"Rapid, automated nerve histomorphometry through open-source artificial intelligence",N/A,N/A,N/A,N/A,a6777340bc4c7409e7dad7b0a0a2964c
"The paper discusses the development and validation of a deep learning model for the automated segmentation and histomorphometry of myelinated peripheral nerve fibers. It highlights the use of a convolutional neural network in the AxonDeepSeg framework to achieve accurate axon/myelin segmentation from light microscopic images, reducing analysis time significantly compared to manual methods. This open-source tool enhances the efficiency and precision of biomedical research related to nerve fiber analysis.","The central theme of this paper is biomedical and neuroscience-focused, with no direct relation to climate or ecological sustainable development. It discusses a technological improvement in nerve histomorphometry using AI.",,"There are no sub-categories within climate or ecological sustainable development that apply to this paper as its subject is entirely outside those domains, focused solely on medical AI applications.",,
,N/A,N/A,N/A,N/A,
,There are no secondary themes in the paper related to climate or ecological sustainable development. The entire focus is on the biomedical application of AI in nerve fiber analysis.,,"The paper does not cover any secondary sub-categories related to climate or ecological sustainable development. It's centered on improving efficiency and accuracy in nerve fiber segmentation using AI, which falls under medical research.",,
Re-Weighted Softmax Cross-Entropy to Control Forgetting in Federated Learning,N/A,N/A,N/A,N/A,b559a1c57b397a7feef64c4060fa1602
The paper presents a method for improving federated learning by addressing client forgetting through a re-weighted softmax cross-entropy approach. This method aims to handle the data heterogeneity problem across clients by maintaining model accuracy on different client's data and reducing local client drift during training. The method was evaluated on various datasets demonstrating improved performance over standard federated algorithms.,"The paper does not directly address any specific topics within Climate or Ecological Sustainable Development, focusing instead on a machine learning optimization problem.",,"As there are no clear applications or connections to Climate or Ecological Sustainable Development, no specific sub-category applies.",,
Real-M: Towards Speech Separation on Real Mixtures,N/A,N/A,N/A,N/A,96d0deec5b83d94eec62f36ae4b509bc
"The paper discusses the development of REAL-M, a dataset of real-life mixtures for speech separation. It introduces a blind neural SI-SNR estimator for evaluating separated speech signal quality. The estimator correlates well with human assessments and is tested on popular speech separation models.",The paper does not address any specific themes that align with Climate or Ecological Sustainable Development.,,"There are no sub-categories that match the focus of the paper, which is on technical advancements in speech separation.",,
,N/A,N/A,N/A,N/A,
,There are no secondary themes related to sustainable development _  the focus is purely on audio and speech separation advancements.,,No secondary sub-categories of sustainable development are addressed here as the topic is entirely technical on speech separation.,,
Real-time simulation of viscoelastic tissue behavior with physics-guided deep learning,N/A,N/A,N/A,N/A,ab09ba82ae07cd7033a00e4ae79f9ab2
"The paper discusses a new deep learning method for simulating the behavior of viscoelastic tissues, particularly for use in virtual reality surgical training. It focuses on overcoming the computational limits of finite element methods (FEM) by incorporating a physics-guided loss function in the training of deep learning models. This approach allows for real-time simulation, which is essential for accurate surgical training environments. The paper presents a model combining CNN and LSTM layers to predict tissue displacement fields, enhanced by including physical laws as a loss function to improve prediction accuracy over traditional methods.","The paper focuses on medical training simulations, which do not directly relate to climate or ecological sustainable development.",,"None of the listed sub-categories pertain to the focus of this research, which is real-time simulation of viscoelastic materials for neurosurgical training.",,
,,,,,
,,,,,
Reassessing Evaluation Practices in Visual Question Answering: A Case Study on Out-of-Distribution Generalization,N/A,N/A,N/A,N/A,a833a58f6b6a36ff82f799bf8c92dd64
"This paper investigates the generalization capabilities of pretrained Visual Question Answering (VQA) models beyond their training datasets. It evaluates how well these models perform on out-of-distribution (OOD) datasets to determine if they are truly learning to solve the task of VQA or just optimizing for specific benchmarks. The study finds that these models exhibit poor OOD generalization, suggesting they are more adept at performing specific benchmarks rather than acquiring the broader skill necessary for VQA. The research also evaluates the impact of multimodal pretraining, automatic evaluation metrics, and compares performance between generative and discriminative models.","The paper does not directly address any categories listed under Climate or Ecological Sustainable Development. Instead, it focuses on AI model evaluation and generalization.",,The sub-categories are all focused on areas of sustainable development which the paper does not address. Its focus on VQA model performance and evaluation practices lies outside these areas.,,
,N/A,N/A,N/A,N/A,
,"As the primary theme is not related to Climate or Ecological Sustainable Development, secondary categories are also not applicable.",,"Since the focus is not on Climate or Ecological Sustainable Development, there are no applicable secondary sub-categories.",,
,,,,,
,,,,,
"Recipe for a General, Powerful, Scalable Graph Transformer",N/A,N/A,N/A,N/A,d42700fe940e1f974e3bc60d0660cd28
"The paper proposes a framework for constructing scalable graph transformers, called GPS, which supports various types of positional and structural encodings. It aims to optimize graph representation learning by combining local message-passing mechanisms with global attention mechanisms. The architecture addresses the limitations of previous graph transformers, making it suitable for large graphs with linear complexity. GPS demonstrates competitive results across multiple benchmarks without explicit edge features in the attention module, potentially benefiting real-world applications like chemical interaction modeling and robotic control.",The central theme of the paper is related to computational advancements in graph learning techniques rather than direct applications to climate or ecological sustainable development.,,"There is no specific sub-category under Climate or Ecological Sustainable Development that this paper aligns with, as its focus is on graph transformer architecture.",,
,N/A,N/A,N/A,N/A,
,The paper's contents are not directly relevant to any secondary areas of Climate or Ecological Sustainable Development.,,"No secondary sub-categories are relevant as the paper is technical and focuses on graph transformer models, not sustainability subjects.",,
Reference panel guided topological structure annotation of Hi-C data,N/A,N/A,N/A,N/A,b1b852370cbd7b016da2e2e0e1dc826b
"The paper presents RefHiC, an attention-based deep learning framework designed to annotate topological structures from Hi-C data using a reference panel to enhance prediction accuracy. The approach outperforms existing tools in loop and TAD boundary detection across various cell types and sequencing depths.",The core focus of the paper is on computational genomics rather than Climate or Ecological Sustainable Development.,,The paper is primarily focused on computational advances in genome annotation rather than specific applications or categories within sustainable development.,,
,N/A,N/A,N/A,N/A,
,There are no secondary themes related to Climate or Ecological Sustainable Development mentioned in the paper.,,There are no applicable secondary sub-categories within the realm of Climate or Ecological Sustainable Development.,,
"Relationship Between Arterial Stiffness Index, Pulse Pressure, and Magnetic Resonance Imaging Markers of White Matter Integrity: A UK Biobank Study",N/A,N/A,N/A,N/A,bda6618ef9c287a40caaef5cbd9ba2d7
"This paper investigates the association between peripheral pulse pressure (PP), arterial stiffness index (ASI), and brain integrity using data from 17,984 participants of the UK Biobank. The study finds that peripheral PP is a better predictor of white matter integrity when compared to ASI. These results are consistent until the age of 75, beyond which no significant relationship is found.",The paper primarily explores health aspects related to aging and arterial stiffness rather than focusing on themes of climate or ecological sustainable development.,,There is no sub-category within climate or ecological sustainable development that aligns with the study's focus on health parameters and neurological outcomes.,,
,N/A,N/A,N/A,N/A,
,The themes discussed in the paper do not align with the secondary climate or ecological sustainable development categories.,,No sub-category from the climate or ecological sustainable development list pertains to the paper's subject matter.,,
Replay Buffer with Local Forgetting for Adapting to Local Environment Changes in Deep Model-Based Reinforcement Learning,N/A,N/A,N/A,N/A,ae8552f36a506b5718718a427e94de6a
"This paper introduces a variation of the traditional replay buffer, known as LOFO (Local Forgetting) replay buffer, which is designed to improve the adaptivity of deep model-based reinforcement learning methods to local environmental changes. By removing samples only from the local neighborhood of newly observed samples, this method aims to maintain the accuracy of deep world models across the relevant state-space. The effectiveness of the LOFO replay buffer is demonstrated on deep versions of Dyna, PlaNet, and DreamerV2 methods across different domains, showing that it improves adaptivity by addressing catastrophic forgetting and stale data interference.","The paper's primary focus on enhancing the adaptability of reinforcement learning techniques does not directly contribute to a specific sustainable development category, as it mainly aims at technical advancements in AI methods.",,The core innovation of the LOFO replay buffer targets improving reinforcement learning models and does not apply to existing sub-categories of sustainable development without specific applications.,,
,N/A,N/A,N/A,N/A,
,The paper's focus on AI technique improvement does not align with any existing sustainable development categories as it’s not directly applicable to sustainability challenges without further context-specific application.,,The sub-category classification does not apply since the paper is more oriented towards methodology improvement in reinforcement learning rather than an application in sustainable development.,,
Repository-Level Prompt Generation for Large Language Models of Code,N/A,N/A,N/A,N/A,b1d52ffbd43b657aa8146d1256d6a2e1
"This paper presents the Repo-Level Prompt Generator (RLPG), designed to improve the effectiveness of large language models (LLMs) for code by generating repository-specific prompts. The RLPG framework considers the structure and context from the entire code repository to tailor prompts that enhance single-line code-autocompletion tasks. The approach does not require access to the LLM's weights, making it applicable even with black-box access. The paper demonstrates significant improvements over baseline systems like Codex when generating prompts tailored to the specifics of code repositories.","The paper does not address any specific Climate or Ecological Sustainable Development themes or applications, focusing instead on technical improvements in code-related LLM usage.",,No sub-category related to Climate or Ecological Sustainable Development is addressed.,,
Representational ethical model calibration,N/A,N/A,N/A,N/A,d2e607c95955be0029da510952c2698f
"This paper proposes a framework for ensuring equity in healthcare model decisions by introducing the concept of Representational Ethical Model Calibration. It utilizes representation learning to evaluate and rectify inequity in predictive models across diverse subpopulations, using large-scale data from UK Biobank as a demonstration.",The paper does not relate directly to any climate or ecological sustainable development categories _  its central theme is healthcare equity.,,The paper does not cover topics related to any specific sub-categories of climate or ecological sustainable development _  it is focused on healthcare model equity.,,
Researcher perspectives on ethics considerations in epigenetics: an international survey,N/A,N/A,N/A,N/A,bd9687fdaf2b7a0d947c3c1a737faabb
"This paper explores the views of 189 epigenetic researchers from 31 countries on the ethical, legal, and social issues (ELSI) in epigenetic research. It discusses their concerns regarding non-medical applications such as life insurance, forensics, immigration, and direct-to-consumer testing. The study found high levels of concern regarding the misuse of epigenetic data, with particular emphasis on privacy and the potential for discrimination.","While the paper has implications for ethics in scientific research, it does not directly address climate or ecological sustainable development themes.",,"The sub-categories available do not relate to ethical, legal, and social issues within epigenetics, which is the paper's focus.",,
,N/A,N/A,N/A,N/A,
,The paper does not cover any secondary themes related to climate or ecological sustainable development.,,The paper does not cover secondary sub-categories within the climate or ecological sustainable development areas.,,
Responsible AI Considerations in Text Summarization Research: A Review of Current Practices,N/A,N/A,N/A,N/A,aa5362ac0fdac2bdbf93ba28676ec664
"This paper reviews the responsible AI considerations in text summarization research, focusing on how ethical concerns and practices are addressed within the field. It analyses 333 summarization papers, primarily looking at how responsible AI issues like ethical consideration and adverse impact discussions are incorporated in the literature.",The paper does not discuss any direct impact or application related to climate or ecological sustainable development.,,No specific sub-categories related to the hierarchical list are covered as the paper lacks direct connection to Climate or Ecological Sustainable Development.,,
,N/A,N/A,N/A,N/A,
,No secondary categories related to climate or ecological sustainable development are addressed in the paper.,,"There are no indirect or secondary sub-categories applicable from the predefined sustainable categories and sub-categories, given the paper's focus on ethical AI in NLP.",,
Resting state EEG power spectrum and functional connectivity in autism: a cross-sectional analysis,N/A,N/A,N/A,N/A,991e345aa9ef6a31cc3e0c0887daeea9
"The paper investigates resting state EEG parameters in individuals with autism spectrum disorder (ASD) compared to neurotypical (NT) controls. It analyzes EEG power spectrum and functional connectivity to identify potential differences in brain activity between these groups. The study specifically examines the variability, mean differences, and multivariate patterns across a cohort with IQ > 75 from childhood to adulthood, employing machine learning techniques for classification.","The research does not engage with sustainable development, climate change, or ecological themes. It is focused on autism and neuroscience, which do not align with the categories of Climate or Ecological Sustainable Development.",,"There is no sub-category of Climate or Ecological Sustainable Development applicable to the paper, as its core focus is on the inherent variability and features of autism spectrum disorder within a neuroscience framework.",,
,N/A,N/A,N/A,N/A,
,No secondary Climate or Ecological Sustainable Development themes are identifiable as the paper is solely focused on the biomedical analysis of autism and EEG data which is outside the scope of sustainable development.,,The paper strictly deals with autism-related neuroscience and does not extend to any relevant sustainable development sub-categories.,,
Retrieval-Enhanced Machine Learning,N/A,N/A,N/A,N/A,b774149ffa2c21c43e94c3ec651e8506
"This paper presents a new framework called retrieval-enhanced machine learning (REML), which aims to improve machine learning models by integrating information retrieval techniques. The authors argue that current ML models rely heavily on increasing parameters for better performance, which is not sustainable. REML proposes using information retrieval to access large external knowledge bases to enhance model scalability, generalization, and interpretability. The paper discusses various approaches and challenges in implementing REML and suggests its potential applications across different domains.","The paper does not focus on any specific sustainable development category, but rather on a technical enhancement for machine learning processes.",,No mention of any specific sub-category related to sustainable development _  focus is on computational methods.,,
,N/A,N/A,N/A,N/A,
,"There are no secondary sustainability themes mentioned in the paper either, as it focuses mainly on improving machine learning models through retrieval methods.",,"Similar to the primary sub-category, no secondary applicable sustainable development sub-categories are evident.",,
Revisiting Populations in multi-agent Communication,N/A,N/A,N/A,N/A,c4193622744fceb56ae29143779827a5
"This paper examines the shortcomings of the standard training protocol for emergent multi-agent communication in populations, specifically in sender-receiver Lewis games. The authors highlight the issue of co-adaptation between interacting sender and receiver, which diminishes the benefits of having larger populations. They propose a new training protocol, called partitioning, to isolate sender-receiver pairs and limit co-adaptation. The results show improved communication with new agents and more compositional languages in larger populations.",The paper is centered around multi-agent communication and not directly on Climate or Ecological Sustainable Development.,,The paper does not specify any sub-category that is relevant to Climate or Ecological Sustainable Development.,,
,N/A,N/A,N/A,N/A,
,The topics discussed do not directly relate to any specific Climate or Ecological Sustainable Development themes.,,No relevant sub-categories related to Climate or Ecological Sustainable Development are discussed in the paper.,,
Revisiting Transfer Functions: Learning About a Lagged Exposure-Outcome Association in Time-Series Data,N/A,N/A,N/A,N/A,ad27a6baf3fb683c10085ae3e9f7c418
"The paper discusses the use of transfer functions to estimate time-lagged exposure-outcome associations in time-series data, focusing on environmental exposure and food marketing impacts.",The paper's focus on statistical modeling techniques for time-series data does not align with any specific Climate or Ecological Sustainable Development category.,,The exploration of transfer functions and lagged associations in time-series analysis is not directly tied to any specific sub-category under Climate or Ecological Sustainable Development.,,
Rhythmic Information Sampling in the Brain during Visual Recognition,N/A,N/A,N/A,N/A,c01d33f991ccbeda82ca7b93f573c5b7
"This paper explores the concept of rhythmic information sampling in the brain during visual recognition. It focuses on how visual information is processed over time in the brain, particularly in response to facial recognition tasks. Using magnetoencephalography (MEG), the study examines brain oscillations and their timing to understand how different regions of the brain are involved in visual processing. The findings reveal significant oscillations in early visual processing areas, emphasizing the importance of rhythmic sampling in visual recognition.","The research does not primarily address Climate or Ecological Sustainable Development themes, focusing instead on cognitive neuroscience and brain function.",,The study's focus on brain oscillations during visual recognition does not align with the listed sub-categories related to Climate or Ecological Sustainable Development.,,
,N/A,N/A,N/A,N/A,
,No secondary Climate or Ecological Sustainable Development themes are present as the paper focuses exclusively on neural dynamics and visual recognition.,,There are no secondary sub-categories related to Climate or Ecological Sustainable Development applicable to this study.,,
Robust Contrastive Learning against Noisy Views,N/A,N/A,N/A,N/A,9bd1f1390fc5e5bc3a1c678108ed3098
"The paper introduces a new contrastive loss function, RINCE, which enhances contrastive learning by being robust against noisy views in data. The method is theoretically justified through its links to robust symmetric losses for noisy classification and is proven to improve performance across various modalities like image, video, and graph data. The RINCE loss is modality-agnostic and can easily replace InfoNCE in current frameworks.",There is no direct relevance of this paper to climate or ecological sustainable development as it focuses on technical enhancements in machine learning algorithms.,,No specific sub-category aligns with the central themes of this paper as it’s focused on technical improvements in deep learning methodologies unrelated to sustainability.,,
,N/A,N/A,N/A,N/A,
,The paper does not address any secondary themes related to climate or ecological sustainable development.,,"Since the paper does not engage with climate or ecological sustainability themes, no secondary sub-categories are applicable.",,
Robust Perception through Equivariance,N/A,N/A,N/A,N/A,d457b7a694dd7dc232d32ad9360fe8b3
"This paper addresses the issue of improving adversarial robustness in deep networks for computer vision by utilizing equivariance. The authors propose a method to robustify inference by introducing dense constraints at inference time instead of during training. The concept of equivariance is used to dynamically adjust models to individual images' unique characteristics at test time, without the requirement to retrain. Empirical results show enhanced robustness across various datasets and tasks, such as image recognition, semantic segmentation, and instance segmentation.",The paper's main focus is not on climate or ecological sustainable development topics but rather on technical advancements in machine learning for improving model robustness.,,There is no sub-category related to climate or ecological sustainable development applicable to the focus of this paper.,,
,N/A,N/A,N/A,N/A,
,The paper does not cover secondary topics relevant to climate or ecological sustainable development. Its primary contributions are technical advancements in machine learning model robustness.,,No secondary sub-categories applicable to climate or ecological sustainable development are addressed in this technical paper.,,
Robust Policy Learning over Multiple Uncertainty Sets,N/A,N/A,N/A,N/A,c636f4eccfae3b0f1cf2be53d641f062
"The paper introduces a framework that formulates the multi-set robustness problem in reinforcement learning, aimed at learning robust policies over multiple uncertainty sets. It proposes an algorithm called System Identification and Risk-Sensitive Adaptation (SIRSA), which integrates system identification with robust reinforcement learning to achieve better performance across different environments, focusing especially on worst-case scenarios. The framework is tested on various control tasks, demonstrating improved robustness over previous methods.","This paper does not focus on any climate or ecological sustainable development themes, but rather on reinforcement learning and algorithmic robustness.",,"The sub-categories relevant to climate or ecological sustainability do not apply to this paper, which is centered on reinforcement learning methodologies.",,
SMPL-IK: Learned Morphology-Aware Inverse Kinematics for AI Driven Artistic Workflows,N/A,N/A,N/A,N/A,b826b432f98de681fa6f9ffefcb37622
"This paper presents a new approach called SMPL-IK, which is a learned morphology-aware inverse kinematics solver that is designed to be flexible across different human morphologies. The paper extends existing machine learning inverse kinematics solvers to operate on the Skinned Multi-Person Linear (SMPL) model, enabling new artistic workflows in real-time 3D software. The proposed system allows artists to modify gender and body shape while posing a character, and integrates with pose estimation algorithms to accelerate the process of creating and editing 3D scenes from 2D images.","The paper is primarily focused on inverse kinematics for artistic and animation workflows, utilizing SMPL models. It does not address climate change mitigation, adaptation, or any ecological sustainability aspects directly or indirectly.",,"As the paper's focus is on computer graphics and animation, it does not align with any of the predefined sub-categories related to climate or ecological sustainable development.",,
,N/A,,N/A,,
,"The paper remains strictly within the domain of computer graphics and animation, without extending into any secondary themes related to climate or ecological sustainability.",,"There are no secondary themes or sub-categories of climate or ecological sustainable development that relate to the paper's content, given its focus on artistic workflows and animation.",,
SUNMASK: Mask Enhanced Control in Step Unrolled Denoising Autoencoders,N/A,N/A,N/A,N/A,e6765246761197c4651845fe415c31de
"The paper introduces SUNMASK, a non-autoregressive sequence model using masked unrolled denoising autoencoders to improve structured sequence generation. It incorporates a conditional masking variable to control generation and modulate training losses, and applies these techniques to polyphonic music and language modeling. The method is compared to other models like SUNDAE and Coconet, highlighting its efficacy in music modeling.",The paper does not address any specific Climate or Ecological Sustainable Development goals or themes.,,There is no specific sub-category in Climate or Ecological Sustainable Development that applies to the research presented in this paper.,,
,N/A,,N/A,,
,The content of the paper is not related to any secondary Climate or Ecological Sustainable Development themes.,,The research does not intersect with any climate or ecological sub-categories.,,
,,,,,
,,,,,
SVRG meets AdaGrad: painless variance reduction,N/A,N/A,N/A,N/A,9bd4fde790dffa96305cd6ac61e81b2a
"The paper introduces AdaSVRG, a variance-reduction method that combines SVRG with AdaGrad to adaptively determine step sizes in stochastic optimization without requiring problem-dependent constants. This method shows improved convergence and robustness in optimizing machine learning models, particularly with large datasets, by eliminating the need for tuning and efficiently transitioning between deterministic and stochastic optimization phases.","The paper focuses on deep learning and optimization techniques, which do not have a direct or central focus on climate or ecological sustainable development issues.",,The paper does not provide content relevant to the sub-categories associated with climate or ecological sustainable development.,,
,N/A,N/A,N/A,N/A,
,"Given that the primary focus is on algorithmic improvements for general ML applications rather than specific sustainable development areas, it lacks relevance as a secondary theme as well.",,No content in the paper pertains to the predefined sub-categories related to sustainable development.,,
SWEET - Weakly Supervised Person Name Extraction for Fighting Human Trafficking,N/A,N/A,N/A,N/A,bb40dd13898a73918e0217be10e0564b
"The paper proposes a weak supervision pipeline named S WEET to extract person names from noisy escort advertisements to combat human trafficking. It combines rule-matching strategies with large language models fine-tuned for specific datasets, effectively addressing the challenge of limited labeled data and outperforming existing methods.","The paper does not primarily focus on climate or ecological sustainability themes, but rather on a social issue of human trafficking.",,"Since the primary category is unrelated to climate or ecological themes, there is no applicable sub-category.",,
Sample Boosting Algorithm (SamBA) - An interpretable greedy ensemble classifier based on local expertise for fat data,N/A,N/A,N/A,N/A,af68e57e10cab8c646f779af0b7f5388
"The paper introduces and analyzes SamBA, a machine learning algorithm designed for 'fat data', characterized by a high dimensionality and a small number of samples. It aims to create interpretable models even with challenging datasets like those found in biological applications. The algorithm enhances boosting by integrating local expertise to improve prediction accuracy and sparsity, compared to traditional models. The paper also provides theoretical guarantees and empirical evaluations of SamBA.","The paper primarily deals with the development and evaluation of a machine learning algorithm for 'fat data', without clear applications or direct relation to climate or ecological sustainable development.",,There is no specific focus or tangible link to any predefined sub-categories associated with sustainable development or climate from the algorithm or its applications described.,,
,N/A,N/A,N/A,N/A,
,The paper does not explicitly address secondary themes related to climate or ecological applications _  it centers on methodological improvements within machine learning.,,"As with the primary sub-category, no evident connections to other sub-categories or applications related to sustainable development are present.",,
Sample-Efficient Reinforcement Learning by Breaking the Replay Ratio Barrier,N/A,N/A,N/A,N/A,acdec3a0e2ee0e378fa0f10f58e5c4f9
"The paper presents a technique for improving the sample efficiency of deep reinforcement learning (RL) algorithms by increasing the replay ratio during training. This involves resetting parameters of the RL agents to achieve better replay ratio scaling, leading to enhanced performance in established benchmarks like the Atari 100k and DeepMind Control Suite.",The paper does not directly relate to Climate or Ecological Sustainable Development themes. It focuses on a methodological improvement in reinforcement learning without linking it to specific sustainability applications.,,"Given that the paper does not relate directly to Climate or Ecological Sustainable Development, there is no applicable sub-category.",,
,N/A,N/A,N/A,N/A,
,"As the primary focus is on reinforcement learning efficiency, there are no direct secondary links to Climate or Ecological Sustainable Development categories.",,There are no specific links to secondary Climate or Ecological Sustainable Development sub-categories as the focus remains technical within reinforcement learning.,,
Scalable Operator Allocation for Multirobot Assistance: A Restless Bandit Approach,N/A,N/A,N/A,N/A,bcb6f4fe3e0cfbfafb32425e56c39379
"This paper addresses the problem of allocating human operators to provide assistance to semi-autonomous robots, which perform tasks but may sometimes get stuck and need human intervention. It introduces an approach using a Restless Bandit formulation to derive scalable index-based policies for operator allocation. This methodology is validated through numerical simulations, demonstrating it outperforms existing scalable approaches.",The primary focus of the paper is on technical optimization of human-robot collaboration rather than any direct Climate or Ecological Sustainable Development theme.,,"Since the paper is not centrally focused on Climate or Ecological Sustainable Development, there is no applicable sub-category.",,
,N/A,N/A,N/A,N/A,
,"As the paper primarily deals with optimization in robotic systems without direct relevance to climate or ecological themes, secondary categories related to Climate or Ecological Sustainable Development are not applicable.",,"The paper does not address any sub-category related to Climate or Ecological Sustainable Development, focusing instead on technical advancements in robotics and operator allocation.",,
Screening methods for congenital anomalies in low and lower-middle income countries: A systematic review.,N/A,N/A,N/A,N/A,9ed2431ae52949b075791ea3c13c051f
"This paper is a systematic review examining the various prenatal and neonatal screening methods used to detect surgically correctable congenital anomalies in low and lower-middle income countries (LMICs). It emphasizes the necessity for early detection of these anomalies to reduce morbidity and mortality rates in affected children in LMICs. The paper identifies existing screening methods, evaluates their feasibility, and discusses their risks and limitations, highlighting the need for further research and development of cost-effective, low-resource settings-appropriate screening techniques.",The paper does not focus on any climate or ecological sustainable development aspects but instead targets healthcare and surgical interventions in low-income settings.,,The paper's content and objectives do not fit into any of the sub-categories related to climate or ecological sustainable development.,,
,N/A,N/A,N/A,N/A,
,"As the primary focus is on healthcare services and congenital anomaly screening, it does not directly align with any secondary climate or ecological sustainable development categories.",,"As the study does not engage with climate or ecological sustainability, no secondary sub-categories are applicable.",,
Seeking Interpretability and Explainability in Binary Activated Neural Networks,N/A,N/A,N/A,N/A,e1ba68b5afd7d690e396dbad3d91e163
"The paper explores binary activated neural networks (BANNs) for regression tasks on tabular data. It dissects these networks to understand their workings and proposes a greedy algorithm to build interpretable BANNs by adding neurons one at a time. The work emphasizes the importance of transparency in the prediction process and proposes using SHAP values to quantify the importance of features and neurons. The paper sets forth BANNs as a potential family of interpretable predictors, competitive with tree-based approaches in both performance and interpretability.","The paper focuses on interpretability in neural networks, specifically with binary activations, without specific application or mention of sustainable development, climate change, or ecological sustainability.",,There is no sub-category related to climate or ecological sustainable development discussed in the paper.,,
,N/A,N/A,N/A,N/A,
,The paper does not explicitly address any secondary themes related to climate or ecological sustainable development.,,The paper does not cover any sub-categories related to climate or ecological sustainable development.,,
Segmentation-Consistent Probabilistic Lesion Counting,N/A,N/A,N/A,N/A,b502642bacc07bf7ed2de8dfcfa62944
"This paper presents a novel continuously differentiable function that maps lesion segmentation predictions to lesion count probability distributions in a consistent and robust manner. The proposed method is intended to augment lesion segmentation models with post hoc counting capabilities. It focuses on providing accurate and well-calibrated count distributions that can capture uncertainty information, and is demonstrated to be beneficial for multi-task learning, low data efficiency, and robustness against adversarial attacks.","The paper focuses primarily on medical imaging and lesion counting, which does not align with any predefined climate or ecological sustainable development categories.",,No specific sub-category related to climate or ecological sustainable development is applicable as the paper is about medical imaging techniques.,,
,,,,,
,,,,,
Simplicity and learning to distinguish arguments from modifiers,N/A,N/A,N/A,N/A,bbfddc9d6a3092b627bb7e9f63a108ad
"The paper explores the learning process involved in distinguishing between arguments and modifiers within sentences using computational modeling, particularly emphasizing philosophy and probabilistic approaches to syntactic structure building in linguistics.",The paper does not address any themes related to Climate or Ecological Sustainable Development. Its primary focus is on linguistics and computational linguistics.,,There are no applicable sub-categories since the theme and focus of the paper are not aligned with Climate or Ecological Sustainable Development.,,
Sleep spindles track cortical learning patterns for memory consolidation,N/A,N/A,N/A,N/A,97de30bb26dddf8133912268e6157d5d
"The paper investigates how sleep spindles contribute to memory consolidation by tracking cortical learning patterns. It uses high-density EEG and polysomnography to analyze how spindles overlap with cortical areas involved in recent learning, demonstrating that this overlap is predictive of memory retention.","The paper does not address any aspects of climate or ecological sustainable development, focusing instead on the neuroscience of sleep and memory.",,The study does not fit into any existing sub-categories as it's not related to climate or ecological themes.,,
,N/A,N/A,N/A,N/A,
,The paper does not contain secondary topics related to climate or ecological sustainable development as it is centered around sleep and cognitive processes.,,"No relevant sub-categories apply because the study focuses on neuroscience, not environmental issues.",,
SmOOD: Smoothness-based Out-of-Distribution Detection Approach for Surrogate Neural Networks in Aircraft Design,N/A,N/A,N/A,N/A,a904fa9c24678f4f84b6f69a7adf5ee3
"The paper introduces SmOOD, a smoothness-based out-of-distribution detection approach for surrogate neural networks, particularly in aircraft design. It addresses the challenges faced by feedforward neural networks in design optimization due to their inability to generalize well to out-of-distribution samples. SmOOD uses the smoothness properties of high-fidelity simulations to detect OODs, ensuring the surrogate model produces reliable predictions. This method is assessed across various aircraft performance models, demonstrating improved predictive performance and computational efficiency compared to Gaussian Process models.","The primary focus of the paper is on computational methods in aircraft design optimization, which does not directly address any specific climate or ecological sustainable development goals.",,"The main focus is on developing a computational method for detecting out-of-distribution samples in surrogate models, not directly addressing any specific climate or ecological sub-category.",,
,Climate Change Mitigation,N/A,Energy Efficiency in Buildings,N/A,
,"The paper contributes to more efficient resource usage in aircraft design, which could potentially lead to reduced emissions and energy use, aligning with broader climate change mitigation efforts.",,"While primarily focusing on aircraft design, improvements in design optimization methods can indirectly influence energy efficiency practices.",,
Small batch deep reinforcement learning,N/A,N/A,N/A,N/A,ae645626195fa52f25b17563c4162072
"This paper explores how varying the batch size affects performance in online value-based deep reinforcement learning (RL). It presents empirical evidence that smaller batch sizes may significantly improve agent performance across different RL agents and architectures. The authors investigated this effect with comprehensive analyses of batch sizes' impact on exploration, computational cost, and network dynamics, and conclude that reduced batch sizes often lead to better sample efficiency and faster computational times. Furthermore, the findings point towards potential general improvements in network expressivity and plasticity.","The study is primarily about improving computational methodologies in reinforcement learning, not directly related to any specific category or sub-category in Climate or Ecological Sustainable Development.",,The research does not directly address a specific sub-category within Climate or Ecological Sustainable Development.,,
,Climate Change Mitigation,N/A,Energy Efficiency in Buildings,N/A,
,"The potential reduction in computational requirements mentioned in the paper can be associated with reduced energy consumption, which is related to Climate Change Mitigation.","Climate-related topics are not central. ""In this work we present a broad empirical study that suggests reducing the batch size can result in a number of significant performance gains [...]""","The mention of efforts to reduce computational energy consumption aligns with aims to improve energy efficiency, albeit the paper is focused on algorithmic improvements rather than building-specific technologies.","Climate-related topics are not central. ""In this work we present a broad empirical study that suggests reducing the batch size can result in a number of significant performance gains [...]""",
"Small, correlated changes in synaptic connectivity may facilitate rapid motor learning",N/A,N/A,N/A,N/A,981ececf10bfc09995714d55d99434d3
"The paper explores how small adjustments in synaptic connectivity within neural networks can lead to rapid motor adaptation, even under changing conditions like visuomotor rotations. It uses modular recurrent neural networks to simulate and analyze neural population activity changes during motor learning, comparing different hypotheses about where learning occurs within the brain's motor cortices.","The research does not focus on any aspect of climate or ecological sustainable development, such as renewable energy, pollution reduction, or ecological systems.",,"The sub-categories listed are not applicable as the research does not relate to climate, ecology, or sustainable development goals.",,
,N/A,N/A,N/A,N/A,
,There are no additional themes or topics addressed in the paper related to climate or ecological sustainable development.,,"Similar to the primary sub-category, there are no relevant secondary sub-categories related to climate or ecological sustainable development in this paper.",,
Software-Engineering Design Patterns for Machine Learning Applications,N/A,N/A,N/A,N/A,a4365150d69ec63aadfe2ee4d1464792
This paper conducts a multivocal literature review to identify and present 15 software-engineering design patterns that can enhance the implementation quality of machine learning applications. The study highlights the importance of raising awareness about these patterns within the developer community to improve adoption.,"The paper does not align with climate or ecological sustainable development themes. It is centered on software-engineering design patterns for machine learning, without a specific focus on sustainability-related applications.",,"There is no alignment with any climate or ecological sub-categories, as the paper centers on software-engineering design patterns rather than sustainability outcomes.",,
,N/A,N/A,N/A,N/A,
,No secondary sustainable development themes are addressed in the paper as it is solely focused on software-engineering practices in machine learning.,,"No relevant sub-categories are covered since the discussion is anchored in improving software practices within ML, not sustainability.",,
Speech Self-Supervised Representation Benchmarking: Are We Doing it Right?,N/A,N/A,N/A,N/A,b0d55a376b1fd8b1d05f98a88f9ce8b7
"This paper examines the robustness of speech self-supervised learning (SSL) benchmark results to variations in decoder architecture. It investigates the limitations of using a single decoding architecture, which could lead to oversized SSL models and inaccurate benchmarking. The study evaluates the impacts of decoder changes on model rankings across multiple tasks such as Automatic Speech Recognition (ASR), Automatic Speaker Verification (ASV), Emotion Recognition (ER), and Intent Classification (IC).",The paper does not directly relate to any Climate or Ecological Sustainable Development categories as it focuses on evaluating speech SSL benchmarking methodologies.,,The paper does not align with any predefined sub-category under Climate or Ecological Sustainable Development.,,
,N/A,N/A,N/A,N/A,
,No secondary Climate or Ecological Sustainable Development categories relate to the paper's focus on speech model benchmarking.,,No relevant secondary Climate or Ecological Sustainable Development sub-categories apply as the paper is not focused on sustainability.,,
Static Prediction of Runtime Errors by Learning to Execute Programs with External Resource Descriptions,N/A,N/A,N/A,N/A,962191e6312c3bdaf4bfebffa8e7ae87
The paper focuses on predicting runtime errors in programs before they are executed by developing a new dataset and machine learning models that learn to execute programs with descriptions of external resources.,"The paper is centered around software development and error prediction, which do not directly address any Climate or Ecological Sustainable Development goals.",,The paper doesn't address any specific sub-categories related to Climate or Ecological Sustainable Development as it is focused on software development issues.,,
,N/A,N/A,N/A,N/A,
,There are no secondary themes in the paper that relate to Climate or Ecological Sustainable Development.,,The paper does not cover any additional sustainable development sub-categories as its central theme is unrelated to these areas.,,
Statistical Guarantees for Variational Autoencoders using PAC-Bayesian Theory,N/A,N/A,N/A,N/A,9daf3fe2be36716f69a7daa4709af3b0
"This paper develops statistical guarantees for Variational Autoencoders (VAEs) using PAC-Bayesian theory. It provides generalization guarantees for VAEs' reconstruction loss and upper bounds on the distance between input and regenerated distributions, including the Wasserstein distance between the input distribution and the VAE’s generative model.","The paper primarily discusses statistical and theoretical aspects of Variational Autoencoders, which do not directly contribute to climate or ecological sustainable development as described in the provided categories.",,The paper does not align with any sub-categories of climate or ecological sustainable development since it revolves around theoretical guarantees concerning VAEs.,,
,N/A,N/A,N/A,N/A,
,"No additional categories related to climate or ecological sustainable development are addressed in the paper, as it remains focused on theoretical machine learning topics.",,"As the paper does not pertain to any climate or ecological sustainable development, it has no relevant secondary sub-categories.",,
Stimulus information guides the emergence of behavior-related signals in primary somatosensory cortex during learning.,N/A,N/A,N/A,N/A,dfcdc3e4459a61de129d92162c2743cc
The paper investigates how sensory- and behavior-related information emerges and intersects in the primary somatosensory cortex during sensory learning by imaging neuronal activity in mice.,The study is centered around neuroscience and learning mechanisms rather than climate or ecological sustainable development topics.,,The research does not fit into any predefined sub-category for climate or ecological sustainable development as it is focused on neural processes.,,
,N/A,N/A,N/A,N/A,
,The study doesn't address secondary themes of climate or ecological sustainable development.,,The study does not cover any topics related to climate or ecological sustainable development. Its focus is purely on neuroscience.,,
Stochastic Generative Flow Networks,N/A,N/A,N/A,N/A,b219a584a9ff6310d1d807bb24109af6
"Generative Flow Networks (GFlowNets) are extended to stochastic environments through the introduction of Stochastic GFlowNets. These networks are designed to handle the complexity of stochastic state transitions and improve applicability in various tasks, such as biological sequence design and robust scheduling, compared to deterministic GFlowNets. The paper presents the novel methodology, experimental validation, and discussion on the application of Stochastic GFlowNets in practical tasks with stochastic dynamics.",The paper primarily focuses on advancing deep learning methodologies (Stochastic GFlowNets) for general applications in stochastic environments rather than addressing specific Climate or Ecological Sustainable Development issues.,,"The paper does not align with a specific Climate or Ecological Sustainable Development sub-category, focusing instead on broad applications of stochastic generative models.",,
,N/A,N/A,N/A,N/A,
,"While the methods could potentially benefit fields like drug discovery or biological sequence design, these aren't directly linked to Climate or Ecological Sustainable Development.",,"There is no direct alignment with any Climate or Ecological Sustainable Development sub-category, as the paper is focused on methodological advancements for stochastic generative modeling.",,
,,,,,
,,,,,
,,,,,
,,,,,
Stochastic Mirror Descent: Convergence Analysis and Adaptive Variants via the Mirror Stochastic Polyak Stepsize,N/A,N/A,N/A,N/A,a45233be03e4189373dc6c3ea5782428
"The paper investigates the convergence of stochastic mirror descent (SMD) methods in optimization. It focuses on providing new convergence guarantees for SMD with constant and adaptive stepsizes, introduces a novel adaptive stepsize scheme called mirror stochastic Polyak stepsize (mSPS), and demonstrates its effectiveness through experiments. Convergence results are derived without assuming bounded gradient or variance, making the methods broadly applicable across various machine learning tasks.","The paper does not focus on any specific climate or ecological sustainable development category. Its primary aim is to enhance the optimization techniques in machine learning, which may have indirect applications in various fields, including sustainable development, but these are not expressly covered.",,"As the paper is not focused on sustainable development, there is no applicable sub-category related to climate or ecological themes.",,
,N/A,N/A,N/A,N/A,
,"There are no secondary categories related to climate or ecological sustainable development since the paper's main contribution is in mathematical optimization methods applicable broadly within machine learning, without direct ties to sustainable development themes.",,"The paper lacks specific coverage of climate-related or ecological sub-categories, focusing instead on algorithmic improvements in optimization.",,
,,,,,
,,,,,
Stringency of containment and closures on the growth of SARS-CoV-2 in Canada prior to accelerated vaccine roll-out,N/A,N/A,N/A,N/A,a0bfca5af079089d1ac4c6e026dfc6ce
The paper examines the effectiveness of non-pharmaceutical interventions (NPIs) on SARS-CoV-2 transmission in Canada prior to the accelerated vaccine roll-out by exploring the relationship between case growth and a stringency index across different provinces.,"The study focuses on pandemic response strategies related to COVID-19, which do not directly pertain to climate or ecological sustainable development goals.",,The paper does not align with any specific sub-category related to climate or ecological sustainable development but rather with infectious disease containment strategies.,,
Structure-Aware Reinforcement Learning for Node-Overload Protection in Mobile Edge Computing,N/A,N/A,N/A,N/A,e46e0c27a37ca3ebc16ecee8493933d6
"The paper discusses a reinforcement learning approach to prevent node overload in Mobile Edge Computing (MEC). It introduces an adaptive admission control policy that uses a low-complexity RL algorithm called SALMUT to address node overload in edge servers. The paper validates the solution through simulations and testbed deployments, comparing it to other RL algorithms and showcasing its advantages in terms of efficiency and ease of deployment.","The paper primarily focuses on operational optimization in mobile edge computing environments to prevent node overload, which does not directly align with the defined categories for climate or ecological sustainable development.",,"The specific issues of node overloading and resource management in MEC aren't explicitly linked with climate or ecological focuses such as renewable energy, emission reduction, or natural system protection, hence do not fit into a predefined sub-category.",,
,Climate Change Mitigation,,Energy Efficiency in Buildings,,
,Indirectly related to climate change mitigation through potential energy efficiency improvements in mobile computing technology. Optimizing computational resources and avoiding overload could slightly contribute to energy savings and efficiency improvement.,,"The paper touches on computational and operational efficiencies which can loosely align with energy efficiency goals in technology systems, echoing aspects of building energy efficiency such as adaptive control based on real-time parameters.",,
Structure-aware protein self-supervised learning,N/A,N/A,N/A,N/A,f6dfe1138097e5ffd40d37f1b111138e
"The paper proposes a novel structure-aware protein self-supervised learning method to effectively capture the structural information of proteins using a graph neural network (GNN). This method incorporates self-supervised tasks from pairwise residue distance and dihedral angle perspectives, enhancing existing protein language models. The efficacy of the approach is validated through experiments on downstream tasks such as classification of membrane proteins, cellular compartment localization, and enzyme-catalyzed reaction classification.",The paper does not directly address any of the predefined categories related to Climate or Ecological Sustainable Development but focuses on protein self-supervised learning method enhancements.,,The paper does not relate to any specific sub-category under Climate or Ecological Sustainable Development as it focuses on protein structural representation.,,
,N/A,N/A,N/A,N/A,
,There are no secondary categories applicable since the paper does not target Climate or Ecological Sustainable Development themes.,,No additional sub-categories are relevant because the focus is strictly on protein self-supervised learning and does not extend to Climate or Ecological Sustainable Development matters.,,
Subgraph Retrieval Enhanced Model for Multi-hop Knowledge Base Question Answering,N/A,N/A,N/A,N/A,b9d5f747e24f4e68473b6f8dcf46f3ff
"The paper proposes a trainable subgraph retriever (SR) for enhancing knowledge base question answering (KBQA) by separating the retrieval of relevant subgraphs from the reasoning process. The trainable model improves performance by ensuring reasoning occurs on the full subgraph rather than partial ones, thus reducing biases. It involves pre-training, unsupervised pre-training, and end-to-end fine-tuning, showing improved results in standard QA datasets.","The paper focuses on enhancing computational models for question answering, which is not directly related to climate or ecological sustainable development.",,"Since the paper is unrelated to climate or ecological sustainability, no sub-categories apply.",,
,N/A,N/A,N/A,N/A,
,"No secondary climate or ecological sustainable development categories apply, as the paper's content does not intersect with sustainable development goals or sub-goals.",,There are no secondary sub-categories related to climate or ecological sustainable development in the paper.,,
Successive-Cancellation Decoding of Reed-Muller Codes With Fast Hadamard Transform,N/A,N/A,N/A,N/A,ae0109ba2b575416d6abc51aa33dacbb
"The paper presents a novel permuted fast successive-cancellation list decoding algorithm with fast Hadamard transform (FHT-FSCL) to improve the error-correction performance of Reed-Muller codes. The proposed algorithm reduces computational complexity, decoding latency, and memory requirements while maintaining error-correction performance comparable to state-of-the-art algorithms.","The paper focuses on technical advancements in error-correction algorithms, with no direct relation to climate or ecological sustainable development topics.",,There is no identifiable sub-category related to sustainable development within the focus of this technical paper on error-correction codes.,,
"Symmetry-Informed Geometric Representation for Molecules, Proteins, and Crystalline Materials",N/A,N/A,N/A,N/A,b1e062ca81dc3ed960e1a02b87b576d6
"The paper provides a unified platform, named Geom3D, for symmetry-informed geometric representation learning applicable to molecules, proteins, and crystalline materials. It addresses the gap between the scientific and machine learning communities in understanding and applying geometric representations, classifies existing methods, proposes new benchmarks, and enables wide exploration in scientific domains.","The paper does not primarily address issues directly related to Climate or Ecological Sustainable Development goals. Instead, it focuses on the development and benchmarking of geometric representation methods in AI for scientific discovery.",,No sub-category matches the paper’s primary focus on geometric representation in scientific discovery fields that align with Climate or Ecological Sustainable Development.,,
,N/A,N/A,N/A,N/A,
,"Similarly, there are no secondary themes linked directly to Climate or Ecological Sustainable Development as recognized in the predefined categories.",,There are no applicable secondary sub-categories within the sustainable development scope related to the scientific advances discussed.,,
Syntactic Substitutability as Unsupervised Dependency Syntax,N/A,N/A,N/A,N/A,a06d789563e1b1f893c2a1f00f9c6701
"This paper explores a method for unsupervised dependency parsing by using syntactic substitutability as a property to distill syntactic structures from language model attention distributions. The authors propose a method that induces syntactic structures without relying on specific annotation schemata, improving parsing accuracy and providing insights into the syntactic capacities of large language models such as BERT.",The paper does not discuss Climate or Ecological Sustainable Development themes and is focused on natural language processing and syntactic parsing techniques.,,"Since the content of the paper does not align with any of the Climate or Ecological Sustainable Development sub-categories, a classification under these sub-categories is not applicable.",,
,N/A,N/A,N/A,N/A,
,There are no secondary Climate or Ecological Sustainable Development themes in the paper as it entirely revolves around linguistic syntactic parsing using artificial intelligence.,,The sub-categories related to Climate or Ecological Sustainable Development are not applicable as the paper is focused entirely on linguistic model parsing.,,
Synthetic data as an enabler for machine learning applications in medicine,N/A,N/A,N/A,N/A,a06fd486ca4a19404cfbf3a91bdc4290
"The paper discusses the generation of synthetic data through machine learning models to capture patterns from real datasets without mapping directly to individuals, thus preserving privacy. It explores the challenges and opportunities of using synthetic data in health sciences, focusing on enhancing data sharing, privacy protection, data augmentation, and reducing bias.","This paper deals with synthetic data generation in medicine, which does not directly relate to any climate or ecological sustainability categories.",,"The sub-categories provided are entirely focused on climate and ecological aspects, none of which align with the paper's primary focus on synthetic data in health care.",,
,N/A,N/A,N/A,N/A,
,No aspects of climate or ecological sustainability are addressed in this paper.,,"As the paper does not focus on climate or ecological sustainability, there are no relevant secondary sub-categories.",,
TITRATED: Learned Human Driving Behavior without Infractions via Amortized Inference,N/A,N/A,N/A,N/A,96b4d17738debf7fbda40fb9da284648
"This paper presents a novel method for fine-tuning a foundation model of human driving behavior to novel locations where human demonstrations are not available, effectively reducing driving infractions. The method uses amortized inference to generate infraction-free trajectories and applies additional penalties during model training to further reduce infractions in autonomous vehicle simulations.","The paper focuses on modeling driving behavior in simulations for autonomous vehicles and does not directly address climate change or ecological sustainability, hence it doesn't align with any of the predefined categories for these areas.",,"The sub-categories listed in the context of climate and ecological sustainability are not relevant to this paper's content, which concentrates on autonomous vehicle simulation and behavioral modeling.",,
,N/A,N/A,N/A,N/A,
,The topics discussed in the paper do not touch on any secondary themes related to climate change or ecological sustainability.,,"Given the lack of focus on sustainability-related themes, there are no applicable secondary sub-categories that align with this paper's content.",,
TRACKING AND PREDICTING COVID-19 RADIOLOGICAL TRAJECTORY USING DEEP LEARNING ON CHEST X-RAYS: INITIAL ACCURACY TESTING,N/A,N/A,N/A,N/A,a0c3fc54ecc883bf130811e1b3caa040
This paper discusses the application of deep learning technologies to track and predict the future radiological trajectory of COVID‐19 patients using chest X‐ray images. It utilizes deep learning algorithms repurposed for feature extraction and classical machine-learning algorithms for evaluating disease severity and potential trajectory from X-ray data.,"The central theme of the paper is related to healthcare and AI in medical imaging, rather than Climate or Ecological Sustainable Development.",,There is no sub-category applicable under Climate or Ecological Sustainable Development as the focus is purely on medical imaging for COVID-19.,,
,N/A,N/A,N/A,N/A,
,There were no secondary themes related to Climate or Ecological Sustainable Development in the paper.,,Sub-categories related to Climate or Ecological Sustainable Development are not addressed in the paper.,,
Tackling hypo and hyper sensory processing heterogeneity in autism: From clinical stratification to genetic pathways,N/A,N/A,N/A,N/A,f7443628152a40c3df413c060d2a5100
"The paper explores the heterogeneity in sensory processing among autistic individuals, specifically focusing on hypo- and hyper-sensitivities. It investigates the association between sensory profiles and genetic alterations in GABAergic and glutamatergic pathways using a differential Short Sensory Profile (dSSP). The study analyzes data from autistic individuals, their relatives, and controls, and examines the genetic underpinnings of sensory differences in autism spectrum disorder.",The paper does not focus on climate or ecological sustainable development themes. Its main subject is autism spectrum disorder and related sensory processing and genetic studies.,,The paper does not align with any sub-categories related to climate or ecological sustainable development.,,
,N/A,N/A,N/A,N/A,
,The study does not address any secondary themes related to climate or ecological sustainable development.,,There are no additional sub-category themes that relate to climate or ecological sustainable development.,,
Task-Agnostic Continual Reinforcement Learning: Gaining Insights and Overcoming Challenges,N/A,N/A,N/A,N/A,aa0e88cc32801519c0e5c2117142ab24
"This paper examines task-agnostic continual reinforcement learning (TACRL), which develops models that learn from sequences of tasks without catastrophic forgetting. The study introduces a replay-based recurrent reinforcement learning (3RL) methodology, demonstrating its superiority over baseline methods across synthetic benchmarks and the Meta-World robotics benchmark in resource-constrained, high-dimensional settings. The paper contributes insights into learning dynamics under continual learning settings with a task-agnostic approach.",The paper primarily deals with reinforcement learning methodology without a direct focus or application related to climate or ecological sustainable development.,,No direct sub-category relevant to climate or ecological sustainable development is applicable as the paper is focused on machine learning methodologies.,,
,N/A,N/A,N/A,N/A,
,There are no secondary areas in climate or ecological sustainable development discussed in this paper as the main focus is on continual learning methodologies.,,The study remains concentrated on machine learning approaches and lacks direct sub-categories in the climate or ecological sectors.,,
Technologically-assisted communication attenuates inter-brain synchrony,N/A,N/A,N/A,N/A,a0ab2d4170c1537963642228f4a31530
"The paper investigates the impact of technologically-assisted communication on brain-to-brain synchrony using hyperscanning EEG in mother-child interactions, comparing live face-to-face interaction and remote communication. The study examines inter-brain connectivity, social behavior associations, and discusses the implications of reduced inter-brain synchrony during technological communication, especially concerning 'Zoom fatigue' and potential impacts on social cognition development.","The paper does not address any categories directly related to Climate or Ecological Sustainable Development, instead focusing on neuroscience and communication.",,The study does not fit into any specific sub-categories related to Climate or Ecological Sustainable Development.,,
,N/A,N/A,N/A,N/A,
,"As the paper does not link to any auxiliary or indirect Climate or Ecological Sustainable Development categories, no secondary category is applicable here.",,No secondary sub-categories are relevant to this paper as it does not touch on any facets of Climate or Ecological Sustainable Development.,,
Temporal Graph Benchmark for Machine Learning on Temporal Graphs,N/A,N/A,N/A,N/A,9e149be5844bb16e8cc9bc9452205087
"The paper introduces the Temporal Graph Benchmark (TGB), a set of large-scale datasets designed for evaluating machine learning models on temporal graphs across various domains, including social, trade, and transportation networks. It aims to standardize evaluation protocols and improve reproducibility in temporal graph research.",it does not directly address any climate or ecological issues or solutions.,,The paper focuses on machine learning techniques and benchmark creation for temporal graphs without targeting a specific climate or ecological sustainable development category.,,
,N/A,N/A,N/A,N/A,
,No secondary categories of climate or ecological sustainable development are addressed as the focus remains purely on advancing machine learning benchmarks for temporal graphs.,,The paper does not relate to any sub-categories involving climate or ecological purposes.,,
The BigScience ROOTS Corpus: A 1.6TB Composite Multilingual Dataset,N/A,N/A,N/A,N/A,9fa2b8bd770f9ef0273a8812f5eec800
"This paper documents the efforts of the BigScience project to assemble a composite multilingual dataset, known as the ROOTS corpus, designed to support the training of large language models, including the BigScience Large Open-science Open-access Multilingual (BLOOM) language model. The corpus spans 59 languages and prioritizes ethical, sociopolitical, and data governance issues.","The paper primarily addresses issues related to multilingual datasets and language model training, which do not align with any Climate or Ecological Sustainable Development categories.",,"The sub-categories related to Climate or Ecological Sustainable Development are not pertinent to this paper, as it focuses on multilingual datasets and language models.",,
,N/A,N/A,N/A,N/A,
,The paper does not address secondary themes related to Climate or Ecological Sustainable Development.,,There are no secondary sub-categories relevant to the themes of this paper within Climate or Ecological Sustainable Development contexts.,,
The Brain-Computer Metaphor Debate Is Useless: A Matter of Semantics,N/A,N/A,N/A,N/A,98f16d9cdb8150e4c7b000338640d461
"This paper examines the debate surrounding the use of the brain-computer metaphor in brain sciences. It argues that the debate is largely semantic, depending on the definition of 'computer' being used. The authors propose that the debate should be put to rest by recognizing that brains can be considered computers in the computer science sense but not in the metaphorical or lay sense, depending on context.",The paper does not address any topics directly relevant to climate or ecological sustainable development as its primary focus is on clarifying semantic debates within neuroscience and computer science.,,"As the primary category is 'N/A', there is no specific sub-category relevant to climate or ecological sustainable development.",,
,N/A,N/A,N/A,N/A,
,There are no secondary themes or discussions related to climate or ecological sustainable development within the paper.,,"With no relevant primary category/sub-category, there are no secondary sub-categories related to climate or ecological sustainable development.",,
The Curious Case of Absolute Position Embeddings,N/A,N/A,N/A,N/A,c11a5159f3a48da401b9cc77bdfd27c6
This paper investigates the reliance of Transformer language models on absolute position embeddings (APEs) and their impact on different natural language processing tasks. It examines how APEs influence sentence encoding in different contexts and evaluates the adequacy of APEs in capturing relative position information of words within sentences.,The paper is not directly related to climate or ecological sustainable development. Its primary focus is on improving language modeling techniques.,,"As the paper is not related to climate or ecological sustainable development, no sub-category is applicable.",,
,N/A,N/A,N/A,N/A,
,"Since the primary theme is unrelated to sustainable development, there are no secondary categories applicable.",,"Since the primary theme is unrelated to sustainable development, there are no secondary sub-categories applicable.",,
The Dormant Neuron Phenomenon in Deep Reinforcement Learning,N/A,N/A,N/A,N/A,b2ea1392fa4a3990cd7d0c93987e035b
"This paper examines the phenomenon of dormant neurons in deep reinforcement learning, highlighting how an increasing number of inactive neurons can affect learning. The authors propose a method called Recycled Dormant neurons (ReDo) to mitigate this issue, thereby maintaining the expressive power of networks and improving performance.",The paper focuses on deep reinforcement learning and the dormant neuron phenomenon without any direct implications or applications to climate or ecological sustainable development.,,None of the discussed topics in the paper relate to the predefined sub-categories for climate or ecological sustainable development.,,
,N/A,N/A,N/A,N/A,
,The entire focus is on the algorithmic challenges in reinforcement learning rather than any environmental or sustainable development topic.,,"As there are no connections made to sustainable development topics, no secondary sub-categories are applicable.",,
The Impact of Positional Encoding on Length Generalization in Transformers,N/A,N/A,N/A,N/A,bb8baec77317a6027379e8c6e362e8ba
"The paper conducts a systematic empirical study on the effect of different positional encoding methods on the length generalization performance of decoder-only Transformers. It evaluates various positional encoding approaches, including Absolute Position Embedding, T5's Relative PE, ALiBi, and Rotary, compared to Transformers without positional encoding. It finds that the commonly used positional encodings are not well-suited for length generalization, while Transformers without explicit positional encoding perform better. The study also explores theoretical aspects of positional encoding capabilities in Transformers.","The paper focuses on technical aspects of machine learning models in terms of their ability to generalize over input lengths, common to language processing tasks, and does not relate to any specific Climate or Ecological Sustainable Development goals.",,The paper does not address Climate or Ecological Sustainable Development and thus does not fit into any sub-categories.,,
,N/A,N/A,N/A,N/A,
,"The paper does not cover topics related to Climate or Ecological Sustainable Development, hence no secondary categories apply.",,No aspect of the paper touches on Climate or Ecological Sustainable Development themes or sub-categories.,,
The Machine Learning for Combinatorial Optimization Competition (ML4CO): Results and Insights,N/A,N/A,N/A,N/A,deb4b39f4db1bfe145948f1503771c27
"This paper presents the results and insights from the Machine Learning for Combinatorial Optimization (ML4CO) competition. The competition focused on applying machine learning to improve combinatorial optimization solvers by replacing heuristic components. It featured three tasks challenging participants to find the best feasible solution, produce the tightest optimality certificate, and give an appropriate solver configuration using datasets related to item placement, workload apportionment, and inventory routing.",The paper does not align with any central themes or categories directly related to Climate or Ecological Sustainable Development.,,No specific sub-category related to Climate or Ecological Sustainable Development is covered in this paper.,,
,N/A,N/A,N/A,N/A,
,The paper does not cover secondary themes or categories directly linked to Climate or Ecological Sustainable Development either.,,The paper does not address any sub-categories related to Climate or Ecological Sustainable Development.,,
The Power of Prompt Tuning for Low-Resource Semantic Parsing,N/A,N/A,N/A,N/A,af0209d3dce13923d725d18ba72264a4
"Prompt tuning is explored as an adaptation method for large-scale pre-trained language models, specifically focusing on semantic parsing tasks in low-resource settings. The paper evaluates prompt tuning against fine-tuning on various model scales and data sets, finding that prompt tuning is more effective in low-data regimes, particularly for larger T5 models. This approach enables models to better generate formal meaning representations from natural language even in low-resource situations, outperforming traditional fine-tuning methods and baselines like GPT-3 and BART.",The paper primarily deals with advancements in deep learning techniques related to semantic parsing which do not have a direct application to climate or ecological sustainable development as per the categories provided.,,The advancements discussed are not associated with any specific sub-category of climate or ecological sustainable development.,,
,N/A,N/A,N/A,N/A,
,"Secondary themes in the paper are deeply entrenched in improving semantic parsing and investigating model capabilities, which do not address secondary sustainable development topics.",,The technicalities presented in the paper do not address other aspects of sustainable development in the additional sub-categories.,,
The Secret to Better AI and Better Software (Is Requirements Engineering),N/A,N/A,N/A,N/A,d05cc74bc577160069fc09f6abc00158
"The paper explores the integration of AI and requirements engineering (RE), examining how RE can enhance AI and software development. It discusses the importance of contextual understanding and the role of AI in optimizing requirements engineering processes, particularly in safety-critical systems.",The paper does not address any direct themes related to climate or ecological sustainable development.,,The sub-categories of climate or ecological sustainable development do not align with the focal points of requirements engineering and AI integration discussed in this paper.,,
,N/A,,N/A,,
,No secondary themes related to climate or ecological sustainable development are present.,,The secondary sub-categories do not relate to the main topics of combining AI and requirements engineering discussed in this paper.,,
The Statistical Benefits of Quantile Temporal-Difference Learning for Value Estimation,N/A,N/A,N/A,N/A,adb8c452983f87dff3311949838ae97f
"This paper studies the problem of temporal-difference-based policy evaluation in reinforcement learning using a distributional reinforcement learning algorithm called quantile temporal-difference learning (QTD). The paper demonstrates that QTD can offer performance improvements over classical temporal-difference learning (TD) in scenarios with significant stochasticity, even if the return distribution beyond the mean is not of interest. The paper includes theoretical analysis on the convergence and performance of QTD, as well as empirical studies to compare QTD with TD across different types of environments.",The primary focus of the paper is on reinforcement learning techniques without any direct application or reference to Climate or Ecological Sustainable Development categories.,,"Since the paper does not address Climate or Ecological Sustainable Development, there are no applicable sub-categories.",,
,N/A,N/A,N/A,N/A,
,There are no secondary connections to Climate or Ecological Sustainable Development mentioned in this paper.,,"As there are no secondary themes related to Climate or Ecological Sustainable Development in the paper, no sub-categories apply.",,
The epidemiological impact of the Canadian COVID Alert app,N/A,N/A,N/A,N/A,b299e39bcdc784b1ee0f75febae7c613
This paper explores the impact of the Canadian COVID Alert app in mitigating COVID-19 spread in Canada. It examines adoption levels and estimates the number of averted cases and deaths during its use. The paper performs comparative analysis with similar apps and assesses modeling impact based on various public health parameters.,"The paper does not focus on any Climate or Ecological Sustainable Development aspect _  instead, it focuses on public health interventions related to COVID-19, which are outside the scope of the predefined sustainable development categories.",,The sub-category does not apply as the paper is focused on a public health intervention rather than a Climate or Ecological Sustainable Development sub-category.,,
,N/A,N/A,N/A,N/A,
,"No secondary Climate or Ecological Sustainable Development themes are relevant to this paper, as it primarily focuses on public health impact assessment of an app during the COVID-19 pandemic, unrelated to climate or ecological factors.",,"As the paper is focused on public health and does not address other Climate or Ecological Sustainable Development issues, no secondary sub-categories apply.",,
The race to understand immunopathology in COVID-19: Perspectives on the impact of quantitative approaches to understand within-host interactions,N/A,N/A,N/A,N/A,b84bfbc188e93c188ebb1f4418066470
"This paper discusses the application of quantitative approaches, including mathematical modeling, machine learning, and computational methods, to understand the within-host interactions in COVID-19. These methods aim to improve predictions related to disease severity, treatment strategies, and vaccine development.","The paper focuses on COVID-19 immunopathology and the application of quantitative methods to understand this, which is primarily a health-related topic, not directly aligned with climate or ecological sustainable development categories.",,There is no direct sub-category match within the scope of climate or ecological sustainability for this paper focused on COVID-19 disease dynamics and treatment modeling.,,
,N/A,N/A,N/A,N/A,
,"The paper's focus remains strictly on the health domain related to COVID-19, without overlapping into other sustainable development categories like climate or ecology.",,"Given the paper is centered only on COVID-19 without addressing broader climate or ecological categories, supplementary sub-categories do not apply.",,
,,,,,
,,,,,
Timeliness of reporting of SARS-CoV-2 seroprevalence results and their utility for infectious disease surveillance,N/A,N/A,N/A,N/A,942a83b4b03f77d9a22f9badf4c367ef
"This paper examines the timeliness of SARS-CoV-2 seroprevalence study reporting across various publication venues and its implications for public health surveillance and response. It evaluates the relationships between reporting speed, data quality, and representativeness in seroprevalence studies conducted during the COVID-19 pandemic.","The paper primarily addresses public health surveillance, focusing on the COVID-19 pandemic, which does not fall under Climate or Ecological Sustainable Development.",,"As the paper does not relate to Climate or Ecological Sustainable Development, it lacks a relevant sub-category in that context.",,
,N/A,,N/A,,
,The paper's focus on SARS-CoV-2 seroprevalence and public health does not align with secondary Climate or Ecological Sustainable Development categories.,,The paper's focus on infectious disease surveillance does not intersect with Climate or Ecological Sustainable Development sub-categories.,,
TopiOCQA: Open-domain Conversational Question Answering with Topic Switching,N/A,N/A,N/A,N/A,b1674bad3f581aa4c586fc2817888fe4
"The paper presents TopiOCQA, a new open-domain conversational question answering dataset designed to accommodate topic switching, based on the Wikipedia corpus. The dataset contains 3,920 conversations involving topical changes and emphasizes information-seeking dialogues where the reference text is not provided. The dataset aims to advance research in conversational models requiring efficient retrieval across multiple topics. Baseline evaluations indicate the challenge posed by the dataset, with models like Fusion-in-Decoder achieving an F1 score of 55.8 against human performance.","This paper is focused on creating a dataset for conversational question answering with topic switching, a topic not directly related to Climate or Ecological Sustainable Development.",,"The sub-categories listed are not applicable as the paper focuses on dataset creation for conversational AI, which does not directly align with climate or ecological goals.",,
Towards Better Evaluation for Dynamic Link Prediction,N/A,N/A,N/A,N/A,b294fc8ae7dc84d069a124fd0509dbaa
"The paper discusses challenges and proposes new evaluation methods for dynamic link prediction in graphs, emphasizing the importance of more robust negative sampling strategies and diverse datasets. It introduces a memorization-based baseline called EdgeBank and offers new datasets from underrepresented domains to provide better evaluation scenarios for dynamic learning methods.","The paper does not directly relate to climate or ecological sustainable development. It focuses on improving methods for evaluating dynamic link prediction in graphs, which does not tie into the predefined categories for sustainable development.",,The paper does not fit into any specific sub-category under climate or ecological sustainable development as it is primarily concerned with technical aspects of machine learning and data evaluation.,,
,N/A,N/A,N/A,N/A,
,The paper's focus on evaluation strategies and dynamic link prediction is not relevant to any secondary Climate or Ecological Sustainable Development category.,,"Since the paper does not address secondary climate or ecological sustainable development topics, it is not relevant to any sub-category.",,
Towards Hybrid-grained Feature Interaction Selection for Deep Sparse Network,N/A,N/A,N/A,N/A,bb1b28123db4d51814585ec283c4968b
The paper introduces a hybrid-grained feature interaction selection approach for Deep Sparse Networks (DSNs). It proposes a method called OptFeature that selects feature interactions at both the feature field and value levels to enhance the prediction accuracy and efficiency of DSNs. Experiments on benchmark datasets show the superiority of this method in terms of accuracy and efficiency. The paper also addresses challenges like selection granularity and search space complexity.,"The paper does not correlate with any Climate or Ecological Sustainable Development categories. It centers on computational techniques for feature interaction selection in DSNs, with applications mentioned in areas like advertisement and fraud detection, not environmental or sustainability-related.",,The paper's focus on feature interaction selection in neural networks does not fit within any sub-category of Climate or Ecological Sustainable Development.,,
Towards Learning to Imitate from a Single Video Demonstration,N/A,N/A,N/A,N/A,aee5cf2b2406f3cb6cb6e24f08d60b00
"This paper introduces a method called VIRL (Visual Imitation with Reinforcement Learning) that allows agents to learn to imitate behaviors observed from a single video demonstration. The method employs a Siamese recurrent neural network to learn a reward function by contrasting an agent’s behavior with the demonstration, facilitating imitation without the need for explicit action data or expert policies. The approach is tested on various simulated environments and agents, demonstrating its superiority over existing methods.","The central theme of the paper is imitation learning from video demonstrations, which is predominantly a technical advancement in AI and does not directly address climate or ecological sustainability topics.",,The paper does not align with any sub-category of the predefined climate or ecological sustainable development classifications.,,
,N/A,N/A,N/A,N/A,
,The paper does not directly discuss or apply its findings to secondary climate or ecological sustainability areas.,,"As the paper's focus is on a general AI method without depicting any climate or ecological sustainability sub-categories, no secondary sub-category is applicable.",,
Towards Painless Policy Optimization for Constrained MDPs,N/A,N/A,N/A,N/A,a41db80e904c8c3a7a1e6074f5b7c5b9
"This paper explores policy optimization in infinite horizon, γ-discounted constrained Markov decision processes (CMDPs). The focus is on finding policies that maximize expected reward while minimizing constraint violations, specifically in an online setting using linear function approximation. The authors propose a primal-dual framework and introduce the Coin Betting Politex (CBP) algorithm, which does not require extensive hyperparameter tuning and is robust in performance. Experiments on synthetic and Cartpole environments are conducted to demonstrate the efficacy of CBP.",The primary focus of the paper is on the development and optimization of algorithms for CMDPs. It does not engage directly with any specific categories related to Climate or Ecological Sustainable Development.,,The paper's primary sub-category within the Climate or Ecological Sustainable Development framework cannot be established since its main contribution and exploration don't directly engage with these specific sub-categories.,,
,N/A,N/A,N/A,N/A,
,"While the paper mentions applications that could align with climate-related topics (e.g., wireless sensor networks), these are not detailed or focused upon in the study, hence not serving as secondary categories for Climate or Ecological Sustainable Development.",,No specific climate or ecological sustainable development sub-categories are addressed in this paper since its core focus is algorithmic enhancement within CMDPs.,,
Towards Scaling Difference Target Propagation by Learning Backprop Targets,N/A,N/A,N/A,N/A,9880415d6bb5a61a77a0e2c8c4da92c2
"The paper presents advancements in Difference Target Propagation (DTP), a biologically plausible learning algorithm, by focusing on scaling it up for real-world complex tasks. The authors propose a new feedback weight training scheme that approximates Backpropagation (BP) while retaining theoretical guarantees. The study reports improved performance on datasets such as CIFAR-10 and ImageNet 32×32.",The paper does not address any aspect of Climate or Ecological Sustainable Development directly. It is focused on neural network algorithms and their scalability.,,Sub-categories related to Climate or Ecological Sustainable Development are not addressed in this paper.,,
,N/A,N/A,N/A,N/A,
,No secondary category is applicable as the paper does not pertain to Climate or Ecological Sustainable Development.,,No relevant sub-categories are covered given the focus on machine learning algorithm development not linked to sustainability.,,
Transductive Learning for Textual Few-Shot Classification in API-based Embedding Models,N/A,N/A,N/A,N/A,96d3d5a92324aa01cce19c95448667a6
"This paper discusses the development of a transductive learning approach for few-shot classification using API-based embedding models, highlighting the constraints of real-world applications such as data privacy and compute cost. The study introduces a novel parameter-free transductive regularizer based on the Fisher-Rao loss and presents a new evaluation scenario for textual few-shot learning with several datasets tested in multiple languages.",The central theme of the paper is not aligned with specific Climate or Ecological Sustainable Development categories. It focuses on machine learning methodologies rather than directly addressing environmental or sustainability issues.,,"As the primary focus is not on sustainability, the paper does not align with any predefined sub-categories associated with Climate or Ecological Sustainable Development.",,
,N/A,N/A,N/A,N/A,
,The paper does not address additional themes related to Climate or Ecological Sustainable Development beyond its primary focus on few-shot learning and API-based embed model constraints.,,There are no secondary sub-categories relevant to this paper's focus on machine learning methods for few-shot learning without ties to sustainable practices.,,
Two Families of Indexable Partially Observable Restless Bandits and Whittle Index Computation,N/A,N/A,N/A,N/A,ac330e55762900fc4fd56cb6493db70c
"This paper addresses the problem of partially observable restless bandits, focusing on two specific observational models. It proves the indexability of these models and derives methods for computing the Whittle index. Detailed numerical experiments are conducted, particularly in the context of machine maintenance, to illustrate the efficacy of the Whittle index policy compared to myopic policies.","The main focus of this paper is on computational methods and mathematical models for decision-making processes such as resource allocation and scheduling, which do not directly align with any specific Climate or Ecological Sustainable Development category.",,The sub-categories provided do not cover purely mathematical and computational methods such as the Whittle index or restless bandits that are the primary focus of the paper.,,
,N/A,N/A,N/A,N/A,
,"Although machine maintenance is discussed, it serves primarily as an application of the computational model rather than being a focus on sustainable development itself. Thus, no clear secondary category related to climate or ecological sustainable development emerges.",,The subcategories do not describe the applications or models discussed in the paper beyond their application as interesting mathematical problems.,,
Two types of human TCR differentially regulate reactivity to self and non-self antigens,N/A,N/A,N/A,N/A,e8b7c73ddee326aa8c849cf1cab72f8d
"Based on analyses of TCR sequences from over 1,000 individuals, the paper investigates two types of TCRs in humans: neonatal and TDT-dependent. It explores the production, diversity, and role of these TCRs in relation to factors like thymic output and activity of terminal deoxynucleotidyl transferase (TDT). It is discovered that neonatal TCRs are prevalent from birth, while TDT-dependent ones emerge later, impacting conditions like graft-versus-host disease, immune response diversification, and effects of aging and sex on TCR diversity.",The paper is focused on immunological research rather than topics directly related to climate or ecological sustainable development.,,There is no specific alignment with climate or ecological sustainable development sub-categories as the paper does not address these areas.,,
,N/A,N/A,N/A,N/A,
,There are no secondary themes related to sustainable development as the paper is centered on immunology.,,The paper does not address areas directly linked to sustainable development sub-categories.,,
Uncertain Evidence in Probabilistic Models and Stochastic Simulators,N/A,N/A,N/A,N/A,a7f45e51986353c39fc8adbe4d460519
"This paper addresses Bayesian inference in probabilistic models with uncertain evidence. It explores methods such as Jeffrey’s rule, virtual evidence, and distributional evidence to interpret uncertain evidence and provide insights into the inference of latent variables. The paper includes theoretical contributions, experimental insights, and highlights the importance of correctly interpreting uncertain evidence to achieve accurate inference results.","The paper centers on statistical methods for interpreting uncertain evidence in Bayesian inference, which does not have a direct connection to any Climate or Ecological Sustainable Development categories.",,"As the paper does not relate to Climate or Ecological Sustainable Development, no sub-category is relevant.",,
,N/A,N/A,N/A,N/A,
,"The focus of this paper is not on Climate or Ecological Sustainable Development, so no secondary categories apply.",,The paper's content is not related to Climate or Ecological Sustainable Development sub-categories since its focus is on methodologies for Bayesian inference under uncertainty.,,
Understanding Zero-shot Adversarial Robustness for Large-Scale Models,N/A,N/A,N/A,N/A,a0e891517c0cf20a3af7c271ff0fed67
"This paper explores the zero-shot adversarial robustness of large-scale vision-language models like CLIP. It identifies key factors affecting zero-shot adversarial robustness, such as training losses and adaptation methods. The work proposes a text-guided contrastive adversarial training loss that improves the alignment between text embeddings and adversarial visual features using contrastive learning. Through experiments, the study finds that visual prompt tuning without text is effective, while finetuning performs better with text guidance. The proposed approach significantly enhances zero-shot adversarial robustness over CLIP across several datasets.","The paper does not pertain to any of the listed Climate or Ecological Sustainable Development categories. Its primary focus is on the adversarial robustness of AI models, which is not directly related to sustainable development.",,"No applicable subcategory is relevant to the paper's content, which is centered on AI model adaptation for adversarial robustness, rather than a sustainable development concern.",,
,N/A,N/A,N/A,N/A,
,"As with the primary category, there are no secondary Climate or Ecological Sustainable Development themes addressed in the paper. The focus remains on improving AI model robustness in general.",,"The paper does not address any specific sustainable development subcategories, focusing instead on technical advancements in model robustness.",,
Unified gene expression signature of novel NPM1 exon 5 mutations in acute myeloid leukemia,N/A,N/A,N/A,N/A,e84d9dab84c10c00d724ac593fd58403
"This scientific paper investigates novel exon 5 mutations in the NPM1 gene within acute myeloid leukemia (AML) patients. The study defines the transcriptomic profile of these mutations, showing similarities with exon 12 mutations, both leading to abnormal cytoplasmic protein localization. This research highlights the importance of identifying and characterizing rare NPM1 mutations for genetic risk assessment and therapeutic strategies in AML.","The central focus of this paper is on genetic analysis and mutation profiling in leukemia, which does not align with any predefined climate or ecological sustainable development categories.",,"As the paper doesn’t discuss topics related to climate or ecological sustainable development, it doesn't fit into any specific sub-category under these themes.",,
Unmasking the Lottery Ticket Hypothesis: What's Encoded in a Winning Ticket's Mask?,N/A,N/A,N/A,N/A,c0d862e79c578a296def4841c35d5e38
"This paper investigates the iterative magnitude pruning (IMP) strategy in neural networks, focusing on the concept of 'winning tickets' - that is, sparse subnetworks that can achieve similar accuracy to the full network. The authors analyze how IMP masks help neural networks to find such winning tickets by conveying critical information about the error landscape. They explore the algorithms' dependencies on the masks' structure, the robustness of stochastic gradient descent (SGD), and the geometric properties of error landscapes.",The paper does not directly align with any specific sustainable development categories as it focuses on algorithmic efficiency in neural networks rather than specific climate or ecological applications.,,"There are no direct ecological or climate-related sub-categories that this paper fits into, as it is focused on the technical aspects of neural pruning strategies in machine learning.",,
,N/A,N/A,N/A,N/A,
,No secondary sustainable development goals are addressed as the paper is purely focused on neural network algorithms without direct application to environmental or climate issues.,,"The focus is technical and does not extend into ecological or climate-based applications, thus there are no secondary sub-categories from the existing list that apply.",,
Unsupervised Dependency Graph Network,N/A,N/A,N/A,N/A,ecb34d764da28ba0f3e1c0c4f9de6626
"The paper introduces the Unsupervised Dependency Graph Network (UDGN), a model designed for inducing dependency structures from raw corpora. By leveraging a masked language modeling task, UDGN achieves impressive performance in unsupervised dependency parsing without utilizing gold Part-of-Speech (POS) tags or external information. The model enhances self-attention heads to model different dependency relations, allowing it to learn and perform well on semantic tasks while maintaining strong correlations with human-annotated dependency types.","The paper does not relate to climate change, ecological protection, or any sustainable development goals as it focuses on unsupervised learning in natural language processing.",,"The sub-categories are designed to address specific climate or ecological aspects, none of which are applicable to this NLP-focused paper.",,
,N/A,N/A,N/A,N/A,
,No secondary themes related to climate change or ecological sustainable development are mentioned in the paper.,,This document is strictly focused on a new language processing model and does not involve secondary climate or ecological sustainable development issues.,,
User Experience of a Computer-Based Decision Aid for Prenatal Trisomy Screening: Mixed Methods Explanatory Study,N/A,N/A,N/A,N/A,c33900f5455ece01c9798d81d2e852ea
"The paper presents the SUNDAE Checklist, designed to guide the evaluation studies of patient decision aids, covering aspects such as its development, delivery, impact, and usage.","The paper does not address any Climate or Ecological Sustainable Development categories, focusing instead on healthcare evaluation tools.",,"Since the paper is unrelated to Climate or Ecological Sustainable Development, no sub-category applies.",,
,N/A,N/A,N/A,N/A,
,There are no secondary Climate or Ecological Sustainable Development categories relevant to this paper.,,There are no relevant sub-categories for this paper as it is not connected to Climate or Ecological Sustainable Development.,,
Using Confounded Data in Latent Model-Based Reinforcement Learning,N/A,N/A,N/A,N/A,96f804f07f580c627aac01911e4ceefd
"This paper addresses the challenge of using confounded data in model-based reinforcement learning. It proposes a method to improve the sample-efficiency of an RL agent by correctly utilizing confounded offline data along with online data. The method incorporates causal inference via do-calculus to adjust for confounding effects, demonstrating improvements in learning efficiency over traditional methods that do not account for confounding.",The paper does not focus on areas typically associated with Climate or Ecological Sustainable Development categories. It is more aligned with improving machine learning methodologies rather than applying them specifically to ecological or climate issues.,,There are no specific sub-categories of Climate or Ecological Sustainable Development that apply to this paper as its primary focus is on reinforcement learning methodology.,,
,N/A,N/A,N/A,N/A,
,"Since the primary focus is not on sustainable development, secondary categories also do not apply in this context.",,The paper does not delve into sub-categories related to Climate or Ecological Sustainable Development.,,
Using incorpoRATE to examine clinician willingness to engage in shared decision making: A study of Family Medicine residents.,N/A,N/A,N/A,N/A,ae0670105b141b266c5a7cfbf69c922f
"This paper investigates the willingness of Family Medicine residents to engage in shared decision making (SDM) before and after an educational intervention. The study uses the incorpoRATE measure to assess changes in willingness over time, highlighting variability among residents and analyzing specific domains affecting SDM engagement. This research aims to provide insights for educators on improving training curricula in SDM.","The central theme of the paper is medical education and clinical communication, which does not align with the predefined categories of Climate or Ecological Sustainable Development.",,The paper does not fit into any of the sub-categories related to Climate or Ecological Sustainable Development.,,
,N/A,N/A,N/A,N/A,
,There is no indication in the paper that it addresses any secondary themes related to Climate or Ecological Sustainable Development.,,"As the paper does not cover Climate or Ecological Sustainable Development themes, no secondary sub-categories are applicable.",,
VIM: Variational Independent Modules for Video Prediction,N/A,N/A,N/A,N/A,da226ad0e965d725765d597aa8007031
"The paper presents a model called Variational Independent Modules (VIM) for video prediction tasks. VIM is a probabilistic generative model designed for sequential data, focusing on learning and inferring latent representations as a set of objects and discovering modular causal mechanisms over these objects. The model is evaluated in video prediction tasks aimed at predicting multi-modal future events given past observations. It emphasizes the interpretability of the learned modules and the ability to generalize to out-of-distribution observations.","The paper focuses on video prediction and modular causal mechanisms, which do not directly address any specific sustainable development category related to climate or ecology.",,"The sub-categories listed are more specific to applications within climate or ecological domains, which this paper does not address as it centers on video prediction in machine learning.",,
,N/A,N/A,N/A,N/A,
,There are no secondary categories related to climate or ecological sustainable development since the paper primarily focuses on machine learning for video prediction.,,"As the paper is not linked to climate or ecological subjects, there are no applicable secondary sub-categories.",,
Versatile Energy-Based Probabilistic Models for High Energy Physics,N/A,N/A,N/A,N/A,9979d3229685e7a1ed8b54ceacf6229d
"This paper introduces a flexible and versatile energy-based probabilistic model framework designed for High Energy Physics (HEP) events at the Large Hadron Collider (LHC). The framework builds on energy-based models (EBMs), which are applied to model high-dimensional and complex data derived from particle interactions. The EBMs are used for simulation, anomaly detection, and classification of particle jets. The framework utilizes the self-attention mechanism to mimic inter-particle interactions, enhancing the simulation of radiation patterns and facilitating efficient data analysis for new physics searches beyond the Standard Model.",The paper primarily focuses on the application of energy-based models in high energy physics without directly addressing any aspect of climate or ecological sustainable development.,,No sub-category related to climate or ecological sustainable development matches the content of the paper which focuses on particle physics.,,
,N/A,N/A,N/A,N/A,
,There are no secondary themes in the paper that relate to climate or ecological sustainable development.,,The methods and applications discussed in the paper do not align with any sub-categories related to sustainable development.,,
Visual Question Answering From Another Perspective: CLEVR Mental Rotation Tests,N/A,N/A,N/A,N/A,b7f2402f2f5bfb9cfbc92787beb47749
"The paper introduces a new dataset, CLEVR-MRT, for evaluating the ability of neural architectures in performing mental rotation tasks by posing questions about scenes viewed from different perspectives, using visual question answering methodologies to infer 3D spatial relationships.",The paper does not engage with themes or issues related to Climate or Ecological Sustainable Development. It is focused on AI techniques in visual reasoning.,,There is no specific Climate or Ecological Sustainable Development sub-category applicable given the paper's focus on AI methods.,,
,N/A,N/A,N/A,N/A,
,The paper does not cover any secondary themes related to Climate or Ecological Sustainable Development.,,The paper does not engage with any specific sub-categories of Climate or Ecological Sustainable Development.,,
Washing The Unwashable : On The (Im)possibility of Fairwashing Detection,N/A,N/A,N/A,N/A,93aad52ebe67880d9a8c24658d4ed8dd
"The paper discusses the challenge of detecting 'fairwashing', where model explanation techniques are used deceitfully to rationalize unfair decisions made by black-box models. It introduces a method called FRAUD-Detect to identify such fairwashed models by examining subpopulation-wise fidelity measures. The study emphasizes the difficulty of avoiding fairwashing due to inherent unfairness in the black-box models and highlights FRAUD-Detect's effectiveness even against adversaries. This work is situated in the broader context of fairness and interpretability in machine learning models.","The paper does not focus on climate or ecological sustainable development, but rather on fairness and model interpretation in AI systems, which falls outside the scope of the predefined climate or ecological sustainability categories.",,"Given the focus on fairwashing and model interpretability, there is no relevant sub-category within the climate or ecological sustainable development areas.",,
,N/A,N/A,N/A,N/A,
,"There are no secondary themes related to climate or ecological sustainable development within the paper, as it strictly deals with machine learning fairness and interpretability.",,No secondary sub-categories applicable as the content does not touch on secondary themes related to climate or ecological sustainable development.,,
When is Momentum Extragradient Optimal? A Polynomial-Based Analysis,N/A,N/A,N/A,N/A,9541fb5c4a4fa30edda5a507ed1cea49
"The paper explores the Momentum Extragradient (MEG) method, a robust optimization technique for differentiable games. It analyzes the method's accelerated convergence properties through a polynomial-based framework, focusing on different scenarios based on the eigenvalues of the game Jacobian. The paper identifies optimal hyperparameters in various game setups to achieve the fastest convergence rates, contributing to a deeper understanding of game dynamics in machine learning.",The paper does not focus on any aspect of Climate or Ecological Sustainable Development. It centers on the mathematical analysis and optimization algorithms related to machine learning games.,,There are no relevant sub-categories as the paper does not address issues pertaining to Climate or Ecological Sustainable Development.,,
,N/A,N/A,N/A,N/A,
,There are no secondary themes related to Climate or Ecological Sustainable Development in this paper. The focus remains strictly on optimization techniques for differentiable games.,,The paper does not explore any themes or sub-categories related to Climate or Ecological Sustainable Development. Its scope is confined to theoretical computer science and optimization methods.,,
Willingness to Engage in Shared Decision Making: Impact of an Educational Intervention for Resident Physicians (SDM-FM),N/A,N/A,N/A,N/A,ad42ba9b925ec4fa216e0083b993ce9f
"The paper evaluates the impact of a two-hour educational intervention on the willingness of Family Medicine residents to engage in shared decision making (SDM) in preventive health care. The willingness was measured at two time points before and after the intervention, revealing a small but statistically significant increase in willingness, driven by increased confidence in SDM skills in clinical practice.","The paper does not address any themes related to Climate or Ecological Sustainable Development, focusing instead on a medical education topic.",,There is no specific sub-category applicable as the paper is outside the realm of Climate or Ecological Sustainable Development.,,
,N/A,N/A,N/A,N/A,
,There are no secondary themes related to Climate or Ecological Sustainable Development in this paper.,,No secondary sub-categories apply as the paper does not relate to Climate or Ecological Sustainable Development.,,
Workflow Discovery from Dialogues in the Low Data Regime,N/A,N/A,N/A,N/A,c2e840f56ffe6fc94e24625ba74204e4
"The paper introduces 'Workflow Discovery' (WD) as a new task focused on extracting workflows from text-based dialogues. The aim is to identify actions from dialogues without pre-existing formal documentation, enhancing automated dialogue systems. The approach utilizes sequence-to-sequence models to discover workflows and improve few-shot and zero-shot learning in unseen domains. The paper tests its approach on the Action-Based Conversations Dataset (ABCD) and MultiWOZ, achieving state-of-the-art results in related tasks.","The paper is focused on natural language processing and dialogue systems, with no direct relevance to Climate or Ecological Sustainable Development.",,The sub-categories relevant to ecological or climate sustainability are not addressed in this paper.,,
,N/A,N/A,N/A,N/A,
,"No secondary categories related to Climate or Ecological Sustainable Development are discussed in the paper, as its primary focus is on dialogue and workflow extraction.",,The sub-categories relevant to Climate or Ecological Sustainable Development are not applicable here.,,
lo-fi: distributed fine-tuning without communication,N/A,N/A,N/A,N/A,c3fe786f784dbc571ed98a04b181996d
"The paper investigates a local fine-tuning method called lo-fi, where each node fine-tunes a model independently without communication and then averages the weights at the conclusion. This approach aims to reduce resource barriers by eliminating the need for communication between nodes during fine-tuning, matching or improving accuracy under distribution shifts despite less communication. Experiments are conducted in both image classification and language model fine-tuning settings.","The paper primarily discusses computational techniques for enhancing deep learning model tuning, which are not directly linked to any Climate or Ecological Sustainable Development categories.",,The paper’s content does not align with any specific sub-category related to Climate or Ecological Sustainable Development.,,
,N/A,N/A,N/A,N/A,
,There are no secondary Climate or Ecological Sustainable Development themes present in the deep learning technique-focused paper.,,The research paper does not cover any sub-categories related to Climate or Ecological Sustainable Development.,,
30×30 biodiversity gains rely on national coordination,Natural Systems Protection,Natural Systems Protection,Biodiversity,Biodiversity,acae51d95458b122d6af84debff600b5
This paper investigates the potential biodiversity gains that can result from coordinated national efforts to protect 30% of land by 2030. It uses Canada as a model to assess different conservation scenarios that prioritize biodiversity facets and coordinate protection strategies to maximize biodiversity capture in protected areas while considering climate change impacts.,"The paper focuses on strategies for the protection and preservation of biodiversity, making 'Natural Systems Protection' the most relevant category.",,The sub-category of 'Biodiversity' aligns with the paper's focus on conserving a wide range of species and biodiversity facets within the 30x30 framework.,,
,Climate Change Adaptation,Climate Change Adaptation,Relief Efforts,N/A,
,"The paper addresses the need to incorporate climate change into spatial planning for conservation, highlighting the importance of climate adaptations strategies.",,"The paper discusses national strategies as a means to prevent biodiversity crisis, similar to relief efforts in approach.","Despite the fact that it might be true, it is not mentioned in the paper.",
,,,Climate Risks Modeling,N/A,
,,,The incorporation of climate change and its impacts on conservation areas is akin to climate risk modeling.,"""Here, we evaluate how well different 30x30 expansion scenarios capture the climatically viable ranges of Canadian terrestrial 15 vertebrates, plants, and butterflies""",
,,,,,
,,,,,
Adaptive patch foraging in deep reinforcement learning agents,Natural Systems Protection,N/A,Biodiversity,N/A,cd5c3350c4dc7f3e1e12e6c9c6cbd77e
"This paper studies the behavior of deep reinforcement learning agents in ecological patch foraging tasks. It explores how these agents can learn optimal foraging behavior, similar to biological foragers, within a simulated environment. The research connects internal dynamics of AI agents to neural recordings from foraging animals, providing insights into both artificial and biological intelligence systems.","The primary focus of the research is on simulating ecological foraging behaviors, which align with the protection and understanding of natural systems.","The paper is about reinforcement learning. ""For the first time, we show that machine learning agents can learn to patch forage adaptively in patterns similar to biological foragers, and approach optimal patch foraging behavior when accounting for temporal discounting.""","The study focuses on ecological patterns and behaviors, specifically relating to biodiversity in terms of foraging strategies.","The paper is about reinforcement learning. ""For the first time, we show that machine learning agents can learn to patch forage adaptively in patterns similar to biological foragers, and approach optimal patch foraging behavior when accounting for temporal discounting.""",
,Climate Science,N/A,Climate Modeling and Predictions,N/A,
,"""The research offers models that can improve the understanding of ecological behaviors and dynamics, aiding in broader climate science efforts.",The ecological term doesn't correspond to climate-related topics and refers to biological agents,"By providing insights into ecological behaviors and their simulations, this research indirectly supports climate modeling efforts.",The ecological term doesn't correspond to climate-related topics and refers to biological agents,
Bugs in the Data: How ImageNet Misrepresents Biodiversity,Natural Systems Protection,N/A,Biodiversity,N/A,b7cecab479a7e4bdb3bfee9d049c0790
"The paper analyzes the representation of biodiversity in the ImageNet-1k dataset, identifying significant biases, inaccuracies, and geographical misrepresentations in the dataset's wildlife classes. It involves input from expert ecologists to validate class definitions and image accuracy. It addresses issues of incorrect labeling, class overlap, geographical and cultural biases, and the implications for ML models trained using this data.","The paper's primary focus is on how biodiversity is represented in ImageNet-1k, which directly relates to Natural Systems Protection.","The authors don't focus on biodiversity protection and preservation. Even if their work contribute to a better representation of biodiversity within the AI world, and thus to a better knowledge/comprehension of what the wildlife is, they don't clearly mention climate/environment-related topics. ""The goal of our work is to quantify the extent to which the natural world, namely wildlife, is under- and mis-represented in ImageNet-1k. We consider the ethical and practical implications that these biases and inaccuracies pose for the development and use of machine learning algorithms.""","The paper examines how the biodiversity, specifically wildlife, is inaccurately represented in the ImageNet-1k dataset.","The authors don't focus on biodiversity protection and preservation. Even if their work contribute to a better representation of biodiversity within the AI world, and thus to a better knowledge/comprehension of what the wildlife is, they don't clearly mention climate/environment-related topics. ""The goal of our work is to quantify the extent to which the natural world, namely wildlife, is under- and mis-represented in ImageNet-1k. We consider the ethical and practical implications that these biases and inaccuracies pose for the development and use of machine learning algorithms.""",
,N/A,N/A,N/A,N/A,
,"The paper does not focus on other areas beyond biodiversity and its representation in ML datasets, hence no secondary categories are applicable.",,"The paper is highly focused on the sub-category of Biodiversity, without delving into other specific sub-categories.",,
GrowSpace: A reinforcement learning environment for plant architecture,Natural Systems Protection,N/A,Biodiversity,N/A,d6940d887de54528e0b63394a3056b1e
"The paper presents GrowSpace, a simulator built within a reinforcement learning framework for testing hypotheses related to plant architecture. This environment focuses on controlling plant growth by manipulating light to understand plant responses to environmental stimuli, particularly phototropism. The simulator serves as a test bed for plant science research and offers challenges within reinforcement learning contexts to optimize plant growth responses.","The paper's focus on plant growth and architecture aligns with the protection and understanding of natural systems, particularly in how they adapt and respond to environmental changes.","The paper's main topic is about plant's reactions to diverse conditions and plant growth control. The authors don't mention climate change adaptation and biodiversity protection. Despite the fact that this research could indirectly be linked to climate-related topics, the latter are not mentioned. ""The objective is to guide the growing plant to a desired target or shape. [...] This gamification of plant behavioral responses offers a foundation for the plant modeling community to build upon. More broadly, GrowSpace spans across several fields such as plant science, agriculture, RL, and robotics.""",Biodiversity sub-category is the most fitting as the simulator is used to test and understand plant growth responses which contribute to knowledge on biodiversity and ecosystem change monitoring.,"The paper's main topic is about plant's reactions to diverse conditions and plant growth control. The authors don't mention climate change adaptation and biodiversity protection. Despite the fact that this research could indirectly be linked to climate-related topics, the latter are not mentioned. ""The objective is to guide the growing plant to a desired target or shape. [...] This gamification of plant behavioral responses offers a foundation for the plant modeling community to build upon. More broadly, GrowSpace spans across several fields such as plant science, agriculture, RL, and robotics.""",
,Climate Change Adaptation,Climate Change Adaptation,Food Security,N/A,
,The research implies potential applications in adapting agricultural practices through optimized plant growth under different environmental conditions.,"""Incorporating the environmental variables in a trial-and-error fashion can help enhance crop production by being able to predict or measure physiological outcomes based on variable environmental variables""","The potential application of such plant growth models can impact agricultural productivity and resilience, contributing to future food security.","Despite the fact that it might be true, it is not mentioned in the paper.",
,,,Farmers Support,Farmers Support,
,,,Understanding plant responses and architecture can support farmers in improving crop management and yield strategies.,"""Incorporating the environmental variables in a trial-and-error fashion can help enhance crop production by being able to predict or measure physiological outcomes based on variable environmental variables""",
Robustness assessment of hyperspectral image CNNs using metamorphic testing,Natural Systems Protection,N/A,Biodiversity,N/A,a22836e849dbe7d631a4c4295a598f76
"The paper explores the robustness of convolutional neural networks (CNNs) in classifying hyperspectral images (HSIs) using metamorphic testing. It addresses the sensitivity of deep learning classifiers to input perturbations, especially in safety-critical applications, and proposes a systematic testing method leveraging metamorphic transformations to simulate distortions in HSIs. The study finds that fine-tuning CNNs with failure-revealing transformations improves robustness significantly without major performance loss.","The primary focus of the paper is on the robustness of CNNs in processing hyperspectral images, which are crucial in monitoring ecological and environmental changes. This aligns with Natural Systems Protection as it pertains to ecosystem change monitoring and biodiversity, which are sub-categories of interest in remote sensing applications discussed in the paper.","Despite the fact that it might be true, it is not mentioned in the paper. ""This led us to propose a systematic testing method to assess the robustness of the CNNs trained to classify HSIs."". ","The hyperspectral imaging discussed in the paper is primarily used for ecological monitoring, which includes observing biodiversity and changes in ecosystems, aligning this work with the biodiversity sub-category under Natural Systems Protection.","Despite the fact that it might be true, it is not mentioned in the paper.",
,Climate Science,N/A,Climate Modeling and Predictions,N/A,
,"Hyperspectral imaging, a form of remote sensing, contributes significantly to climate science by offering detailed observations and predictions regarding natural phenomena, which are critical for climate modeling and predictions.","Even if remote sensing tools and technologies can be used for ecology and geology, the authors also mention the military surveillance. This paper is not dedicated to climate-related topics","The paper supports climate science by improving methods for data gathering and interpretation, which are vital for modeling and predictions.","Even if remote sensing tools and technologies can be used for ecology and geology, the authors also mention the military surveillance. This paper is not dedicated to climate-related topics",
SatBird: a Dataset for Bird Species Distribution Modeling using Remote Sensing and Citizen Science Data,Natural Systems Protection,Natural Systems Protection,Biodiversity,Biodiversity,cee5a567bd4343833272c95272c25d32
"The paper introduces SatBird, a dataset that combines remote sensing and citizen science data for bird species distribution modeling. The dataset includes bird observation data from the USA and Kenya, derived from eBird, and environmental and remote sensing data to enhance the prediction of bird species encounter rates across different regions. The study emphasizes the importance of using diverse and large-scale data sources for accurate ecological modeling and conservation planning.",The primary focus is on protecting natural systems through improved biodiversity monitoring using novel data sources to model species distribution accurately.,,"The main focus is on biodiversity, specifically the monitoring and understanding of bird species and their distributions to support conservation efforts.",,
,Climate Change Adaptation,N/A,Climate Risks Modeling,N/A,
,The paper addresses the adaptation to changing conditions by modeling species' distributions which are critical for resilience in changing climates.,"Despite the fact that it might be true, it is not mentioned in the paper.",The work on species distribution is part of larger efforts to understand ecological risks linked to climate change.,"Despite the fact that it might be true, it is not mentioned in the paper.",
,Climate Science,N/A,Climate Modeling and Predictions,N/A,
,"The paper involves climate science in the form of modeling interactions between species and their environment, which is influenced by climate factors.","The paper is linked to ecology, not to climate science","The paper uses remote sensing and citizen data to make predictions regarding species distributions, tying it to ecological modeling affected by climate change.","The paper is linked to ecology, not to climate science",
"Assessing the Impact of Aircraft Arrival on Ambient Ultrafine Particle Number Concentrations in Near-Airport Communities in Boston, Massachusetts",Pollution,N/A,Air Pollution,N/A,c079c769f459ab9fbc15c59a3779a0f6
"The study evaluates the impact of aircraft arrivals on ultrafine particle concentrations in near-airport communities around Boston Logan International Airport. It examines real-time aircraft activity and meteorological data to assess how aircraft influence particle number concentrations, focusing on identifying aviation contributions amidst other urban sources of ultrafine particles.","The central theme of the paper is the assessment of ultrafine particle pollution attributed to aircraft arrivals, as they contribute to air pollution in communities near airports.","The author focus on pollution and health concerns. ""Smaller particles are potentially more harmful to human health given their ability to enter the bloodstream, penetrate into lung tissues, and circulate throughout the body"". ""Whether large but intermittent contributions to ambient PNC with a more modest contribution to long-term average concentrations is a potential public health concern is beyond the scope of this study, although there is evidence that short-term exposures to UFP can influence heart rate variability (Zhang et al., 2022) as well as respiratory outcomes (Li et al., 2019). Our findings can be useful especially when examining the combined UFP exposures from multiple sources. UFP composition varies by source, which may be associated with specific health outcomes (Hime et al., 2018).",The paper's primary focus on measuring and analyzing ultrafine particle concentrations from aircraft emissions directly fits into the air pollution category.,"The author focus on pollution and health concerns. ""Smaller particles are potentially more harmful to human health given their ability to enter the bloodstream, penetrate into lung tissues, and circulate throughout the body"". ""Whether large but intermittent contributions to ambient PNC with a more modest contribution to long-term average concentrations is a potential public health concern is beyond the scope of this study, although there is evidence that short-term exposures to UFP can influence heart rate variability (Zhang et al., 2022) as well as respiratory outcomes (Li et al., 2019). Our findings can be useful especially when examining the combined UFP exposures from multiple sources. UFP composition varies by source, which may be associated with specific health outcomes (Hime et al., 2018).",
,Climate Change Mitigation,N/A,Transportation,N/A,
,"The study indirectly relates to climate change mitigation by aiming to understand and possibly reduce aviation-related air pollution, which is a component of broader efforts to mitigate transportation emissions.","The author focus on pollution and health concerns. ""Smaller particles are potentially more harmful to human health given their ability to enter the bloodstream, penetrate into lung tissues, and circulate throughout the body"". ""Whether large but intermittent contributions to ambient PNC with a more modest contribution to long-term average concentrations is a potential public health concern is beyond the scope of this study, although there is evidence that short-term exposures to UFP can influence heart rate variability (Zhang et al., 2022) as well as respiratory outcomes (Li et al., 2019). Our findings can be useful especially when examining the combined UFP exposures from multiple sources. UFP composition varies by source, which may be associated with specific health outcomes (Hime et al., 2018).","The study focuses on aircraft arrivals, part of the transportation sector, and how they contribute to local air pollution, relating to transportation sustainability issues.","The author focus on pollution and health concerns. ""Smaller particles are potentially more harmful to human health given their ability to enter the bloodstream, penetrate into lung tissues, and circulate throughout the body"". ""Whether large but intermittent contributions to ambient PNC with a more modest contribution to long-term average concentrations is a potential public health concern is beyond the scope of this study, although there is evidence that short-term exposures to UFP can influence heart rate variability (Zhang et al., 2022) as well as respiratory outcomes (Li et al., 2019). Our findings can be useful especially when examining the combined UFP exposures from multiple sources. UFP composition varies by source, which may be associated with specific health outcomes (Hime et al., 2018).",
P397. Genomic Deletions and Duplications Show Mirror Effects on Cognitive Ability According to Spatial Patterns of Gene Expression in the Human Brain,Pollution,N/A,Air Pollution,N/A,bd1b231bef9dc365db54eb5c3fdd83c0
"This paper systematically reviews existing literature on the effects of air pollution on mental health, particularly in relation to anxiety and depressive disorders. It investigates the association between air pollutants and structural/functional changes in brain regions such as the hippocampus and prefrontal cortex, which are implicated in psychopathology.",The primary focus of the paper is on air pollution and its effects on mental health and cognitive functions.,"The paper is about ""genomic deletions or duplications, which increase risk for neurodevelopmental-psychiatric-disorders, can contain several genes and decrease or increase gene-expression respectively."" ",The specific focus on air pollution and its link to mental health and structural brain changes makes it fit squarely within the air pollution sub-category.,"The paper is about ""genomic deletions or duplications, which increase risk for neurodevelopmental-psychiatric-disorders, can contain several genes and decrease or increase gene-expression respectively."" ",
,N/A,N/A,N/A,N/A,
,The paper does not prominently address other sustainable development categories besides air pollution.,,No other sub-category under Pollution or other categories was evident in the paper's focus.,,
,,,,,
,,,,,
Cross-lingual Open-Retrieval Question Answering for African Languages,Support to Global South,N/A,Climate Data,N/A,db25f520d985a30a088101f69c809815
"The paper introduces AfriQA, a cross-lingual question answering dataset designed to improve digital content accessibility for African languages. It includes 12,000+ examples across 10 African languages and evaluates various machine translation and retrieval systems for better multilingual QA technology.","The paper primarily aims to improve access to digital information for speakers of underrepresented African languages, aligning with the goal of supporting global south regions in making better use of technology and data.","The paper is about the development of QA technology in local languages. ""African languages have far less in-language content available digitally, making it challenging for question-answering systems to satisfy the information needs of users""","The focus is on improving access to information through better language technology, which can be indirectly linked to supporting the collection and utilization of data, especially in under-resourced regions.","The paper is about the development of QA technology in local languages. ""African languages have far less in-language content available digitally, making it challenging for question-answering systems to satisfy the information needs of users""",
,N/A,N/A,N/A,N/A,
,The paper does not directly address or focus on other Climate or Ecological Sustainable Development categories.,,Other sub-categories are not relevant to the content and focus of this paper.,,