GrowSpace: Learning How to Shape Plants,Climate Change Mitigation,N/A,Agriculture,N/A,84008ddc299cdd43d933230801f65c93
"This paper introduces GrowSpace, a reinforcement learning (RL) benchmark environment designed to simulate and control the growth of plants in response to light manipulation. The objective is to train agents to guide plant growth towards specific goals by adjusting a light source. The environment uses the Space Colonization Algorithm to model plant growth based on phototropism, allowing for experiments on control, hierarchical learning, fairness, and multi-objective learning. GrowSpace is meant to address real-world challenges in plant science and RL by providing a simulated platform for controlled plant growth studies.","The paper's goal of optimizing plant growth through controlled light manipulation aligns with improving agricultural efficiency, a key aspect of climate change mitigation.","Despite the fact that plants are a central topic, the authors focus on their ""objective of controlling a plant by moving the light source [...]"". If they talk about agriculture, they don't mention it as an application dfesigned to play a role in climate-related topics.""GrowSpace is an environment that spans across different fields such as plant science, agriculture, RL, and robotics"". Even the introduction is not explicity enough to classify the paper in the ""Climate Change Mitigation"" category.. ""Plants are dynamic systems that are integral to our existence and survival. Plants are faced with environment changes and adapt over time to their surrounding conditions. We argue that plant responses to an environmental stimulus are a good example of a real-world problem that can be approached within a reinforcement learning (RL) framework""","The focus on controlling plant growth through RL primarily supports agricultural science and sustainable farming practices, aiming at efficiency and optimization in plant production.","Despite the fact that plants are a central topic, the authors focus on their ""objective of controlling a plant by moving the light source [...]"". If they talk about agriculture, they don't mention it as an application dfesigned to play a role in climate-related topics.""GrowSpace is an environment that spans across different fields such as plant science, agriculture, RL, and robotics"". Even the introduction is not explicity enough to classify the paper in the ""Climate Change Mitigation"" category.. ""Plants are dynamic systems that are integral to our existence and survival. Plants are faced with environment changes and adapt over time to their surrounding conditions. We argue that plant responses to an environmental stimulus are a good example of a real-world problem that can be approached within a reinforcement learning (RL) framework""",
,Climate Science,N/A,Climate Modeling and Predictions,N/A,
,"The paper contributes to climate science by simulating plant responses to environmental stimuli, which can help in understanding and modeling ecological systems.",,"By providing insights into plant responses to light, the paper supports climate modeling through better understanding plant-environment interactions.",,
,Natural Systems Protection,N/A,Biodiversity,N/A,
,The study of plant growth and manipulation contributes to the broader understanding of ecosystem dynamics and plant interactions with the environment.,,The understanding and control of plant growth can impact biodiversity by facilitating better conservation and management of plant species.,,
TIML: Task-Informed Meta-Learning for Agriculture,Climate Change Mitigation,Climate Change Mitigation,Agriculture,Agriculture,8133d1dc17de5266ebcf0c9e92c1c5e1
"This paper introduces Task-Informed Meta-Learning (TIML), a method developed to enhance meta-learning in agriculture by leveraging task-specific metadata. It focuses on improving performance in crop type classification and yield estimation tasks using geospatial data. TIML is shown to significantly improve model performance in data-sparse regions by utilizing metadata that provides contextual information about tasks.","The primary category is climate change mitigation since the paper focuses on improving agricultural efficiency and effectiveness using machine learning, which has implications for reducing carbon footprints and enhancing sustainability.",,"The focus of the paper is on agricultural data applications such as crop type classification and yield estimation, directly linking it to agriculture under climate change mitigation.",,
,Climate Change Adaptation,Climate Change Adaptation,Food Security,Food Security,
,"The paper addresses improving data for better adaptation to climate affects, especially in terms of better managing food security in response to extreme weather events.",,"The paper discusses the critical role of accurate yield estimation for food security forecasts, a sub-category of Climate Change Adaptation.",,
,,,,,
,,,,,
,,,,,
,,,,,
GPS++: An Optimised Hybrid MPNN/Transformer for Molecular Property Prediction,Climate Change Mitigation,N/A,Carbon Capture and Storage (CCS),N/A,973bad4d85138d27a6d57741ab4c7e04
"This paper introduces GPS++, a hybrid MPNN/Transformer model optimized for the PCQM4Mv2 molecular property prediction task. The model uses MPNN and transformer layers, incorporating 3D atomic positions and auxiliary denoising tasks to predict properties like the HOMO-LUMO energy gap of molecules. It emphasizes scalability, efficiency in computation, and implementation on Graphcore IPU accelerators.","The paper is not primarily focused on climate or ecological sustainable development, but it does have secondary relevance to climate change mitigation through potential applications in material science and chemical processes.","Climate-related topics are not central. ""It therefore has the potential to benefit a wide range of scientific applications in
fields like computational chemistry, material sciences and drug discovery.""","Although not the core of the paper, predicting molecular properties can facilitate the discovery of materials for carbon capture and storage applications.","Climate-related topics are not central. ""It therefore has the potential to benefit a wide range of scientific applications in
fields like computational chemistry, material sciences and drug discovery.""",
,Natural Systems Protection,N/A,Industry,N/A,
,The research could indirectly support natural systems by aiding in the development of new materials or processes that are less harmful to the environment.,"Climate-related topics are not central. ""It therefore has the potential to benefit a wide range of scientific applications in
fields like computational chemistry, material sciences and drug discovery.""",The MPNN/Transformer model can aid in the optimization of chemical processes and the discovery of energy-efficient materials.,"Climate-related topics are not central. ""It therefore has the potential to benefit a wide range of scientific applications in
fields like computational chemistry, material sciences and drug discovery.""",
,,,,,
,,,,,
Constant Memory Attentive Neural Processes,Climate Change Mitigation,N/A,Energy Efficiency in Buildings,N/A,8f20f73c5784affdd9852233ebaab8b0
"This paper introduces Constant Memory Attentive Neural Processes (CMANPs), a variant of Neural Processes designed to be memory efficient, making them suitable for deployment in low-resource settings such as IoT devices and mobile robots. The proposed CMANPs employ a novel Constant Memory Attention Block (CMAB) which requires constant memory and supports efficient computation updates. This approach is particularly relevant for applications with limited energy and memory, as it allows for scaling the number of data points while reducing energy-intensive memory access.","The main contribution of the paper is the development of an efficient algorithm that reduces energy consumption in computational processes, aligning with the goal of Climate Change Mitigation by improving energy efficiency.","The paper is a technical one and climate-related topics are not central. ""NPs have been applied to a wide range of applications whichinclude sequence data [...], modelling stochastic physics fields [...], robotics [...], event prediction [...], and climate modeling [...]"".","While the paper itself focuses on computational processes, the improvements in memory efficiency and energy use are analogous to optimizations in building energy systems where computational models are used to enhance energy management strategies.","The paper is a technical one and climate-related topics are not central. ""NPs have been applied to a wide range of applications whichinclude sequence data [...], modelling stochastic physics fields [...], robotics [...], event prediction [...], and climate modeling [...]"".",
,Support to Global South,N/A,Policy Advice and Knowledge Sharing,N/A,
,"While the paper is not directly about supporting the Global South, the techniques it describes can indirectly support regions in the Global South by providing efficient mechanisms that can be applied in resource-constrained environments, including energy-constrained IoT applications.","The paper is a technical one and climate-related topics are not central. ""NPs have been applied to a wide range of applications whichinclude sequence data [...], modelling stochastic physics fields [...], robotics [...], event prediction [...], and climate modeling [...]"".",The development of more efficient computational models can contribute to policy advice and knowledge sharing by providing frameworks that guide sustainable practices in technology deployments.,"The paper is a technical one and climate-related topics are not central. ""NPs have been applied to a wide range of applications whichinclude sequence data [...], modelling stochastic physics fields [...], robotics [...], event prediction [...], and climate modeling [...]"".",
Learning to Improve Code Efficiency,Climate Change Mitigation,Climate Change Mitigation,Energy Efficiency in Buildings,N/A,969516f93bcb0328926083d9a1f95cc7
"The paper explores machine learning approaches to improve code efficiency by analyzing competitive programming data. It specifically proposes a novel discrete variational auto-encoder to guide programmers in writing high-performance code, potentially reducing the carbon footprint associated with computing by optimizing code execution.","The research discusses reducing carbon footprint through more efficient code, which aligns with Climate Change Mitigation efforts, particularly in reducing energy consumption in computing.",,"While not directly related to physical buildings, the concept of improving operational efficiency aligns with this sub-category as it pertains to optimizing systems to reduce energy usage.",,
,N/A,N/A,N/A,N/A,
,"The paper primarily focuses on code efficiency and its impact on reducing carbon emissions through computational efficiency, which is best categorized under Climate Change Mitigation.",,"The primary focus is on code efficiency and its relevance to reducing carbon footprints, which doesn't directly fit into other detailed sub-categories besides energy efficiency frameworks.",,
,,,,,
,,,,,
3D Pre-training improves GNNs for Molecular Property Prediction,Climate Change Mitigation,N/A,Industry,N/A,92173c90347059dd7cbcc473f8da1cd5
"The paper discusses a novel approach of pre-training Graph Neural Networks (GNNs) to predict molecular properties by utilizing 3D molecular structures even when computationally infeasible scales demand reliance solely on 2D representations. The authors propose a method named '3D Infomax', which uses mutual information maximization between 2D and 3D structures to embed latent 3D geometric information into GNNs. This technique improves predictions for a variety of molecular properties and offers transferable benefits across different molecular datasets.","The primary focus is on improving material discovery processes that can lead to developments in energy storage and solar panels, both vital for climate change mitigation.","Despite the fact that material science is specified as a potential application, this is not the main one. ""We see the most important application and the largest possible positive societal impact of our method
in the domain of drug discovery.""","The paper's methodology in advancing molecular property prediction can accelerate the discovery of materials, particularly those that could improve energy efficiency and chemical processes relevant to industry and clean energy applications.","Despite the fact that material science is specified as a potential application, this is not the main one. ""We see the most important application and the largest possible positive societal impact of our method
in the domain of drug discovery.""",
,N/A,N/A,N/A,N/A,
,The paper does not primarily address other specific sustainable development areas apart from its contributions to climate change mitigation through potential advances in materials science.,,There are no additional sub-categories directly addressed apart from the contributions to material discovery in the industry sector.,,
Consistent Training via Energy-Based GFlowNets for Modeling Discrete Joint Distributions,Climate Change Mitigation,N/A,Industry,N/A,d0c41bffd2c10d680d2067ca9e8183f4
"The paper introduces Joint Energy-Based GFlowNets (JEBGFNs), which extend the capabilities of GFlowNets by combining them with energy-based models to jointly learn multiple variables, such as biological sequences and their properties like antimicrobial activity. It focuses on improving the diversity and adaptability of generated biological sequences for applications like antimicrobial peptide generation. The paper evaluates the performance of these models in generating diverse and high-scoring antimicrobial peptides and in active learning contexts.","Although the primary focus isn't directly on climate or ecology, generating antimicrobial peptides aligns with sustainable development due to its impact on healthcare and reducing the ecological footprint of traditional antimicrobial methods.","This paper is a techincal one. Despite the fact that material science is specified as a potential application, this is not the only one. ""Biological sequence design is a problem of paramount importance for various use cases such as design of new materials, discovering new drugs, and so on..""",The generation of antimicrobial peptides impacts the pharmaceutical industry by potentially providing sustainable and efficient solutions for drug development.,"This paper is a techincal one. Despite the fact that material science is specified as a potential application, this is not the only one. ""Biological sequence design is a problem of paramount importance for various use cases such as design of new materials, discovering new drugs, and so on..""",
,N/A,N/A,N/A,N/A,
,The paper primarily focuses on antimicrobial peptide generation and does not explicitly target secondary climate or ecological sustainable development themes.,,Other sub-categories are not directly addressed in the context of this paper's focus on antimicrobial peptides.,,
"PhAST: Physics-Aware, Scalable, and Task-specific GNNs for Accelerated Catalyst Design",Climate Change Mitigation,Climate Change Mitigation,Industry,Industry,1ccbe5fef49272664a1738ee1b0fe0dc
"The paper proposes innovations in graph neural networks (GNNs) for catalysis, focusing on electrocatalyst design necessary for climate change mitigation. It presents methods to increase computational efficiency and accuracy in modeling material properties, particularly in catalyst design for renewable energy applications.","The paper focuses on improving catalyst materials that can significantly reduce carbon emissions in industrial processes, which is a key aspect of climate change mitigation.",,"The paper specifically addresses innovations in catalyst design which are used in industrial processes, hence aligning with the 'Industry' sub-category under Climate Change Mitigation.",,
,Climate Science,N/A,Carbon Capture and Storage (CCS),Battery Energy Storage System (BESS),
,"The development and enhancement of models to understand and design catalysts also contributes to the broader field of scientific understanding of material properties, which falls under climate science.",,"While not directly mentioned, the improvements in catalysts can aid carbon capture processes, albeit indirectly, since these are linked to reducing carbon emissions.","""[...] such as renewable energy storage""",
,,,,Renewable Energy and Grid Optimization,
,,,,,
What if We Enrich day-ahead Solar Irradiance Time Series Forecasting with Spatio-Temporal Context?,Climate Change Mitigation,Climate Change Mitigation,Renewable Energy and Grid Optimization,Renewable Energy and Grid Optimization,cc7b1c52af59345c184b49552845b422
"The paper presents a deep learning architecture, CrossViViT, which enhances day-ahead solar irradiance forecasting by incorporating spatio-temporal context from satellite data. It focuses on predicting Global Horizontal Irradiance (GHI) with high accuracy and robust performance, even in stations not seen during training. This approach aids in more efficient integration of solar power into the electrical grid, hence contributing to climate change mitigation by reducing CO2 emissions.",The paper's aim to improve solar power integration reflects a direct effort towards mitigating climate change.,,The paper is focused on improving solar irradiance forecasting to facilitate better grid integration of solar energy.,,
,Climate Science,N/A,Climate Modeling and Predictions,N/A,
,"The paper involves advanced forecasting methods, which align with climate modeling and predictions.","Unlike weather forecasts, which describe a detailed picture of the expected daily sequence of conditions starting from the present, climate models are probabilistic, indicating areas with higher chances to be warmer or cooler and wetter or drier than usual. In the paper, the authors focus on ""[...] CrossViViT, an accurate day-ahead solar irradiance forecasting [...]"".",The use of deep learning for forecasting involves advanced climate modeling techniques.,"Unlike weather forecasts, which describe a detailed picture of the expected daily sequence of conditions starting from the present, climate models are probabilistic, indicating areas with higher chances to be warmer or cooler and wetter or drier than usual. In the paper, the authors focus on ""[...] CrossViViT, an accurate day-ahead solar irradiance forecasting [...]"".",
,,,,,
,,,,,
A New Era: Intelligent Tutoring Systems Will Transform Online Learning for Millions,N/A,N/A,N/A,N/A,a116dacb8cb572284c09e169a8498967
"The paper examines how AI-powered intelligent tutoring systems (ITS) can enhance online learning by providing personalized, active learning experiences. Using the Korbit learning platform as a case study, the paper compares learning outcomes between a traditional MOOC platform and Korbit, highlighting significant improvements in student performance when personalized feedback is provided. The study suggests that ITS can democratize access to high-quality education, aligning with the United Nations’ Sustainable Development Goals (SDGs) for inclusive education.","While the paper discusses the democratization of education and aligns with SDGs, it doesn't directly connect to climate or ecological sustainable development themes.",,The sub-category themes do not align directly with climate or ecological factors but rather focus on education technology and its scalability globally.,,
,Support to Global South,N/A,Policy Advice and Knowledge Sharing,N/A,
,The discussion of making high-quality education accessible aligns with the broader context of supporting the Global South through improved educational opportunities.,"Climate-related topics are not central. The authors focus on education ""One urgent area to which AI could and should contribute is education, in particular, ensuring accessibility of high-quality education for people around the globe""",The focus on democratizing access to education and aligning with SDGs supports broader policy advice and knowledge sharing initiatives,"Climate-related topics are not central. The authors focus on education ""One urgent area to which AI could and should contribute is education, in particular, ensuring accessibility of high-quality education for people around the globe""",
A connectomics-based taxonomy of mammals,N/A,N/A,N/A,N/A,9754de2306066980a3341b4e4740ca4c
"The paper explores the use of connectomic data to classify mammalian species. By standardizing neural circuit reconstruction techniques, it compares connectome data across 124 species of mammals. The research aims to assess inter-species variations in neural connectivity and how these connectome organizations correlate with traditional taxonomies based on morphology and genetics. Overall, the study attempts to provide insights into the evolution of neural circuits and their relationship to behavior.","The primary focus of the paper is on biological science rather than any directly tied Climate or Ecological Sustainable Development issue. It deciphers mammalian taxonomy via connectomic similarities, which does not align with any categories of sustainable development listed.",,There is no specific sub-category that the paper aligns with as it does not address any direct climate or ecological sustainability themes.,,
,N/A,,N/A,,
,There are no secondary Climate or Ecological Sustainable Development themes in this paper as its primary focus remains strictly on the taxonomy of mammals via their neural networks.,,No secondary sub-categories are applicable as the paper does not touch on additional areas of environmental concern.,,
A neurodynamic model of inter-brain coupling in the gamma band,N/A,N/A,N/A,N/A,dde6e5245e9b75166bcec890f715d4b7
"This paper presents a neurodynamic model for understanding inter-brain coupling in the gamma frequency band using a Kuramoto model. The focus is on explaining the phenomenon observed in EEG hyperscanning studies where people show neural synchronization or coupling during social interactions, particularly in the gamma frequency range.",The paper does not address any climate or ecologically-related sustainable development themes _  its focus is on neuroscience.,,There is no sub-category within the climate or ecological sustainable development areas that fits the scope of this paper.,,
APP: Anytime Progressive Pruning,N/A,N/A,N/A,N/A,a00dca2f96a295efee179eabd118b537
"The paper discusses a novel approach called Anytime Progressive Pruning (APP) for training sparse neural networks in an online learning setting known as the anytime learning at macroscale paradigm (ALMA). This method aims to improve training efficiency and accuracy while reducing the model size and generalization gap. The APP method is compared with existing methods and baselines across multiple datasets and architectures, showing significant performance gains. The paper also investigates the dynamics of model training with pruning and provides analysis of performance on various learning frameworks and setups.",The paper primarily targets deep learning efficiency improvements without any direct linkage or implication towards climate or ecological sustainable development goals.,,There is no mention of specific applications related to sub-categories of climate or ecological sustainability.,,
Active Keyword Selection to Track Evolving Topics on Twitter,N/A,N/A,N/A,N/A,97800a8db86ff460c5a18ae9797b4126
"The paper introduces an active learning method, K EY S ELECT, designed to refine query keywords used for collecting high-quality, topic-relevant data from Twitter. This method is illustrated using a COVID-19 Twitter dataset, focusing on sub-topics like Vaccine, Mask, and Lockdown. The paper emphasizes the challenges of selecting optimal keywords for data collection and offers a solution to improve the relevance and volume of topic-related tweets collected.","The paper does not directly address any Climate or Ecological Sustainable Development themes. While it uses a COVID-19 dataset for illustration, the focus is on computational methods rather than environmental or sustainability themes.",,"The sub-categories provided in the classification guidelines are not relevant to the content of this paper, which is centered on keyword selection and data collection improvement processes.",,
,N/A,N/A,N/A,N/A,
,There are no secondary categories related to Climate or Ecological Sustainable Development in this paper as it focuses on data collection methodology.,,"Since the primary focus of the paper is unrelated to any Climate or Ecological Sustainable Development sub-categories, there are no applicable secondary sub-categories.",,
,,,,,
,,,,,
"Adaptation, Comparison and Practical Implementation of Fairness Schemes in Kidney Exchange Programs",N/A,N/A,N/A,N/A,a4d92e14506607f14dc5b2220508e88b
The paper explores fairness schemes in Kidney Exchange Programs (KEPs) to balance individual patient benefits with the utilitarian goal of maximizing transplants. It adapts popular fairness concepts and compares different schemes via conic programs and column generation approaches. The study analyzes the efficiency and effectiveness of the fairness procedures in achieving a balance between utility and fairness in practical KEP scenarios.,The paper's focus is on healthcare and ethics related to kidney exchange programs rather than climate or ecological sustainability.,,There is no specific sub-category related to climate or ecological sustainability that this paper fits into.,,
,N/A,N/A,N/A,N/A,
,The paper does not address any secondary categories related to climate or ecological sustainable development.,,There are no other specific sub-categories in climate or ecological sustainable development relevant to this paper.,,
Adaptive Learning of Tensor Network Structures,N/A,N/A,N/A,N/A,8f46a6c8879c19411357c1876a4e5628
"The paper discusses the development of a generic and efficient adaptive algorithm to learn the structure and parameters of a Tensor Network (TN). The method utilizes a greedy approach to iteratively build tensor network structures by identifying promising edges for rank increments. Experiments demonstrate the method's effectiveness in tensor decomposition, completion, and model compression tasks.","The paper does not focus on any specific climate or ecological sustainable development goal or category. It is centered around tensor networks and machine learning algorithm development, without linking it to sustainability challenges.",,The paper's focus is on tensor networks and does not align with any sub-category of climate or ecological sustainable development.,,
Aligning MAGMA by Few-Shot Learning and Finetuning,N/A,N/A,N/A,N/A,982f9a422e95e1015efc218dac4bad5a
"The paper evaluates and aligns the Visual Language Model (VLM) called MAGMA with human values using different methods. It assesses the model's alignment through few-shot learning and finetuning on a custom dataset, with a focus on commonsense morality. The study involves creating a database of image-prompt combinations for finetuning and querying, using a commonsense Q&A approach. It examines MAGMA's initial misalignment and investigates how few-shot prompting and finetuning affect its alignment.","The paper does not focus on climate or ecological sustainable development, but rather on aligning a visual language model with human values and its ethical behavior.",,"As the paper does not relate to climate or ecological sustainable development, no specific sub-categories apply.",,
,N/A,N/A,N/A,N/A,
,Climate or ecological sustainable development themes are not addressed in this paper as it is focused on moral alignment of a language model.,,No secondary sub-categories are applicable as the paper focuses on moral alignment of AI and not on environmental or sustainable themes.,,
Aspirations and Practice of Model Documentation: Moving the Needle with Nudging and Traceability,N/A,N/A,N/A,N/A,8b66c7f5abc715bdb029b1d7928198d7
"The paper examines the practices of documenting machine learning models, identifying gaps between existing documentation practices and proposed standards like model cards. It presents a tool called DocML designed to nudge data scientists towards better documentation practices, particularly in aspects related to ethics and accountability.",The paper predominantly focuses on the documentation practices of machine learning models and does not directly address Climate or Ecological Sustainable Development.,,"As there is no relevant primary category related to Climate or Ecological Sustainable Development, no sub-category can be assigned.",,
,N/A,N/A,N/A,N/A,
,"Since the primary theme does not align with any Climate or Ecological Sustainable Development category, it is unlikely to have secondary relevance to such categories.",,"Since the primary and secondary categories do not align with Climate or Ecological Sustainable Development, no sub-categories apply.",,
Attention for Compositional Modularity,N/A,N/A,N/A,N/A,ce0f9c3d9f8374b1e6f2ba82982f53b3
"The paper explores the use of attention-based module selection strategies to achieve compositional modularity in machine learning systems. This involves decomposing tasks into meaningful sub-tasks tackled by independent modules. It examines strategies' ability to generalize and recover sub-tasks in a modular system, demonstrating that meaningful module selection is key to compositional generalization. Through an experimental setup using mathematical equations, it analyzes aspects like module specialization, number of training samples, and the effects of functional bottlenecks, concluding that attention methods play a crucial role in routing and task decomposition.",The focus of the paper is on machine learning methodologies and improvements in compositionality and modularity without direct ties to any specific climate-related or ecologically-oriented sustainable development goal.,,"The paper's content is focused on modularity within machine learning, without addressing specific sustainable development sub-categories.",,
,N/A,N/A,N/A,N/A,
,"There are no secondary categories related to climate or ecological sustainability, as the paper is solely about machine learning methods for better generalization and modularity.",,Secondary sub-categories are not applicable as the research focus is not aligned with sustainability themes but is purely on computational techniques.,,
BLOOM+1: Adding Language Support to BLOOM for Zero-Shot Prompting,N/A,N/A,N/A,N/A,84fcf0d15560235204783a5d54133613
"The paper discusses the adaptation of the BLOOM multilingual language model to support additional languages beyond its original 46 languages. The authors apply and benchmark existing language adaptation strategies, such as adapter-based finetuning, to improve zero-shot prompting performance on eight new languages in a resource-constrained setting. The findings suggest that adapter-based finetuning is more effective than continued pretraining for large models. The paper also explores the effectiveness of different language adaptation methods and evaluates the impact on various natural language understanding tasks.","The paper primarily focuses on language model adaptation, which doesn't align with any predefined Climate or Ecological Sustainable Development categories.",,The subject matter of the paper does not fit into any specific sub-category related to Climate or Ecological Sustainable Development.,,
,N/A,N/A,N/A,N/A,
,There are no secondary themes that relate to Climate or Ecological Sustainable Development as the paper is entirely centered on language support and model adaptation methodologies.,,"Given the exclusive focus on language model adaptation, there are no applicable sub-categories in Climate or Ecological Sustainable Development.",,
Bayesian Structure Learning with Generative Flow Networks,N/A,N/A,N/A,N/A,c287b71e60bbe845189bb1e72ae7f6cc
"This paper presents a novel approach to Bayesian structure learning using Generative Flow Networks (GFlowNets). It proposes DAG-GFlowNet as an alternative to MCMC for approximating the posterior distribution over Directed Acyclic Graphs (DAGs) in Bayesian networks. The method constructs graphs sequentially one edge at a time, improving the approximation of the posterior over graphs compared to traditional methods such as MCMC and variational inference. The authors demonstrate applications on both simulated and real data, showcasing its capability to handle observational and interventional data.","The paper does not directly address any issues related to Climate or Ecological Sustainable Development. It is focused on improving computational techniques for Bayesian networks, which does not inherently relate to sustainability themes.",,None of the sub-categories apply as the paper is focused on Bayesian networks and not on specific climate or ecological applications.,,
,N/A,N/A,N/A,N/A,
,"Since the paper does not centrally address any sustainable development goals or themes, there are no secondary sustainable development categories applicable either.",,"Since there are no relevant primary or secondary sustainable development categories, no sub-categories apply either.",,
Bayesian learning of Causal Structure and Mechanisms with GFlowNets and Variational Bayes,N/A,N/A,N/A,N/A,bf526afa9b7c2e1f937a2949198ca7e0
"This paper introduces Variational Bayes-DAG-GFlowNet (VBG), a method for Bayesian causal structure learning that extends DAG-GFlowNet to infer both the structure and mechanisms of causal models using Variational Bayes. It addresses the challenge of high uncertainty in causal structure learning and provides competitive performance against existing methods.",The paper primarily addresses Bayesian learning methods for causal structure and does not focus on climate or ecological sustainable development topics.,,No specific sub-category related to climate or ecological sustainable development is applicable. The paper focuses on causal model learning.,,
,N/A,N/A,N/A,N/A,
,The paper does not address multiple sustainable development areas. Its main focus is on methodological advancements in Bayesian learning for causal structures.,,"Since the paper does not address secondary climate or ecological sustainable development themes directly, no additional sub-categories are applicable.",,
Beyond Mahalanobis-Based Scores for Textual OOD Detection,N/A,N/A,N/A,N/A,90236f6a08271730f48fbd932f0ab3f0
"The paper presents TRUSTED, a novel out-of-distribution (OOD) detection method for classifiers based on Transformer architectures in Natural Language Processing (NLP). It addresses the limitations of current Mahalanobis distance-based methods, using the full breadth of information contained in the model's hidden layers. TRUSTED applies a similarity score based on data depth to detect OOD samples, providing significant improvements over state-of-the-art methods. Extensive experiments demonstrate superior efficacy across multiple configurations, prompting a re-evaluation of checkpoint and seed impacts in OOD detection frameworks.",The paper's focus on OOD detection methods for NLP systems does not align directly with any climate or ecological sustainable development categories.,,"The paper's objective is centered on NLP and machine learning improvements, not on any specific sub-category related to climate or ecological sustainable development.",,
,N/A,N/A,N/A,N/A,
,There are no secondary themes in the paper that address climate or ecological sustainable development.,,No additional sub-categories fit as the paper does not tackle climate or ecological issues.,,
Bias-inducing geometries: an exactly solvable data model with fairness implications,N/A,N/A,N/A,N/A,bf1a83513e9b36a21c341d5b47b9137d
"This paper explores the role of data geometry in machine learning (ML) bias. It introduces a high-dimensional T-M model to understand bias inheritance and propose theoretical solutions. It focuses on the effectiveness of bias mitigation strategies, through loss-reweighing and coupled learning models, to achieve fairness without compromising accuracy. The study investigates sources of bias and proposes mitigation protocols in simplified synthetic settings to enhance theoretical understanding of bias in machine learning systems.","The paper does not focus on Climate or Ecological Sustainable Development. Instead, it examines fairness and bias in machine learning data, which are related to social ethics and technology rather than environmental or climate concerns.",,The work does not fall under any specific sub-category relevant to Climate or Ecological Sustainable Development as it explores bias in data geometry within machine learning.,,
,N/A,N/A,N/A,N/A,
,"Since the primary focus is not related to Climate or Ecological Sustainable Development, no secondary categories can be justified.",,The content of the paper does not justify the selection of any relevant climate or ecological sustainable development sub-categories.,,
Biomedical image analysis competitions: The state of current participation practice,N/A,N/A,N/A,N/A,160fed277fd1b921dba4a55856a11472
"This paper analyzes the state of participation in biomedical image analysis competitions, focusing on challenges conducted at IEEE ISBI 2021 and MICCAI 2021. It examines participant motivations, strategies, and the algorithmic approaches used, highlighting the predominance of deep learning solutions.",The paper does not primarily address any Climate or Ecological Sustainable Development themes. It is centered around the practices and dynamics of biomedical image analysis competitions.,,There is no specific sub-category within Climate or Ecological Sustainable Development that this paper addresses primarily.,,
,N/A,N/A,N/A,N/A,
,"As the central theme of the paper does not include Climate or Ecological Sustainable Development, no secondary categories are identified within these themes.",,"As there are no secondary themes related to Climate or Ecological Sustainable Development in the paper, no sub-categories apply.",,
CADet: Fully Self-Supervised Anomaly Detection With Contrastive Learning,N/A,N/A,N/A,N/A,af92fc04a739ed465a295a3950c328cd
"This paper introduces a method named CADet for anomaly detection using self-supervised contrastive learning. The technique is designed to handle out-of-distribution samples, including unseen classes and adversarial perturbations, without requiring access to out-of-distribution examples during training. CADet leverages image augmentations and contrastive learning to detect anomalies effectively, outperforming existing methods in adversarial detection tasks and performing competitively on class-based OOD detection benchmarks.",The paper is primarily focused on a machine learning approach for anomaly detection rather than addressing climate or ecological sustainable development directly.,,The paper's contributions in machine learning and anomaly detection do not align with the predefined sub-categories related to climate or ecological sustainable development.,,
Can neurogenesis act as a neural regularizer?,N/A,N/A,N/A,N/A,899439c3c0096de57c00bf7500973844
"The paper investigates whether neurogenesis can act as a regularizer in neural networks, enhancing generalization by using a computational approach in a CNN model trained on the CIFAR-10 dataset. It compares the effects of neurogenesis with other regularization techniques like dropout and weight decay.",The paper's focus on neurogenesis and learning models does not align with climate or ecological sustainable development themes.,,"Since the primary category is N/A, there is no applicable sub-category related to climate or ecological sustainable development.",,
Capacity Variation in the Many-to-one Stable Matching,N/A,N/A,N/A,N/A,cab4f88b205e78fbee9dd080cb528490
"The paper investigates the computational complexity of optimally varying hospital capacities in many-to-one stable matching markets. It focuses on how capacity changes impact residents' allocations, both for capacity expansion and reduction. The study proves the NP-completeness of finding optimal capacity variations and explores theoretical foundations through algorithmic and polyhedral approaches.",The central theme of the paper is computational complexity in matching markets without direct focus on climate or ecological sustainability.,,"As the paper is not related to climate or ecological sustainability, it does not align with any sub-category in these areas.",,
,N/A,N/A,N/A,N/A,
,The paper does not mention any secondary themes related to climate or ecological sustainability.,,There is no alignment with any ecological or climate-related sub-categories.,,
Clinically Plausible Pathology-Anatomy Disentanglement in Patient Brain MRI with Structured Variational Priors,N/A,N/A,N/A,N/A,a89a1afffdbf7e0833c3347ed8670c82
This paper presents a hierarchically structured variational inference model for brain MRIs that aims to disentangle evidence of disease from subject-specific anatomy. This approach addresses the dependencies between anatomical and pathological features and enhances the clinical plausibility of the representations generated by improving disentanglement of these features.,The paper does not directly relate to any Climate or Ecological Sustainable Development categories as its main focus is on medical imaging and pathology-anatomy disentanglement in brain MRIs.,,"As the primary category is N/A, there is no applicable sub-category related to Climate or Ecological Sustainable Development in this paper.",,
Combining Modular Skills in Multitask Learning,N/A,N/A,N/A,N/A,858c763a39317bb8a56ebfa907112ac9
"This paper explores a modular design approach for neural networks, where a subset of latent discrete skills from a predetermined inventory is allocated to each task. This design aims to systematically improve generalization to new tasks by recombining autonomous facets of knowledge, resulting in sample efficiency in reinforcement learning and few-shot generalization in supervised learning.",There is no direct or implied mention of climate or ecological sustainable development within the main themes of this paper.,,The sub-categories outlined within the climate and ecological sustainable development framework do not apply to the technical focus and scope of this paper.,,
,N/A,N/A,N/A,N/A,
,"The paper lacks any secondary emphasis on climate or ecological sustainability aspects, focusing instead on neural network design and multitask learning.",,The technical innovations discussed in the paper are not related to any of the predefined sub-categories focused on sustainable development.,,
Conditional Flow Matching: Simulation-Free Dynamic Optimal Transport,N/A,N/A,N/A,N/A,03b606c98bec6cddb9a32368a8956091
"The paper introduces a generalized formulation called conditional flow matching (CFM) for training continuous normalizing flows (CNFs) without simulation. It proposes a special case using optimal transport to enhance training stability and efficiency, with applications in generative modeling tasks like single-cell dynamics, image generation, and unsupervised image translation.","The paper addresses advances in generative models and optimal transport, which do not directly relate to Climate or Ecological Sustainable Development as a primary theme.",,The sub-category is not applicable as the paper does not directly address any ecological or climate-related issues.,,
,,,,,
,,,,,
,,,,,
,,,,,
,,,,,
,,,,,
Continual Learning in Deep Networks: an Analysis of the Last Layer,N/A,N/A,N/A,N/A,b156b60185630481ff59247386706677
"The paper investigates how different output layer parameterizations of a deep neural network affect learning and forgetting in continual learning settings such as incremental and lifelong learning. It proposes solutions to combat catastrophic forgetting and highlights the impact of output layer reparameterization, such as WeightNorm and CosLayer_Masked, on learning efficiency.","The paper does not focus on Climate or Ecological Sustainable Development. It is centered around technical improvements in machine learning models, specifically in continual learning contexts.",,No specific sub-category related to Climate or Ecological Sustainable Development is addressed.,,
,N/A,N/A,N/A,N/A,
,The paper remains focused on AI and deep learning techniques without addressing sustainability contexts.,,"The paper stays within the realm of AI, without branching into specific sustainable development sub-categories.",,
Contrasting Intra-Modal and Ranking Cross-Modal Hard Negatives to Enhance Visio-Linguistic Fine-grained Understanding,N/A,N/A,N/A,N/A,dc7fee36b3f97b94c12fef07111ec19f
This paper presents a method to improve compositional reasoning in Vision-Language Models (VLMs) by refining and expanding the image-text contrastive learning framework. The approach involves using intra-modal contrast and cross-modal rank objectives to differentiate and align image-text pairs more effectively.,"The paper does not primarily focus on climate or ecologically-related sustainable development topics. Its contributions are towards improving technical aspects of machine learning models which might aid various applications, but not directly in the context of sustainability.",,The paper does not align with any specific sub-category related to climate or ecologically-related sustainable development.,,
,N/A,N/A,N/A,N/A,
,The technological advancements discussed in the paper do not address climate or ecological sustainable development themes as secondary considerations.,,The paper's technological focus does not intersect with any defined sub-categories of climate or ecological sustainability.,,
Counterfactual Image Synthesis for Discovery of Personalized Predictive Image Markers,N/A,N/A,N/A,N/A,d811e757db5a2ee3e9a0fa5df09e5c55
"The paper discusses a novel approach to discovering patient-specific imaging markers predictive of future disease outcomes through counterfactual image synthesis using deep generative models. The proposed model perturbs local imaging features in baseline MRIs to predict changes in future disease conditions and identify potential biomarkers, especially in multiple sclerosis. This technique enhances personalized medicine by providing individualized patient markers rather than relying on population-level data.",The central theme of the paper revolves around personalized medical diagnostics and predictive health markers through deep learning models. It does not directly relate to any defined climate or ecologically-related sustainable development categories.,,The sub-category classification aligns with the primary category as there is no direct climate or ecologically-related sub-category applicable to the paper's focus on medical imaging and biomarkers.,,
,N/A,N/A,N/A,N/A,
,"No secondary climate or ecologically-related sustainable development themes are addressed, as the focus remains strictly within the boundary of medical imaging and healthcare applications.",,Secondary sub-categories are unnecessary since the paper's content does not touch upon climate or ecologically-related aspects.,,
CrossSplit: Mitigating Label Noise Memorization through Data Splitting,N/A,N/A,N/A,N/A,28330abf7c06499a7a3f2fe1e3793482
"This paper introduces CrossSplit, a novel method for robust training of deep learning models in the presence of noisy labels. CrossSplit uses a pair of neural networks trained on disjoint parts of a labeled dataset, implementing cross-split label correction through peer predictions and cross-split semi-supervised learning. The method seeks to prevent memorization of noisy labels, outperforming existing approaches across several datasets, including CIFAR-10, CIFAR-100, Tiny-ImageNet, and mini-WebVision, by leveraging data splitting, label correction, and class-balancing normalization.","The paper primarily addresses issues related to machine learning and data robustness, without direct implications or focus on climate change or ecological sustainable development. It does not fit any predefined climate or ecological categories.",,None of the sub-categories in climate or ecological sustainable development are addressed in the study. The focus is purely on developing a robust data training method unrelated to these topics.,,
,N/A,N/A,N/A,N/A,
,"The paper does not tangentially touch on any secondary climate or ecological sustainable development topics. Its focus is entirely on computational techniques for label noise in datasets, unrelated to sustainability.",,The study is purely technical regarding computer science innovation and does not relate to any sub-categories of sustainable development.,,
Direct Behavior Specification via Constrained Reinforcement Learning,N/A,N/A,N/A,N/A,d2688c54cdef43ef3a4ad85269d7a26a
"The paper discusses using constrained Markov Decision Processes (CMDPs) in reinforcement learning to specify desired and forbidden behaviors through constraints rather than traditional reward engineering. This method promises a more intuitive and efficient approach for behavior specification in RL applications, specifically NPC design in video games.","There is no direct focus on climate change, ecological sustainability, or related topics in the paper. Instead, it centers around reinforcement learning behavior specification.",,The paper does not fall into any of the predefined sub-categories related to sustainable development given its focus on reinforcement learning methodologies.,,
,N/A,N/A,N/A,N/A,
,The paper does not touch upon any secondary themes related to climate or ecological sustainability.,,"Given the focus of the paper, it does not address any secondary sustainable development sub-categories.",,
Discrete Factorial Representations as an Abstraction for Goal Conditioned Reinforcement Learning,N/A,N/A,N/A,N/A,cec37a7c96e51defb5aae98d25e2ee0a
"The paper discusses a novel approach in reinforcement learning, specifically in goal-conditioned reinforcement learning (RL). It proposes to enhance generalization and goal grounding by leveraging discrete factorial representations, a process named DGRL. The method involves learning goal representations with self-supervised learning, followed by vector quantization to enforce a discrete bottleneck, thus improving goal specification and representation. The approach aims to improve RL agent performance in various tasks, from navigation to robotic manipulation, particularly focusing on generalization to goals not seen during training.","The paper does not explicitly link its findings or methods to applications or themes related to Climate or Ecologically-Related Sustainable Development. It primarily focuses on theoretical and technical advancements in reinforcement learning, which are not directed towards sustainability objectives.",,"Similar to the category determination, the paper does not address specific sub-categories under Climate or Ecologically-Related Sustainable Development. Its focus remains within the realm of reinforcement learning techniques without application to ecological or climate-related fields.",,
Dissecting adaptive methods in GANs,N/A,N/A,N/A,N/A,a7bd4659f5569a1fce9527295f6241b2
"The paper investigates the role of adaptive methods, specifically Adam, in the training of GANs by introducing a new method, Ada-nSGDA, which uses the adaptive magnitude of Adam and the direction of SGDA. The study compares the performance of Ada-nSGDA and nSGDA with SGDA, demonstrating that adaptive methods lead to better training and avoidance of mode collapse in GANs.",The paper is centered around the optimization techniques in training GANs rather than any specific sustainable development application.,,The content of the paper does not focus on any sub-category related to sustainable development but rather on the mechanics of machine learning techniques for GAN training.,,
,N/A,N/A,N/A,N/A,
,The paper does not go into any direct application or context related to Climate or Ecological Sustainable Development.,,The paper's scope is strictly within the domain of GAN optimization and method formulation without a link to sustainable development sub-categories.,,
DyG2Vec: Representation Learning for Dynamic Graphs with Self-Supervision,N/A,N/A,N/A,N/A,e36cf0d9785a5470533f6a7096e3e164
"The paper introduces DyG2Vec, a model for dynamic graphs that enhances representation learning using self-supervised learning (SSL). It aims to forecast future interactions by extracting temporal patterns from dynamic graphs without relying on extensive labeled data. The method uses non-contrastive SSL pre-training to learn robust node embeddings and proposes a window-based mechanism to regularize training and improve computational efficiency. DyG2Vec significantly outperforms state-of-the-art baselines on benchmark datasets for link prediction and node classification tasks.","The paper mainly discusses self-supervised learning and representation learning techniques for dynamic graphs, which does not align with any direct climate or ecologically-related sustainable development category.",,The paper does not focus on a sub-category related to climate or ecological sustainable development. Its focus is on computational techniques for dynamic graphs.,,
,N/A,N/A,N/A,N/A,
,No elements in the paper point to a secondary focus on climate or ecologically-related sustainable development.,,No relevant secondary sub-category is identified as the paper does not touch upon climate or ecological sustainability topics.,,
DynGFN: Bayesian Dynamic Causal Discovery using Generative Flow Networks,N/A,N/A,N/A,N/A,82fa86b5c133125be2e03eed113986cd
"The paper develops DynGFN, a novel approach for Bayesian structure learning in gene regulatory networks (GRNs) by leveraging GFlowNets to model the uncertainty over discrete structures, specifically cyclic graphs. It addresses challenges in GRN inference where regulatory networks are cyclic and observations have measurement noise. The method uses RNA velocity data to capture the dynamical system, focusing on sparse dependencies, and outperforms state-of-the-art Bayesian structure learning approaches in capturing cyclic structures in both synthetic and real biological data.","The central theme of the paper is the computational and biological challenge of inferring gene regulatory networks, which does not directly relate to climate or ecological sustainable development.",,"Given the primary focus is not on climate or ecological sustainable development, no sub-category within these themes is applicable.",,
,N/A,N/A,N/A,N/A,
,The paper's content does not address secondary themes related to climate or ecological sustainable development either.,,The paper does not delve into sub-categories related to climate or ecological sustainable development.,,
Dynamics of SGD with Stochastic Polyak Stepsizes: Truly Adaptive Variants and Convergence to Exact Solution,N/A,N/A,N/A,N/A,719fc43e1cfdbd235f6ccc5c457220aa
"The paper explores the dynamics and convergence properties of stochastic gradient descent (SGD) with stochastic Polyak stepsizes (SPS) and introduces new variants to address issues faced in non-over-parameterized regimes. The study investigates these variants for solving general convex optimization problems, and introduces DecSPS as a novel modification that ensures exact convergence. The paper provides theoretical solutions to the challenges and supports these findings with experimental results.","The paper does not address any climate or ecological sustainable development topics as its central theme, focusing instead on mathematical optimization in machine learning.",,"Given that the paper does not align with any sustainable development categories, no sub-category applies.",,
,N/A,N/A,N/A,N/A,
,"Since the paper's theme is not connected to sustainable development, no secondary categories apply either.",,The paper's mathematical and optimization focus means no applicable secondary sub-categories for sustainable development.,,
E VALUATING G ENERALIZATION IN GF LOW N ETS FOR M OLECULE D ESIGN,N/A,N/A,N/A,N/A,84968b3f51820d7c76d59529962851fe
"The paper focuses on developing methods to evaluate the generalization of GFlowNets for molecule design, particularly in the context of drug discovery. It introduces a metric called GFNEval to predict generalization and improve the process of generating diverse high-scoring molecular candidates.","The paper does not directly address any of the specified Climate or Ecological Sustainable Development categories or sub-categories, as its focus is on drug discovery and molecule design.",,"No sub-category related to Climate or Ecological Sustainable Development is relevant to the main discussion of the paper, which is centered around drug discovery.",,
,N/A,N/A,N/A,N/A,
,"The paper does not address any secondary Climate or Ecological Sustainable Development themes, as its primary focus remains on drug discovery and optimization of generative models.",,"Since the paper does not delve into Climate or Ecological Sustainable Development aspects, there are no relevant secondary sub-categories.",,
Early Detection of Sexual Predators with Federated Learning,N/A,N/A,N/A,N/A,ad6b9c349474f9de954bb365d16dbb21
This paper presents a privacy-preserving federated learning framework aimed at the early detection of sexual predators in online conversations. The framework operates across different devices and leverages differential privacy to enhance user data protection while training language models to identify grooming activities in chats. Empirical results demonstrate its effectiveness using the PANC dataset. The paper also considers the ethical implications and limitations of such approaches in real-world applications.,"The content of the paper primarily addresses privacy concerns in digital communication and safety from online predators, which do not fall under any listed categories related to climate or ecological sustainable development.",,"Since the paper is not related to climate or ecological sustainable development, it does not fall under any specified sub-categories.",,
,N/A,N/A,N/A,N/A,
,There are no secondary themes in the paper that align with climate or ecological sustainable development. The focus remains on privacy and safety in digital platforms.,,The sub-categories are not applicable since the paper's content is outside the scope of climate or ecological sustainable development categories.,,
"Erratum to: Rapid simultaneous acquisition of macromolecular tissue volume, susceptibility, and relaxometry maps (Magn Reson Med. 2022, 87:781‐790.)",N/A,N/A,N/A,N/A,8f59f9ba2d83441f3dd507dbbe34ae19
"This paper serves as an erratum to a previously published research paper that dealt with techniques for imaging macromolecular tissue volume, susceptibility, and relaxometry maps using MRI. The erratum mainly corrects inaccuracies regarding the number of subjects involved in the study.",The paper is an erratum addressing corrections to the number of subjects in a study related to MRI techniques. It does not focus on eco-responsible AI topics.,,There is no discussion related to eco-responsible AI sub-categories in the given erratum paper.,,
,N/A,N/A,N/A,N/A,
,"The content of the erratum is not related to eco-responsible AI, focusing purely on correcting subject number details in a medical imaging study.",,"The paper's content is not relevant to any eco-responsible AI sub-categories, focusing on correcting a specific error in a medical study.",,
Evaluating Multimodal Interactive Agents,N/A,N/A,N/A,N/A,a376a8b2a363ed18515b74a3eb558cd9
"The paper discusses the challenges in evaluating multimodal interactive agents that can naturally interact with humans. It introduces a novel evaluation method called the Standardised Test Suite (STS), which aims to be a faster, more controlled, and interpretable alternative to human-agent interactive evaluation. The STS uses behavioral scenarios derived from human interaction data to rate agent performance.",The primary focus is on AI agent evaluation and does not directly relate to Climate or Ecological Sustainable Development.,,The paper's focus on AI agent evaluation does not correspond to any of the predefined sub-categories related to sustainable development.,,
,N/A,N/A,N/A,N/A,
,"There are no secondary themes in the paper related to Climate or Ecological Sustainable Development, as it predominantly focuses on AI methodologies.",,There are no references to sub-categories related to Climate or Ecological Sustainable Development.,,
Fast burst fraction transients convey information independent of the firing rate,N/A,N/A,N/A,N/A,ab8c2640dbfec22253b3b316a43fa828
"This paper investigates the theoretical role of high-frequency bursting in cognitive functions, specifically attention and learning. Using a novel neural demultiplexing approach, the study observes the ternary neural coding in vivo as animals learn to report direct electrical stimulation of the somatosensory cortex. The findings indicate that separate neuronal codes correlate with different cognitive functions: event rate represents stimulus and modifies detection errors, while burst fraction relates to stimulation and rapidly responds to errors. The results signify a crucial understanding of the internal signals of learning and attention.",The paper focuses on neural coding and cognitive function studies and doesn't align with the listed sustainable development categories like Climate Change Mitigation or Adaptation.,,The neural coding and learning focus of the study is not related to sustainable development sub-categories such as Renewable Energy and Grid Optimization or Agriculture.,,
,N/A,,N/A,,
,The study's focus on neural representation and cognitive function does not relate to the available sustainable development categories or sub-categories.,,There are no secondary themes within the paper that align with any of the provided sub-categories for sustainable development.,,
Feature Likelihood Score: Evaluating Generalization of Generative Models Using Samples,N/A,N/A,N/A,N/A,a4cad3e57ec38ef62e88fd33e8b4a5ee
"The paper proposes a new evaluation metric called Feature Likelihood Divergence (FLD) for assessing the generalization of generative models. FLD addresses limitations of current metrics by providing a trichotomic evaluation that considers novelty, fidelity, and diversity of generated samples. It is designed to identify overfitting problem cases and offers a more comprehensive evaluation than prior metrics like Fréchet Inception Distance (FID). The paper demonstrates FLD's capabilities using various image datasets and model classes.",The primary focus of the paper is on developing a new evaluation metric for generative models rather than addressing any climate or ecological sustainable development issue.,,There is no sub-category or application area related to climate or ecological sustainable development.,,
,N/A,N/A,N/A,N/A,
,"Since climate or ecological sustainable development is not a theme of the paper, secondary categories do not apply.",,There are no applicable sub-categories since the paper is not related to sustainable development.,,
Few-shot Question Generation for Personalized Feedback in Intelligent Tutoring Systems,N/A,N/A,N/A,N/A,ee86a7cf2cbaf2de18ec6ad8d9de35cc
This paper explores the use of automatically generated questions as personalized feedback in Intelligent Tutoring Systems (ITS). It employs text similarity-based NLP Transformer models to identify correct and incorrect parts in student answers and uses few-shot Neural Question Generation models to guide students towards correct answers by addressing missing components in their responses. The model significantly enhances student learning outcomes in dialogue-based ITS.,The paper is primarily focused on education and intelligent tutoring systems rather than climate or ecological sustainability.,,There is no applicable sub-category related to climate or ecological sustainability in the focus of this paper.,,
,N/A,N/A,N/A,N/A,
,The paper does not address any secondary themes related to climate or ecological sustainability.,,The paper does not cover secondary sub-categories related to climate or ecological sustainability.,,
Flaky Performances when Pretraining on Relational Databases,N/A,N/A,N/A,N/A,e4177aba1c9d4e1df51530479126dd9a
"The paper investigates the use of self-supervised learning (SSL) with graph neural networks (GNNs) on relational databases (RDBs). It highlights the challenges of using contrastive SSL techniques which can lead to negative transfer, where pretrained models underperform compared to randomly-initialized ones. The authors propose a method called InfoNode to address this issue by maximizing the mutual information between a node's initial and final representation, which showed promising empirical results.",The paper is not directly related to any climate or ecologically-related sustainable development category. It is primarily focused on improving machine learning methodologies for relational databases.,,There is no specific sub-category under the climate or ecologically-related sustainable development where this paper's content fits.,,
,N/A,N/A,N/A,N/A,
,"Since the primary focus of the paper is not related to climate or ecologically-related sustainable development, there are no secondary categories applicable.",,"As the primary focus of the paper is not related to climate or ecologically-related sustainable development, no secondary sub-categories apply.",,
From Points to Functions: Infinite-dimensional Representations in Diffusion Models,N/A,N/A,N/A,N/A,ad1b7404791c569fb45958524e42ade5
"The paper proposes a novel methodology in diffusion-based generative models using trajectory-based representations. These models transform noise into complex distributions iteratively via a stochastic differential equation. The study investigates how using representations from multiple points along the diffusion trajectory enhances performance in downstream tasks, such as classification, compared to single-point representations.",The paper does not focus on any specific Climate or Ecological Sustainable Development category or application. Its primary concern is representation learning in machine learning.,,The paper is not related to any listed sub-categories of Climate or Ecological Sustainable Development. It focuses on machine learning techniques.,,
,N/A,N/A,N/A,N/A,
,The paper does not address any secondary Climate or Ecological Sustainable Development themes.,,No Climate or Ecological Sustainable Development sub-categories are addressed as secondary themes.,,
GEODESIC SINKHORN FOR FAST AND ACCURATE OPTIMAL TRANSPORT ON MANIFOLDS,N/A,N/A,N/A,N/A,c0a55d75abd4074d0c68dbfba3931bd6
"The paper introduces Geodesic Sinkhorn, an efficient method for computing optimal transport distances on manifold structures using heat-geodesic distances. It showcases improvements over traditional Sinkhorn-based methods, particularly in handling high-dimensional single-cell data, enabling faster computations with less memory. Applications include calculating barycentric distances on patient-derived cancer organoid data to assess treatment effects.","The paper does not explicitly address climate change, ecological sustainability, or any related categories within sustainable development. Its primary contribution is in the computational domain, specifically improving optimal transport calculations in data science.",,The sub-category is not applicable as the paper does not focus on any aspects of climate or ecological sustainable development.,,
GOKU-UI: Ubiquitous Inference through Attention and Multiple Shooting for Continuous-time Generative Models,N/A,N/A,N/A,N/A,9cf7b51c359bfdc020ed2c2ffb677b1c
"This paper introduces enhancements to the Latent Differential Equation (Latent DE) models, specifically through the integration of attention mechanisms and multiple shooting strategies to their architecture. These improvements are showcased in the GOKU-UI model, an evolution of GOKU-nets, applied successfully to both synthetic data and human brain fMRI data, yielding better reconstruction and forecasting performance while using less training data. The work is situated within Scientific Machine Learning, demonstrating significant gains in data efficiency, accuracy in capturing complex dynamics, and potential applications in brain functionality research.","The paper does not directly focus on any particular Climate or Ecological Sustainable Development category, but rather on improving deep learning models for scientific applications.",,The paper’s scope does not fit into existing sub-categories of Climate or Ecological Sustainable Development but is closely tied to advancements in machine learning for scientific applications.,,
,N/A,N/A,N/A,N/A,
,There is no mention of secondary Climate or Ecological Sustainable Development areas _  the focus remains on computational modeling advancements.,,No secondary sub-categories are relevant as the paper does not encompass climate or ecological impacts.,,
GRAND for Rayleigh Fading Channels,N/A,N/A,N/A,N/A,9e41873cd6bc98766c4841704ecb39db
"The paper explores the application of Guessing Random Additive Noise Decoding (GRAND) to Rayleigh fading channels, introducing a variant called Fading-GRAND. This approach adapts Test Error Patterns (TEP) generation to handle multipath frequency non-selective Rayleigh fading, improving the performance of channel code decoders.","The primary focus of the paper lies in advancements within the field of communication technology, with no direct implications or discussions on climate or ecological sustainable development.",,"The content does not fit into any specific sub-category of Climate or Ecological Sustainable Development as outlined in the guidelines, as it focuses solely on communication channel decoding methods.",,
,N/A,N/A,N/A,N/A,
,No secondary Climate or Ecological Sustainable Development themes are addressed as the focus remains technical within wireless communication decoding.,,"Similarly to the primary sub-category evaluation, no content aligns with the specified sub-categories aimed at Climate or Ecological Sustainable Development.",,
Global fMRI signal topography differs systematically across the lifespan,N/A,N/A,N/A,N/A,8333f0cd5f984220c0667a9ea20bc5fb
The paper examines global signal regression in fMRI data and its impact on functional connectivity across different age groups. It highlights how global signal topography varies with age and discusses the implications for neuroscience research.,The main theme of the paper relates to neuroscience and does not align with any specific Climate or Ecological Sustainable Development category.,,The paper does not fit into any specific sub-category related to Climate or Ecological Sustainable Development as it primarily focuses on neuroscientific aspects of brain imaging.,,
,N/A,N/A,N/A,N/A,
,The research discussed does not secondarily pertain to Climate or Ecological Sustainable Development themes.,,The paper's subject matter does not cover sub-categories that fall under Climate or Ecological Sustainable Development themes.,,
Gotta Go Fast When Generating Data with Score-Based Models,N/A,N/A,N/A,N/A,ceb6e0a079a7a576217be2766e8f8d08
"This paper aims to accelerate data generation in score-based generative models by developing a more efficient Stochastic Differential Equation (SDE) solver that improves speed without sacrificing sample quality. The proposed method uses adaptive step sizes, reducing the number of score function evaluations, and leading to high-quality samples faster than standard methods. The approach showcases improvements across various image resolution tests.","The paper does not address any specific climate or ecologically-related sustainable development theme, as it focuses primarily on the efficiency of generative modeling techniques.",,"Subcategories related to climate or ecological development are not applicable to this study, which centers on computational efficiency rather than environmental impact.",,
,N/A,N/A,N/A,N/A,
,There are no indications that this paper addresses any secondary climate or ecologically-related sustainable development themes.,,No secondary subcategories related to climate or ecological topics are relevant to this paper.,,
GraphCG: Unsupervised Discovery of Steerable Factors in Graphs,N/A,N/A,N/A,N/A,b90c8bb787a1cdcb21abdc9ec9e5357e
"The paper presents GraphCG, a method for unsupervised discovery of steerable factors in deep graph generative models. The method examines the latent spaces of these models to find distinct and informative directions (factors) that allow for the control of graph modifications, such as molecular and point cloud data. The approach maximizes mutual information within the latent space to unveil semantic-rich directions for editing graph representations model-agnostically. It finds applications in areas like controllable molecule editing essential for drug design.","The main focus of the paper is on deep graph generative models and graph data manipulation using machine learning techniques, targeting areas such as drug design, but not explicitly addressing Climate or Ecological Sustainable Development.",,The sub-categories listed for Climate or Ecological Sustainable Development do not match the core focus of this paper which is on deep graph generative models and semantic discovery in graphs.,,
,N/A,N/A,N/A,N/A,
,The paper does not have any significant secondary themes that relate directly to Climate or Ecological Sustainable Development.,,Sub-categories pertinent to Climate or Ecological Sustainable Development are not relevant to the model discovery and modification techniques of this paper.,,
Guiding Language Model Math Reasoning with Planning Tokens,N/A,N/A,N/A,N/A,b0894d4dda08669cbec7f8e5907fa55c
"The paper introduces a method for improving the reasoning capabilities of large language models (LLMs) by using planning tokens to guide chain-of-thought (CoT) reasoning. This approach involves adding special tokens at the start of each reasoning step, which help maintain coherence across the reasoning process. The technique is applied through full fine-tuning or parameter-efficient schemes to enhance LLMs' performance on complex math word problems.",The paper does not discuss topics related to Climate or Ecological Sustainable Development.,,No sub-category related to Ecological or Climate Sustainable Development is addressed in the paper.,,
Heatmap Regression for Lesion Detection using Pointwise Annotations,N/A,N/A,N/A,N/A,b0dacacaa0bc2afbfa5e1dcc405266c9
"This paper presents a method for lesion detection using point annotations and heatmap regression, particularly for diseases like Multiple Sclerosis. It proposes a probabilistic model that reduces the need for expensive segmentation labels and demonstrates its effectiveness through experiments, showing comparable performance to traditional methods while requiring fewer resources.",The paper does not address any Climate or Ecological Sustainable Development categories. It is focused on medical imaging and lesion detection for clinical purposes.,,"The paper does not align with any specific sub-category related to Climate or Ecological Sustainable Development, being specifically about medical imaging applications.",,
,N/A,N/A,N/A,N/A,
,"Since the paper is focused on medical imaging, there are no secondary Climate or Ecological Sustainable Development themes.",,"The content is exclusively about lesion detection in the medical field, unrelated to sustainability sub-categories.",,
Identifiability of Discretized Latent Coordinate Systems via Density Landmarks Detection,N/A,N/A,N/A,N/A,aac495bd745265ebae0ddcbdec3b1abc
"The paper explores a novel approach to identifiability in representation learning. It discusses a method for uncovering discretized latent coordinates under smooth nonlinear mappings, without assuming statistical independence of latent factors. The focus lies in identifying axis-aligned discontinuities in the joint probability density, which form natural landmarks for coordinate system recovery, termed quantized coordinate identifiability.",The content of the paper does not align with any specific Climate or Ecological Sustainable Development theme or category.,,"The paper is technical and theoretical in nature, focusing on identifiability in machine learning rather than any specific sub-domain of sustainable development.",,
,N/A,N/A,N/A,N/A,
,"Given the lack of direct applicability or relevance to Climate or Ecological Sustainable Development, the paper does not cover any secondary categories within this domain.",,"Since the paper does not address specific issues within Climate or Ecological Sustainable Development, no secondary sub-categories are relevant.",,
Imitation from Observation With Bootstrapped Contrastive Learning,N/A,N/A,N/A,N/A,97af4a3674476341d83b5a5aeba1fa7f
"This paper presents BootIfOL, a novel imitation from observation (IfO) algorithm. The algorithm uses bootstrapped contrastive learning to train autonomous agents by observing visual demonstrations from experts. The goal is to learn a reward function that compares agent and expert trajectories in order to train a control policy. This method operates in a realistic setting where only visual observation is available, without access to expert actions, and has been evaluated on various control tasks, showing significant improvement over previous methods.",it is primarily about a learning algorithm for autonomous agents using imitation from observation.,,The paper centers around deep learning techniques for imitation learning and does not relate directly to climate or ecological sustainable development topics.,,
Implicit Offline Reinforcement Learning via Supervised Learning,N/A,N/A,N/A,N/A,8c57a5dbd48d4d0c17b4ff09ff9e171d
"This paper presents a new method, Implicit Reinforcement Learning via Supervised Learning (IRvS), which leverages implicit models to learn robotic skills from offline datasets of varying levels of expertise. The approach contrasts with traditional explicit models by using a single unified framework without needing to discretize variables or specify target returns explicitly. The method demonstrates superior performance in high-dimensional tasks such as ADROIT manipulation and FrankaKitchen tasks when compared to both explicit and other state-of-the-art methods.",There are no direct implications or applications discussed in the paper related to climate change or ecological sustainable development. The primary focus is on reinforcement learning methodologies and artificial intelligence frameworks.,,The sub-categories related to climate change or ecological impact do not apply as the paper primarily addresses machine learning techniques without explicit sustainable development concerns.,,
Inductive Biases for Relational Tasks,N/A,N/A,N/A,N/A,aa4b1928e7c09ec06e6d552e1b41928f
The paper explores inductive biases in neural network architectures that improve out-of-distribution performance for relational tasks by separating sensory information from abstract relational representations.,"The paper focuses on neural network architectures and relational reasoning, which do not relate directly to climate or ecological sustainable development.",,"No sub-category fits the subject matter, which is about improving neural network performance on relational tasks.",,
,N/A,N/A,N/A,N/A,
,There is no relevant secondary category related to the content of this paper.,,The paper does not align with any secondary sub-categories in climate or ecological sustainable development.,,
Inferring multiple consensus trees and supertrees using clustering: a review,N/A,N/A,N/A,N/A,a2e117cfe4eae7077699df38299355ce
"The paper reviews methods for inferring multiple consensus trees and supertrees using clustering techniques in phylogenetic analysis. It discusses advances in clustering methods like k-means and k-medoids and their applications in evolutionary biology, particularly for analyzing phylogenetic data and horizontal gene transfers.","The content is focused on computational biology and evolutionary trees, not directly addressing topics within the climate or ecological sustainable development categories.",,The sub-category related to natural systems or climate data does not apply here as the paper is focused on phylogenetic tree construction and clustering methods.,,
Information Gain Sampling for Active Learning in Medical Image Classification,N/A,N/A,N/A,N/A,a52a9f4752258e1963fbe2bc4a2db575
"The paper presents an active learning framework using information-theoretic methods to optimize the selection of medical images for labeling. It introduces an Adapted Expected Information Gain (AEIG) method to improve the efficiency of medical image classification, particularly dealing with class imbalance in datasets for diabetic retinopathy and skin lesions. The framework shows improved labeling efficiency by achieving high performance with significantly fewer labeled samples compared to traditional methods.","The paper's content focuses strictly on improving active learning methods for medical image classification, which is outside the direct scope of Climate or Ecological Sustainable Development categories.",,"As the primary category is 'N/A', a specific sub-category related to Climate or Ecological Sustainable Development is also not applicable.",,
,N/A,N/A,N/A,N/A,
,There are no secondary Climate or Ecological Sustainable Development themes identified in the paper.,,There are no secondary sub-categories related to Climate or Ecological Sustainable Development given the paper's focus on medical image classification methods.,,
Intra-host viral populations of SARS-CoV-2 in immunosuppressed patients with hematologic cancers,N/A,N/A,N/A,N/A,c23e7ba0408eddf54d4484b2bdda761d
"This paper analyzes the intra-host viral populations of SARS-CoV-2 in immunosuppressed patients with hematologic cancers. It investigates the mutations that occur in the spike protein's receptor binding domain (RBD), which is associated with immune escape. The study provides evidence for viral reservoirs and multiple viral populations, suggesting these mutations contribute to immune escape and the evolution towards variants of concern (VOCs) during protracted infections.","The paper does not align with climate or ecological sustainable development categories as its focus is on SARS-CoV-2 viral populations and mutations in immunosuppressed patients, which falls outside the scope of ecological or climate concerns.",,"The study does not correspond to any sub-category within climate or ecological sustainable development, as it strictly investigates viral behaviors and mutations in clinical cases.",,
,N/A,N/A,N/A,N/A,
,The research does not cover secondary themes relevant to climate or ecological sustainability _  it is a virology study focused entirely on viral mutations and host interactions.,,No secondary sub-categories are relevant as the paper does not deal with sustainable development themes but rather with viral mutation and immunology.,,
Invasion of Ukraine Discourse on TikTok Dataset,N/A,N/A,N/A,N/A,d387bb49da69e876f0ad522c987a27c0
"The paper presents a dataset of TikTok video descriptions, comments, and user statistics centered around the invasion of Ukraine in 2022. The dataset aims to explore the role of TikTok in shaping social and political dynamics concerning the invasion. The study also analyses language and interaction dynamics and assesses bot detection on TikTok. Furthermore, the dataset is open-sourced to enable further research into these dynamics.",The paper does not address any climate or ecologically-related sustainable development issues. It is centered on social media analysis concerning the Ukraine invasion.,,No sub-category related to climate or ecological sustainability can be identified in the paper.,,
,N/A,N/A,N/A,N/A,
,There are no secondary themes related to climate or ecological sustainability mentioned in the paper.,,There are no secondary sub-categories applicable as the paper does not engage with climate or ecological themes.,,
Knowledge Distillation for Federated Learning: a Practical Guide,N/A,N/A,N/A,N/A,ce22de83db92a803113a9b00f7a097b7
"The paper reviews knowledge distillation (KD) methods applied to federated learning (FL), offering a comprehensive guide on solving specific challenges in FL using KD, such as model and data heterogeneity. It surveys existing KD-based FL strategies to address the limitations of parameter-averaging FL schemes, focusing on enabling model heterogeneity and mitigating client drift through various KD techniques.","There is no central focus on any climate or ecologically-related sustainable development category. The paper is technical and focuses on data privacy, model distillation, and federated learning.",,"The paper does not align with any sub-category focused on sustainable development, as its primary focus is on federated learning and knowledge distillation techniques.",,
,N/A,N/A,N/A,N/A,
,The paper does not address any other climate or ecologically-related sustainable development themes.,,"Similar to primary sub-category classification, there are no references or discussions related to sustainable development sub-categories.",,
Lag-Llama: Towards Foundation Models for Time Series Forecasting,N/A,N/A,N/A,N/A,98b96b7f105e08070395e0e2a8e42e3b
"The paper presents the development of Lag-Llama, a foundation model aimed at enhancing time-series forecasting through training on a large corpus of diverse time-series data, thereby pushing the boundaries of generalization and zero-shot prediction capabilities in out-of-distribution settings.",The paper does not emphasize climate or ecological sustainable development but rather focuses on improving general-purpose time-series forecasting models.,,The paper does not align with specific sub-categories relevant to climate or ecological sustainable development.,,
,N/A,N/A,N/A,N/A,
,The paper primarily addresses time-series forecasting without an explicit focus on secondary climate or ecological applications.,,No indication in the paper suggests relevance to any other sub-category under climate or ecological sustainable development.,,
Learning Latent Structural Causal Models,N/A,N/A,N/A,N/A,ed284dcea4e1092d75dfc157ed62e4ef
"The paper introduces BIOLS, a Bayesian inference method for learning latent Structural Causal Models (SCMs) from high-dimensional data. The method aims to recover causal variables, structure, and parameters of SCMs without the causal variables being directly observable. The approach shows scalability and effectiveness in various data setups, especially in high-dimensional scenarios.","The paper does not focus on Climate or Ecologically-Related Sustainable Development. Although causal inference can support various fields, the paper itself does not directly address or prioritize climate or ecological issues.",,No specific sub-category is applicable as the paper is not related to Sustainable Development themes directly.,,
,N/A,N/A,N/A,N/A,
,"Again, the paper does not focus on specific categories or sub-categories related to Climate or Ecologically-Related Sustainable Development. The emphasis is on methodological contributions to causal inference.",,There are no secondary themes related to Sustainable Development that are covered in the paper. The focus remains predominantly on technical aspects of causality in high-dimensional data.,,
Learning Robust Kernel Ensembles with Kernel Average Pooling,N/A,N/A,N/A,N/A,c3c2e934a1451a95370eccc51fc04b4c
"The paper introduces Kernel Average Pool (KAP), a method for improving neural network robustness against input perturbations. KAP achieves this by applying mean filtering along the kernel dimension of layer activations, allowing the formation of kernel ensembles that enhance model robustness to adversarial attacks. The method shows substantial improvements in robustness without using adversarial training, demonstrated through experiments on various datasets including CIFAR10, CIFAR100, TinyImagenet, and Imagenet.",The paper's primary focus is on improving neural network robustness rather than addressing any specific Climate or Ecologically-Related Sustainable Development goals.,,There is no specific sub-category within Climate or Ecologically-Related Sustainable Development that aligns with the paper's focus on adversarial robustness in neural networks.,,
Learning Shared Neural Manifolds from Multi-Subject FMRI Data,N/A,N/A,N/A,N/A,8b305416899be45f0aa98474bd36d56f
"The paper introduces a neural network model, MRMD-AE, for processing noisy, high-dimensional fMRI data across multiple subjects. The model uses manifold learning and autoencoders to create a low-dimensional shared neural representation that can decode individual subject responses. This facilitates tasks such as classification of stimuli and cross-subject translation of fMRI data.","The research focuses on computational neuroscience and data processing for fMRI, not directly covering any themes related to climate or ecological sustainable development.",,"The study is centered on statistical and computational techniques for neuroimaging data, without any mention of sustainable development subcategories.",,
,,N/A,,N/A,
,,,,,
Learning active tactile perception through belief-space control,N/A,N/A,N/A,N/A,a420a42e842a81a6430241d7f1092f6e
"This paper proposes a framework for robots to autonomously learn tactile exploration policies using belief-space control to estimate object physical properties such as mass and height. The method involves a generative world model and information-gathering model predictive controller, validated in simulation and real-robot experiments.",The paper does not directly address any specific area of Climate or Ecological Sustainable Development. It focuses on robotic technology development without a clear link to sustainable practices.,,There is no direct alignment with the listed sub-categories of Climate or Ecological Sustainable Development.,,
,N/A,N/A,N/A,N/A,
,The content does not cover any secondary climate or ecological sustainable development aspects.,,The paper does not engage with any sub-categories relevant to Climate or Ecological Sustainable Development.,,
Learning from uncertain concepts via test time interventions,N/A,N/A,N/A,N/A,edb00ae2e2c4f8443860c755e72274f4
"This paper proposes a novel uncertainty-based strategy, Single Interventional Uncertainty Learning (SIUL), for improving the robustness and interpretability of Concept Bottleneck Models (CBMs) during test time interventions. The methodology helps determine which concepts should be intervened upon to improve model predictions, with applications tested using several datasets including vision and histopathology datasets. The work emphasizes improving safety-critical applications using AI through enhanced understanding and interaction with neural networks.","however, this is not the central theme.",,"The paper does not address issues directly related to Climate Change, Natural Systems Protection, Pollution, or any listed sustainable development categories. Its technological focus on AI model robustness and interpretability is more applicable in fields like safety-critical applications rather than directly contributing to sustainability efforts.",,
,N/A,N/A,N/A,N/A,
,"The methodology discussed in the paper is a technical advancement in AI and doesn't directly align with specific Climate or Ecologically-Related Sustainable Development categories. Thus, no secondary sustainable development themes are applicable.",,"The paper is focused on proposing a novel strategy for AI model interpretation and robustness without explicit applications in climate or ecological areas, hence no applicable secondary subcategories.",,
Leveraging Structure Between Environments: Phylogenetic Regularization Incentivizes Disentangled Representations,N/A,N/A,N/A,N/A,85981234a0a887abfba381030be22085
"The paper develops methods for inferring latent variables from multiple related datasets and tasks, focusing on causal systems like biological processes in cells. It introduces Tree-Based Regularization (TBR) to model sparse changes in environments and improve predictions by minimizing prediction errors and regularizing related environments to learn similar predictors. The application used as an example in the paper is the task of predicting a phenotype from gene expression.",The paper does not focus on Climate or Ecological Sustainable Development themes.,,"The paper's focus is on biological systems and representation learning techniques, which do not align with the specified sub-categories related to Climate or Ecological Sustainable Development.",,
Local Learning with Neuron Groups,N/A,N/A,N/A,N/A,9373e0835e3a9cdd8a67c4816e6b1e44
The paper explores the concept of local learning in neural networks by proposing the splitting of layers into neuron groups that each have their own local learning objectives. This approach is intended to enhance parallelization and model-parallel distributed training.,The paper focuses on technical improvements in neural network training efficiency and does not directly address any specific climate or ecological sustainable development goals or methods.,,No specific sub-category applies as the paper does not directly deal with any aspects of climate or ecological sustainable development.,,
MaskEval: Weighted MLM-Based Evaluation for Text Summarization and Simplification,N/A,N/A,N/A,N/A,812bde7ece9df9f35d3a8ed184ac6c19
"The paper introduces MaskEval, a reference-less metric for evaluating text summarization and simplification. It utilizes masked language modeling on the concatenation of candidate and source texts and includes an attention-like weighting mechanism. This allows it to adaptively evaluate different quality dimensions such as relevance and fluency. The effectiveness of MaskEval is demonstrated on English language tasks, with the paper exploring transfer scenarios between summarization and simplification.",The primary focus of the paper is on developing a metric for text summarization and simplification without any direct connection to Climate or Ecological Sustainable Development.,,"The paper does not align with sub-categories related to Climate or Ecological Sustainable Development, focusing instead on computational models for linguistic tasks.",,
,N/A,N/A,N/A,N/A,
,No secondary themes related to Climate or Ecological Sustainable Development are evident in the paper's focus on computational linguistics.,,The computational focus does not extend into specific sub-categories relevant to environmental or ecological sustainability.,,
Masked Siamese Networks for Label-Efficient Learning,N/A,N/A,N/A,N/A,ab88038d58da6dbae00474e07488a09c
"The paper introduces Masked Siamese Networks (MSN), a self-supervised learning framework designed to enhance the efficiency of learning image representations with fewer labeled examples. This method involves comparing masked and unmasked views of images to improve representation quality. The framework is scalable and shows competitive performance in low-shot image classification tasks, outperforming previous state-of-the-art models with fewer model parameters and less labeled data.",The paper does not focus on any specific Climate or Ecological Sustainable Development theme or category. Its main focus is on self-supervised learning techniques applicable to image processing and computer vision.,,There is no discussion or linkage to any sub-category of Climate or Ecological Sustainable Development within the paper.,,
Medical Image Segmentation on MRI Images with Missing Modalities: A Review,N/A,N/A,N/A,N/A,935fae4def22ac00312a46b035e1d4c6
"The paper reviews various methods developed to handle missing modalities in MRI for medical image processing tasks. It discusses synthesis methods and deep learning approaches like common latent space models, knowledge distillation networks, and generative adversarial networks (GANs). The paper aims to offer a performance evaluation of these methods while also outlining future strategies.","The topic of the paper is focused on medical imaging, which does not fall within the scope of Climate or Ecological Sustainable Development as defined by the provided categories.",,The paper does not align with any listed sub-categories of Climate or Ecological Sustainable Development. It concerns medical imaging technology rather than ecological or climate issues.,,
Metro: Memory-Enhanced Transformer for Retrosynthetic Planning via Reaction Tree,N/A,N/A,N/A,N/A,a88000a881110a8546aae53f396a21a9
"The paper presents Metro, a memory-enhanced transformer model for retrosynthetic planning in drug discovery and organic chemistry. This model addresses the limitations of existing single-step retrosynthesis models by capturing the dependency among molecules in a reaction tree for multi-step retrosynthesis predictions. The authors construct a new benchmark consisting of reaction trees and demonstrate that Metro significantly outperforms existing models in accuracy. The proposed model can also be used for synthetic accessibility analysis, offering a novel formulation for retrosynthetic planning tasks.","The focus of the paper is on retrosynthetic planning and drug discovery, which do not directly align with any Climate or Ecological Sustainable Development category such as energy efficiency, pollution, or climate adaptation.",,The retrosynthetic planning and chemical synthesis focus does not specifically map onto existing Climate or Ecological Sustainable Development sub-categories.,,
,N/A,N/A,N/A,N/A,
,There are no secondary themes in the paper directly related to Climate or Ecological Sustainable Development.,,The paper does not cover secondary sub-categories applicable to Climate or Ecological Sustainable Development.,,
Misinterpreting the horseshoe effect in neuroscience,N/A,N/A,N/A,N/A,cb3e829379c132107e1fc84fb1fa7d2c
"This paper discusses the effects of dimensionality reduction on neural activity data, particularly the emergence of oscillatory trajectories due to the horseshoe effect. The authors propose a model to account for deviations in these trajectories, which they argue contain task-relevant information beyond what is explained by representational and dynamical systems models. They discuss the implications of their findings for interpreting neural data.","The paper does not have a primary focus on any Climate or Ecologically-Related Sustainable Development category. It primarily advances techniques in neuroscience, not directly contributing to sustainability or ecological applications.",,There is no applicable sub-category as the content centers around neuroscience rather than specific climate or ecological sub-categories.,,
,N/A,N/A,N/A,N/A,
,"The secondary focus of the paper still involves neuroscience and data interpretation techniques, not directly linked to sustainability or ecological development.",,The secondary content does not align with any identified sub-categories related to sustainability or ecology.,,
Model-Invariant State Abstractions for Model-Based Reinforcement Learning,N/A,N/A,N/A,N/A,9aa9aea52e594502a51560a7df828816
The paper introduces a new type of state abstraction called model-invariance for model-based reinforcement learning. It aims to improve generalization by leveraging causal sparsity and invariance in the dynamics models. This involves learning model-invariant representations that can generalize to unseen states and improve sample efficiency across various continuous control tasks. The paper presents theoretical and empirical results demonstrating improved generalization and discusses the practical methods for learning such representations in complex domains.,"The primary focus of this paper is on machine learning techniques and model-based reinforcement learning, not on climate or ecological sustainable development.",,The paper does not address any sub-categories related to climate or ecological sustainable development.,,
,N/A,N/A,N/A,N/A,
,No secondary relevance to climate or ecological sustainable development was identified in the paper.,,There are no secondary sub-categories applicable to climate or ecological sustainable development in this paper.,,
Modeling electronic health record data using a knowledge-graph-embedded topic model,N/A,N/A,N/A,N/A,a25cbf74db647683f71c8505b8b61621
"The paper introduces KG-ETM, a knowledge-graph-embedded topic model to distill disease topics from electronic health record (EHR) data using medical knowledge graphs. It enhances the extraction of medical concepts from large-scale EHR datasets for various clinical applications such as patient stratification and drug recommendations.","The research is centered on health informatics and enhancing patient data analysis, which does not directly contribute to any defined climate or ecological sustainable development categories.",,No specific sub-category within climate or ecological sustainable development directly aligns with the focus on medical knowledge graph application in EHR data analysis.,,
Momentum Extragradient is Optimal for Games with Cross-Shaped Spectrum,N/A,N/A,N/A,N/A,c5a6d90ec32f984e070ae7f225f7f4c5
"This paper presents a polynomial-based analysis of the extragradient method with momentum for optimizing games with a cross-shaped spectrum on the complex plane. It shows that the extragradient method with momentum achieves accelerated convergence rate for games with this spectral structure, discusses the optimal hyperparameters, and details three different modes of convergence for various hyperparameter setups.",The paper does not connect its findings or methodologies to climate or ecologically-related sustainable development. It focuses on a theoretical advancement in optimization techniques for game theory and machine learning applications.,,There is no application or relevance to the sub-categories defined for climate or ecologically-oriented sustainable development in the paper.,,
,N/A,N/A,N/A,N/A,
,There are no secondary connections to climate or ecologically-related sustainable development identified in the paper.,,Secondary sub-categories related to climate or ecological themes are not covered in this theoretical optimization-focused paper.,,
Multi-Head Adapter Routing for Data-Efficient Fine-Tuning,N/A,N/A,N/A,N/A,ee95d34924ad7a299f8c63ce0ee4e35d
"This paper investigates parameter-efficient fine-tuning (PEFT) for cross-task generalization by advancing a method called Multi-Head Routing (MHR). MHR improves adapter routing by providing more granular parameter combinations via Multi-Head Routing, leading to enhanced few-shot adaptation performance.",The paper is not focused on climate or ecological sustainability but rather on improving deep learning model efficiency for cross-task generalization.,,The paper does not focus on specific sub-categories related to climate or ecological sustainability.,,
,N/A,N/A,N/A,N/A,
,"Since the primary theme does not align with climate or ecological sustainability, no secondary categories are applicable.",,No relevant secondary sub-categories apply as the paper is not focused on sustainable development.,,
Multi-Objective GFlowNets,N/A,N/A,N/A,N/A,45ea3f415a58701d09525a00e4f341b0
"This paper introduces Multi-Objective GFlowNets (MOGFNs) for generating diverse Pareto optimal solutions in the context of Multi-Objective Optimization (MOO). The method leverages GFlowNets to generate candidates that optimize conflicting objectives, particularly in applications such as drug discovery and material design. The paper proposes two variants, MOGFN-PC and MOGFN-AL, to explore different decomposition strategies in MOO and demonstrates the benefits in terms of Pareto performance and candidate diversity.","The paper does not address Climate or Ecological Sustainable Development directly as its central theme. It focuses on optimization techniques in a broad context that can be applied to various fields, not specifically targeting sustainability issues.",,There is no specific sub-category within Climate or Ecological Sustainable Development that the paper addresses.,,
,N/A,N/A,N/A,N/A,
,The paper's scope does not directly fit any predefined secondary Climate or Ecological Sustainable Development category as it is primarily focused on optimization algorithms.,,There are no explicit connections made to any sustainable development sub-categories outlined.,,
Multilevel development of cognitive abilities in an artificial neural network,N/A,N/A,N/A,N/A,c8b94700cd268bb39e6f092fc7ac6e3a
"This paper introduces a computational model with three hierarchical levels that mimics human cognitive development. It discusses the role of synaptic epigenesis, dopamine modulation, and interneurons in learning and performing cognitive tasks across sensorimotor, cognitive, and conscious levels. The model aims to bridge biological learning principles with computational neuroscience and AI.","The paper is centered on cognitive development and computational modeling, not directly addressing any climate or ecologically-related sustainable development categories.",,The sub-categories listed are not relevant as the paper primarily focuses on computational neuroscience and cognitive modeling.,,
,N/A,N/A,N/A,N/A,
,"As climate or sustainability themes are not addressed, no secondary categories apply.",,The content does not align with any specific climate or ecological sub-categories.,,
Multilingual Language Model Adaptive Fine-Tuning: A Study on African Languages,N/A,N/A,N/A,N/A,986d5d441e652799b4013513c499c19c
"This paper discusses the adaptation of pre-trained multilingual language models to African languages through a method called multilingual adaptive fine-tuning (MAFT). It aims to address the challenge of including African languages, which are often low-resourced, in pre-trained models without needing separate models for each language, thereby encouraging cross-lingual transfer learning. The approach reduces model size by removing non-African language tokens and evaluates the approach using various NLP tasks like NER, news topic classification, and sentiment analysis.","The central theme of the paper is not directly related to Climate or Ecological Sustainable Development, but rather focuses on linguistic computational models and cross-lingual transfer learning.",,"Since the primary focus of the paper is unrelated to sustainable development categories, it does not have a relevant sub-category.",,
Multivariate Time-Series Anomaly Detection with Contaminated Data: Application to Physiological Signals,N/A,N/A,N/A,N/A,b244e9171f197a0bbcd5e97a7e7dd138
"The paper presents a novel approach to multivariate time-series anomaly detection (TSAD) in the presence of contaminated data, introducing an unsupervised method called TSAD-C. The approach encompasses three modules: a Decontaminator that corrects data abnormalities, a Long-range Variable Dependency Modeling module for capturing dependencies within the data, and an Anomaly Scoring module to identify anomalies. Extensive experiments demonstrate the model's state-of-the-art performance on physiological datasets.",The primary focus of the paper is on anomaly detection methods for multivariate time-series data rather than directly addressing Climate or Ecological Sustainable Development themes.,,"The paper does not explicitly align with any specific sub-category of Climate or Ecological Sustainable Development, as its main contribution is in the field of multivariate time-series anomaly detection.",,
,N/A,N/A,N/A,N/A,
,"The paper does not have a secondary focus on Climate or Ecological Sustainable Development themes, as it centers on methodological advances in anomaly detection.",,"No secondary sub-category of Climate or Ecological Sustainable Development is addressed in the paper, which mainly focuses on technical advancements in anomaly detection.",,
Neural Bandits for Data Mining: Searching for Dangerous Polypharmacy,N/A,N/A,N/A,N/A,c934d95c764c7aa885f46766b276eecd
"The paper presents an approach called OptimNeuralTS, which combines Neural Thompson Sampling and differential evolution to mine large historical datasets for identifying potentially inappropriate drug combinations (PIPs) in polypharmacy contexts. This method uses neural bandits to predict the association between drug combinations and adverse health outcomes. Through simulated datasets containing drug combinations, the approach demonstrates a high precision in detecting PIPs.","The primary focus of the paper is healthcare-related and does not pertain to Climate or Ecologically-Related Sustainable Development directly. It addresses polypharmacy and healthcare safety, which are not within the predefined categories for sustainable development.",,"No sub-category related to Climate or Ecologically-Related Sustainable Development fits the subject of this paper, as it is centered on healthcare data mining and modeling drug combinations.",,
,N/A,N/A,N/A,N/A,
,"The paper does not address secondary themes related to Climate or Ecologically-Related Sustainable Development. Its concentration remains within the healthcare scope, particularly polypharmacy.",,"Similarly, the secondary focus areas do not align with any sub-categories within the climate or ecologically-related realms, remaining strictly within healthcare.",,
Neural Column Generation for Capacitated Vehicle Routing,N/A,N/A,N/A,N/A,dd7f9e4d97b08dce0b40929b6a9656f6
"This paper presents a neural column generation architecture aimed at improving the convergence of column generation processes, which are used to solve complex linear programs like the Vehicle Routing Problem (VRP). The architecture leverages deep learning models to predict optimal columns iteratively by treating the problem as a sequential decision-making process. The efficacy of the proposed method is demonstrated on VRP instances, showing its superiority over traditional stabilization techniques.",The paper's focus is primarily on deep learning techniques for optimization without a strong link to climate or ecological sustainability.,,There is no mention of specific climate or ecological sub-categories relevant to the paper's content.,,
,N/A,N/A,N/A,N/A,
,There is no direct relevance to secondary climate or ecological sustainability categories based on the content provided.,,Secondary sub-categories related to climate or ecology are not addressed in this paper.,,
Neural Networks as Paths through the Space of Representations,N/A,N/A,N/A,N/A,dc2886bf76b3d4d749edd495d26dfb92
"This paper explores the interpretation of deep neural networks as paths through a high-dimensional representational space, where each layer of the network contributes a step along this path toward a desired output. The study leverages recent advances in metric representational similarity, extending them with tools such as geodesics and angles to analyze and visualize the representation paths of different neural architectures, like ResNet and VGG, on datasets like CIFAR-10.","The core theme of the paper revolves around neural network structures and representational geometry, with no direct reference to sustainable development or ecological applications.",,The content does not align with any specific sub-category of climate or ecologically-related sustainable development goals.,,
,N/A,N/A,N/A,N/A,
,"While the research discusses neural networks and metrics, it does not expand into areas relevant to ecological or climate-related sustainable development.",,"The research is domain-specific within the field of deep learning and representational analysis, not extending to sub-categories related to ecological or climate fields.",,
Neural networks with optimized single-neuron adaptation uncover biologically plausible regularization,N/A,N/A,N/A,N/A,9b49291afd22de4026b65fcc94b518bb
"The paper explores the impact of single-neuron properties, such as diversity in input-output functions and spike frequency adaptation, in artificial recurrent neural networks. It introduces Adaptive Recurrent Units (ARUs) that mimic biological neural adaptability and demonstrates how these units enhance network robustness and performance. The paper argues that neural diversity and adaptation play key roles in optimizing information propagation and regularizing network dynamics, similar to evolutionary adaptations in actual biological systems.",The paper is centered around computational neuroscience and machine learning aspects without a focus on sustainable development related to climate or ecology.,,No sub-category matches the scope of the paper as it does not focus on climate or ecological sustainability topics.,,
,N/A,N/A,N/A,N/A,
,The paper does not touch upon any secondary themes related to sustainable development in climate or ecological fields.,,"As the paper is not related to sustainability themes, it doesn't contain applicable secondary sub-categories related to climate or ecological fields.",,
Novice Type Error Diagnosis with Natural Language Models,N/A,N/A,N/A,N/A,b54407840c886953f96cbd40258b226d
"The paper presents a novel approach for diagnosing type errors in programming using natural language models like BERT. By treating programs as natural language texts, the study seeks to improve the accuracy of type error localization without relying on hand-engineered features. It claims to outperform existing state-of-the-art data-driven methods in diagnosing type errors, specifically for novice programmers.",The paper does not centrally address Climate or Ecological Sustainable Development. It focuses on programming and AI methodologies for type error diagnosis.,,"There are no applicable Climate or Ecological Sustainable Development sub-categories, as the research is not related to environmental issues.",,
Object-centric causal representation learning,N/A,N/A,N/A,N/A,aa992e5fbf529ea05164efdac3e48131
"This paper discusses advancements in causal representation learning, particularly addressing the challenges of disentangling latent variables when observing multiple objects. It highlights the limitations of the injective observation function assumption and introduces an object-centric approach using the Slot Attention architecture to improve data efficiency and enhance disentanglement of object properties. The authors demonstrate their method's success through image-based experiments, showing that it can effectively identify object properties even without distinct visual cues.",The paper focuses on advancements in neural representation learning and does not directly address any climate or ecological sustainable development issues.,,The paper does not correspond to any specific sub-category of Climate or Ecological Sustainable Development as it primarily deals with neural representation learning.,,
On Dynamic Program Decompositions of Static Risk Measures,N/A,N/A,N/A,N/A,d79e11dbb374dd07cdfa32e0424c88fa
"The paper addresses the challenges of optimizing risk-averse objectives in Markov Decision Processes (MDPs), with a focus on static risk measures such as Conditional-Value-at-Risk (CVaR), Entropic-Value-at-Risk (EVaR), and Value-at-Risk (VaR). It critiques existing dynamic programming decompositions and proposes new solutions for VaR.",There is no direct mention or focus on climate or ecologically-related sustainable development within the content of this paper.,,The paper does not align with any specific sub-categories within climate or ecologically-related sustainable development.,,
,N/A,N/A,N/A,N/A,
,The paper does not address secondary climate or ecological themes as it is focused on optimization and risk measures in a mathematical context.,,The thematic coverage of the paper does not align with any listed ecologically relevant sub-category.,,
On Neural Architecture Inductive Biases for Relational Tasks,N/A,N/A,N/A,N/A,a34f5740ccad2c724d6e643189261571
"The paper investigates the inductive biases in neural architectures for relational tasks, introducing the Compositional Relational Network (CoRelNet) model. It focuses on how separating relational representations from sensory data can enhance out-of-distribution generalization in relational tasks.",The paper does not focus on climate or ecological sustainable development themes. Its main focus is on improving machine learning architectures for relational reasoning.,,"Since the paper doesn't relate to climate or ecological sustainable development, there's no relevant sub-category it fits into.",,
,N/A,N/A,N/A,N/A,
,The scope of the paper is limited to neural architecture and does not intersect with known categories of climate or ecological sustainable development.,,"As with the primary sub-category, the paper's content does not align with any additional sub-categories of climate or ecological sustainable development.",,
On The Fragility of Learned Reward Functions,N/A,N/A,N/A,N/A,bb0fd74b4a2051484cff3c17156c279c
"The paper studies the fragility and limitations of learned reward functions in reinforcement learning, particularly focusing on preference-based reward learning. It demonstrates how current methods can result in reward models that fail to train new agents from scratch, discusses factors affecting these failures, and emphasizes the need for retraining-based evaluations.",The content of the paper revolves around the reinforcement learning methodology and does not directly connect with any sustainable development categories.,,"The paper's subject matter does not fit into the specified sub-categories of climate or ecological sustainable development, as it is primarily about machine learning techniques.",,
,N/A,N/A,N/A,N/A,
,The paper does not touch upon secondary themes related to climate or ecological sustainable development.,,The subject matter does not intersect with any of the sub-categories listed under climate or ecological sustainable development.,,
On the Origin of Hallucinations in Conversational Models: Is it the Datasets or the Models?,N/A,N/A,N/A,N/A,95710f6c8f3b834ce6596a00669258e4
"The paper investigates the sources of hallucinations in knowledge-grounded conversational models, focusing on whether these hallucinations stem from the training datasets or the models themselves. It conducts a human study on existing benchmarks and state-of-the-art models, revealing that significant hallucinations exist in both datasets and generated responses. The paper raises questions about data quality and model robustness in conversational systems.",The paper focuses on the technical challenges in AI models and datasets rather than themes related to sustainable development.,,The content does not align with any specific sub-category related to sustainable development as it deals with dataset quality and AI hallucinations.,,
,N/A,N/A,N/A,N/A,
,"No secondary themes are related to sustainable development, as the paper discusses AI technical issues instead.",,"As the primary content focuses on dataset and model issues, there are no secondary sub-categories applicable to sustainable development.",,
Optimism and Adaptivity in Policy Optimization,N/A,N/A,N/A,N/A,b8281be9988489bf395c8aec53bac5ef
"The paper discusses a unifying paradigm for accelerating policy optimization methods in reinforcement learning (RL). It introduces optimism and adaptivity to foresee and adjust for errors in policy optimization. The authors leverage connections between various algorithms like policy iteration and policy gradient methods. They propose an optimistic policy gradient algorithm, using meta-gradient learning to adaptively predict future behavior of a policy. Empirical tests on an illustrative task highlight effectiveness of these design choices.",The paper is not centered on any Climate or Ecological Sustainable Development theme. It primarily addresses advancements in reinforcement learning algorithms.,,There is no specific sub-category applicable to Climate or Ecological Sustainable Development in this paper as its focus is on algorithmic advancements in reinforcement learning.,,
,N/A,N/A,N/A,N/A,
,There are no secondary categories relevant to Climate or Ecological Sustainable Development since the paper does not touch on these topics.,,"Since the paper lacks a direct connection to Climate or Ecological Sustainable Development, no relevant secondary sub-categories apply.",,
PatchBlender: A Motion Prior for Video Transformers,N/A,N/A,N/A,N/A,c2e0d71f9c1f88c64e5052ca38888684
"The paper introduces PatchBlender, a technique designed to improve the temporal modeling capabilities of video transformers. By implementing a learnable blending function that operates over patch embeddings, PatchBlender enhances the attention mechanism of transformers in handling spatio-temporal data. The method is tested on several video benchmarks, demonstrating improved performance in modeling temporal information compared to baseline models.","The paper does not address any climate or ecologically-related sustainable development themes, focusing solely on video data processing using transformers.",,The work is centered on video processing technology rather than any direct sustainable development concern.,,
Performative Prediction in Time Series: A Case Study,N/A,N/A,N/A,N/A,e99ecde56ff575b166b3535f6ef185f6
"The paper studies performative prediction in time series data within the context of monitoring and predicting cancer patient symptoms. It explores how predictions can influence future data and outcomes, posing a challenge in accurately forecasting future symptom values. The authors propose methods to mitigate performative prediction effects and measure their impact using patient data from a cancer center.",The paper does not address any listed Climate or Ecologically-Related Sustainable Development categories. Its focus on healthcare and time series prediction doesn't align with the specified sustainable development areas.,,"Since the paper does not correspond to any primary sustainable development category, no sub-category applies either.",,
Physics-Inspired Protein Encoder Pre-Training via Siamese Sequence-Structure Diffusion Trajectory Prediction,N/A,N/A,N/A,N/A,ac0c01c715e0cb0e369f3e8a6f78d3c2
"The paper proposes a method named DiffPreT to pre-train protein encoders by employing sequence-structure joint diffusion modeling, and introduces Siamese Diffusion Trajectory Prediction (SiamDiff) to enhance this process by considering different protein conformers. The approach is evaluated on protein understanding tasks, showing competitive results.",The paper does not directly address any specific area of climate or ecological sustainable development.,,No specific sub-category applies as the paper is centered around protein modeling techniques.,,
Posterior samples of source galaxies in strong gravitational lenses with score-based priors,N/A,N/A,N/A,N/A,94a903900de6bb10c9d8a922e9fa31c5
"This paper presents a method for inferring undistorted images of background galaxies in strong gravitational lenses using a score-based model. The model treats the posterior sampling of distorted images as a high-dimensional inference problem, utilizing a reverse-time stochastic differential equation solver. This approach balances the likelihood of the observed data with a prior based on high-resolution training data, leading to high-quality samples aligned with physical plausibility. The paper explores the application to gravitational lensing, providing insights into astrophysical phenomena.",The paper primarily discusses astrophysical topics related to gravitational lensing and does not focus on climate or ecological sustainable development.,,"No sub-category under the predefined sustainable development categories applies, as the paper is not related to climate or ecological goals.",,
,N/A,N/A,N/A,N/A,
,No secondary categories relate to sustainable development as the paper's content is centered on astrophysical techniques and does not link to climate or ecology.,,The paper's content is highly technical and specialized in gravitational lensing which does not pertain to sustainable development.,,
Preventing Dimensional Collapse in Contrastive Local Learning with Subsampling,N/A,N/A,N/A,N/A,b98110486767374074678a038c522122
"This paper investigates the challenge of training Deep Neural Networks (DNNs) via self-supervised objectives, proposing a local learning approach to improve parallelization. The study identifies a phenomenon called dimensional collapse, where information degrades when DNNs are split into distinct blocks for independent updates. To address this, the authors propose a novel blockwise feature-similarity sampling strategy that prevents information loss during local learning. The method's effectiveness is validated through experiments on datasets like CIFAR-10, Fashion-MNIST, and STL-10, improving accuracy for models with increased block splits.",The paper does not address any specific area of Climate or Ecological Sustainable Development but rather focuses on computational methodology for training neural networks.,,The sub-category is not applicable as the primary category is N/A due to the paper's focus on deep learning methodology rather than sustainable development topics.,,
Protective effectiveness of prior SARS-CoV-2 infection and hybrid immunity against Omicron infection and severe disease: a systematic review and meta-regression,N/A,N/A,N/A,N/A,81b53259bd2adcce6f6f1199c874b99c
"This paper is a systematic review and meta-regression analysis of the protective effectiveness of prior SARS-CoV-2 infection and hybrid immunity against the Omicron variant of COVID-19, including both infection and severe disease outcomes.","Since the paper focuses on immunological and health responses to the SARS-CoV-2 (Omicron variant) rather than climate or ecological topics, it does not fit into the structured categories provided for climate/ecological sustainable development.",,"There are no relevant sub-categories within climate or ecological sustainable development that apply to this paper's focus, as it discusses medical and immunology-related topics.",,
,N/A,N/A,,N/A,
,The paper does not touch upon secondary issues related to climate or ecological sustainable development.,,,,
RandomSCM: interpretable ensembles of sparse classifiers tailored for omics data,N/A,N/A,N/A,N/A,cc802670b149662004030ce7b0689f29
"This paper introduces RandomSCM, a new method that improves on the Set Covering Machine (SCM) algorithm by creating ensembles of SCM models to handle high-dimensional omics data. It demonstrates the method's potential for biomarker discovery in metabolomics datasets by reducing overfitting and maintaining interpretability.",The paper primarily focuses on a machine learning method for biomarker discovery in biological data. It does not address any specific categories within climate or ecological sustainability.,,The paper does not fit into specific sub-categories of climate or ecological-related sustainable development. It focuses on machine learning for biological data analysis.,,
,N/A,N/A,N/A,N/A,
,The research does not align with any secondary climate or ecological-related sustainable development categories as it is centered around a data processing method in metabolomics.,,"The secondary themes also do not fit into the listed sub-categories concerning climate or ecological sustainability, as the paper's focus remains on omics data analysis techniques.",,
Rapidly Inferring Personalized Neurostimulation Parameters with Meta-Learning: A Case Study of Individualized Fiber Recruitment in Vagus Nerve Stimulation,N/A,N/A,N/A,N/A,903fb058851fcf1602f325fae2e3fbcc
"This paper presents a meta-learning framework to optimize neurostimulation parameters for individual patients, demonstrated through vagus nerve stimulation. The approach focuses on personalizing neurostimulation by efficiently learning from existing data to enhance treatment efficacy and safety. The meta-learning framework allows quick adaptation to individual physiological responses with minimal data required.","The paper focuses on healthcare and treatment optimization through meta-learning in neurostimulation, which does not directly relate to climate or ecological sustainable development themes.",,"As the paper's content is centered around medical advancements and does not overlap with pre-established sub-categories in climate or ecological sustainable development, it falls outside these sub-categories.",,
Re-expression of CA1 and entorhinal activity patterns preserves temporal context memory at long timescales,N/A,N/A,N/A,N/A,c2d0c5ee60a58e7477544f90df8c1fc1
"This study investigates the role of the hippocampal area CA1 and the entorhinal cortex in preserving memory for time. The researchers used 7T fMRI to monitor activity patterns in these brain regions as participants viewed images repeatedly over several months. The findings suggest that the degree to which initial activity patterns are re-expressed during re-encounters predicts the accuracy of temporal memory, separate from recognition confidence.","The paper focuses entirely on understanding memory and brain function, with no links or discussions related to climate or ecological sustainability.",,No connections to any climate or ecological sustainable development sub-categories are present in this research.,,
Replay Buffer With Local Forgetting for Adaptive Deep Model-Based Reinforcement Learning,N/A,N/A,N/A,N/A,a671fa6f8978e73a72f30ef486f9e22e
"The paper presents a novel approach for adaptive deep model-based reinforcement learning (MBRL) using a replay buffer with local forgetting. This method allows the model to adapt effectively to local changes in the environment by maintaining an accurate world model across the relevant state space and mitigating catastrophic forgetting. The method is applied to the Dyna method and MBRL techniques like PlaNet and DreamerV2, demonstrating improved adaptability.",The paper is focused on technical advancements in reinforcement learning without a direct application to Climate or Ecological Sustainable Development contexts.,,There is no direct sub-category related to Climate or Ecological Sustainable Development mentioned or implied in the paper.,,
,N/A,N/A,N/A,N/A,
,There are no secondary themes related to Climate or Ecological Sustainable Development within the paper as its focus remains within the scope of reinforcement learning methodologies.,,"As the paper does not engage with Climate or Ecological Sustainable Development topics, there are no applicable sub-categories.",,
Rethinking Generalization: The Impact of Annotation Style on Medical Image Segmentation,N/A,N/A,N/A,N/A,8c8567a248ce9c4a550ff01d5762eff3
"This paper explores how different annotation styles can impact the generalization of deep learning models in medical image segmentation. It proposes a method to model these differences in annotation styles using Conditioned Instance Normalization (CIN), allowing for the accommodation and identification of annotation biases across multiple medical datasets. The study emphasizes the importance of accounting for annotation style in evaluating model performance and combines this with a systematic approach to identifying similar annotation styles for effective data pooling and model fine-tuning.","The primary focus of the paper is on medical image segmentation, model biases, and generalization, which do not directly pertain to any area of Climate or Ecological Sustainable Development.",,The study and its applications are centered on improving medical image analytics rather than environmental or ecological topics.,,
,N/A,N/A,N/A,N/A,
,The secondary topics still focus on medical data and generalization rather than ecological topics.,,"Again, secondary focus on methods related to medical datasets does not translate to ecological sub-categories.",,
Rethinking Learning Dynamics in RL using Adversarial Networks,N/A,N/A,N/A,N/A,b8e70b56335a559ba36203d8ba7b7e44
"This paper proposes an adversarial training regime for Multi-Task Reinforcement Learning, aimed at improving exploration and robustness without requiring manual intervention or domain knowledge. The method uses concepts from game theory and aims to learn multiple solutions, enhancing generalization to unseen environments and tasks.",The paper is focused on reinforcement learning methodologies rather than addressing climate change or ecological sustainable development issues.,,"As the primary category is N/A, the sub-category is also not applicable.",,
Revisiting Hotels-50K and Hotel-ID,N/A,N/A,N/A,N/A,8d8e84270949281d2cf5486ac08e995f
This paper proposes revised versions of the Hotels-50K and Hotel-ID datasets with the aim of better aligning with real-world applications such as countering human trafficking through improved dataset evaluation setups. The paper emphasizes the necessity of creating evaluation settings with truly unseen classes to mimic real-world challenges in human trafficking detection.,"The paper primarily addresses the development of datasets to combat human trafficking using image recognition, which is not directly related to climate or ecological sustainable development as defined by the list.",,There are no sub-categories within climate or ecological sustainable development that directly fit the focus of this paper on human trafficking and dataset revision.,,
Robust and Versatile Bipedal Jumping Control through Multi-Task Reinforcement Learning,N/A,N/A,N/A,N/A,877f0955a0d5398077ce96a9540e1fab
"This paper presents a reinforcement learning framework for enabling a bipedal robot, Cassie, to perform dynamic and versatile jumping maneuvers. The method involves a multi-stage training scheme that includes different training stages for different objectives, culminating in a policy that can be transferred to a real robot. The robustness of this method allows the robot to perform a variety of challenging jumping tasks, such as standing long jumps and multi-axes jumps, in the real world.","The main focus of the paper is on robotics and reinforcement learning for bipedal jumping control, which does not directly relate to any listed Climate or Ecological Sustainable Development categories.",,"The sub-categories related to Climate or Ecological Sustainable Development are not applicable to this paper, as its focus is not aligned with sustainable development topics.",,
,N/A,N/A,N/A,N/A,
,"Given the paper’s focus on robotic control systems, there is no secondary relevance to Climate or Ecological Sustainable Development categories identified.",,"The content of the paper does not cover applicable Climate or Ecological Sustainable Development sub-categories, focusing instead on technical advancements in robotics.",,
Scalar Invariant Networks with Zero Bias,N/A,N/A,N/A,N/A,984d2cdc289505911a1b7b5c89379997
"This paper explores the concept of scalar invariance in neural networks, specifically focusing on image classification tasks. It argues for the removal of bias terms, showing through empirical results that zero-bias neural networks possess scalar invariance, allowing them to maintain prediction accuracy even with varying contrast in images. The study extends this property to different neural network architectures, including CNNs and ResNets, and highlights potential robustness benefits from this approach.","The paper focuses on technical improvements in neural network architecture for image classification tasks, which do not have direct implications or applications in Climate or Ecological Sustainable Development.",,There is no sub-category fitting this paper's focus on machine learning concepts unrelated to climate or ecological sustainability.,,
,N/A,N/A,N/A,N/A,
,The paper does not address any secondary themes related to Climate or Ecological Sustainable Development. Its focus remains strictly on the technical aspects of neural network performance.,,"As the paper has no connection to Climate or Ecological Sustainable Development, there are no relevant secondary sub-categories.",,
Scaling Laws for the Few-Shot Adaptation of Pre-trained Image Classifiers,N/A,N/A,N/A,N/A,a3fd71493194493b5b86083bdb5ce760
"The paper explores how scaling laws affect the few-shot learning performance of pre-trained image classifiers, particularly when adapting to new classes or domains not encountered during the initial training. The study quantifies how the size of pre-training datasets impacts generalization to novel tasks using power laws.",The paper does not directly address any climate or ecological sustainable development issues or applications.,,There are no sub-categories in sustainable development that align with the topic of few-shot learning or neural scaling laws in image classifiers as presented in this paper.,,
Scaling Self-Supervised End-to-End Driving with Multi-View Attention Learning,N/A,N/A,N/A,N/A,bd49c2ceb83e0ae2a44510af0c39436b
"The paper discusses advancements in vision-based end-to-end autonomous driving by proposing a new model, CIL++, which improves upon previous models by using multi-view attention learning. This technique processes higher resolution images and incorporates attention mechanisms to guide autonomous vehicles effectively by only using vehicle signals for supervision. The study highlights improvements in driving benchmarks and discusses potential impacts on reducing development costs and improving model performance compared to costly, sensor-heavy approaches.","While the paper discusses a technology (autonomous driving) that can have implications for climate sustainability, such as potentially reducing emissions through efficient driving, the study does not explicitly frame its intention or results within climate or ecological sustainable development goals.",,The paper does not address a specific sub-category related to climate or ecological sustainability directly.,,
,Climate Change Mitigation,N/A,Transportation,N/A,
,"The development of autonomous driving technologies can contribute to climate change mitigation by optimizing traffic flow and possibly reducing emissions, although this is not a central theme of the paper.","Despite the fact that it might be true, it is not mentioned in the paper.",Autonomous driving falls under the transportation sub-category when considering its implications for optimizing routes and potentially reducing emissions.,"Despite the fact that it might be true, it is not mentioned in the paper.",
Scaling the Number of Tasks in Continual Learning,N/A,N/A,N/A,N/A,91d61b8fa4a675ba441e6a8c9471a38c
"The paper investigates the phenomenon of catastrophic forgetting in deep neural networks (DNNs) and proposes a new framework, SCoLe, to study knowledge accumulation (KA) in continual learning scenarios. It challenges the prevailing belief that catastrophic forgetting prevents knowledge accumulation, showing that DNNs can retain and accumulate knowledge over long sequences of tasks when data re-occurrence is present. The study explores strategies to improve knowledge accumulation, such as gradient masking and replay mechanisms.","The paper does not focus on any specific Climate or Ecological Sustainable Development category. It centers on the mechanics of deep learning algorithms, specifically addressing catastrophic forgetting and knowledge accumulation.",,No specific sub-category of Climate or Ecological Sustainable Development is relevant to the technological focus of this paper.,,
,N/A,N/A,N/A,N/A,
,The paper does not cover secondary Climate or Ecological Sustainable Development themes. It is focused exclusively on machine learning issues related to continual learning.,,The paper does not include secondary sub-categories relevant to Climate or Ecological Sustainable Development.,,
Sequential Density Estimation via NCWFAs Sequential Density Estimation via Nonlinear Continuous Weighted Finite Automata,N/A,N/A,N/A,N/A,b6a6ff3c1415b7023ed38106991ca74e
"The paper introduces a nonlinear extension to the Continuous Weighted Finite Automata (CWFA), referred to as Nonlinear Continuous Weighted Finite Automata (NCWFAs). This new model enhances the expressiveness of CWFA by incorporating nonlinear feature mappings and termination functions. The authors further propose the RNADE-NCWFA model by combining NCWFAs with the RNADE framework, aiming to optimize sequential density estimation, particularly for sequences of varying lengths. The paper demonstrates that the RNADE-NCWFA model outperforms Gaussian Hidden Markov Models in both theoretical expressiveness and empirical generalization, especially with longer and noisier testing sequences.",The paper does not directly relate to Climate or Ecological Sustainable Development. Its focus is on computational models and density estimation techniques in machine learning without any apparent connection to the sustainability themes.,,"Since the primary category is not applicable, the sub-category is also not relevant as the paper does not address any specific sustainable development concern.",,
Sequoia: A Software Framework to Unify Continual Learning Research,N/A,N/A,N/A,N/A,8443d48e5bd8d6eed4bb9d0c809f3abe
"The paper discusses Sequoia, a software framework designed to unify Continual Learning (CL) research by proposing a taxonomy of CL settings. It organizes various CL settings into a hierarchical structure to facilitate method reuse and evaluation. Sequoia includes settings from Continual Supervised Learning and Continual Reinforcement Learning and supports easy extension with new methods and settings. The framework aims to address challenges in CL research such as evaluation, reproducibility, and the separation between CSL and CRL.",The paper is focused on machine learning research and frameworks and does not explicitly touch on any ecological or climate sustainable development category.,,"As there is no primary category related to climate or ecological sustainable development, the sub-category does not apply.",,
,N/A,N/A,N/A,N/A,
,There are no secondary sustainable development themes related to climate or ecological categories under discussion in the paper.,,There are no applicable secondary sub-categories since the primary category does not align with climate or ecological sustainability themes.,,
Spectral Regularization: an Inductive Bias for Sequence Modeling,N/A,N/A,N/A,N/A,941141746374e7f0eb2846a8101be766
"This paper presents a spectral regularization technique for sequence modeling by attaching a unique inductive bias based on the Chomsky hierarchy. Through the use of the trace norm of the Hankel matrix, the approach encourages learning of models approximating regular grammars. The paper introduces a stochastic estimator for the trace norm and validates the approach through experiments with Tomita grammars.",The paper does not address aspects of Climate or Ecological Sustainable Development. It is focused on advanced theoretical machine learning techniques without application to sustainability topics.,,The content does not align with defined sub-categories related to sustainable development. It focuses on sequence modeling methodologies in machine learning.,,
,N/A,N/A,N/A,N/A,
,The paper does not relate to Climate or Ecological Sustainable Development in any other aspects.,,There are no secondary themes related to Climate or Ecological Sustainable Development categories found in the paper.,,
Staged independent learning: Towards decentralized cooperative multi-agent Reinforcement Learning,N/A,N/A,N/A,N/A,83c12f99f1ceec2445afb4dc058fe88b
This paper introduces and evaluates new decentralized cooperative multi-agent reinforcement learning (MARL) methods called Staged Independent Proximal Policy Optimization (SIPPO) and Staged Independent Q-Learning (SIQL). These methods leverage sequential iterative best response (SIBR) and two-time scale learning to improve convergence and performance over traditional approaches like IPPO and IQL.,"The central theme of the paper is methodological advancements in decentralized multi-agent reinforcement learning, which does not directly align with climate or ecological sustainable development goals.",,The paper does not focus on any explicit sub-category within climate or ecological sustainable development areas but rather on a reinforcement learning methodology.,,
Striving for data-model efficiency: Identifying data externalities on group performance,N/A,N/A,N/A,N/A,ac2b5cdb74a0b36c4dfa0dc816052243
"The paper explores the concept of data externalities in machine learning, focusing on instances where adding training data from certain sources can decrease model performance on specific sub-groups. It discusses the importance of data-model efficiency for trustworthy and effective machine learning systems and investigates the conditions under which negative data externalities arise. The study examines real-world datasets to understand the operational dynamics of data externalities and suggests ways to mitigate their effects.",The paper does not focus on any specific Climate or Ecological Sustainable Development theme or application. It centers around improving machine learning model performance and understanding data-model interactions.,,The paper's focus on data externalities in machine learning does not align with any specified sub-category under Climate or Ecological Sustainable Development.,,
,N/A,N/A,N/A,N/A,
,The paper doesn't address secondary Climate or Ecological Sustainable Development themes. Its focus is strictly on data-model efficiency and externalities in machine learning.,,No secondary sub-categories in Climate or Ecological Sustainable Development are relevant as the paper is primarily concerned with technical aspects of machine learning.,,
Summarizing Societies: Agent Abstraction in Multi-Agent Reinforcement Learning,N/A,N/A,N/A,N/A,fc20ea33885d4742ccae29f0a86628f3
"The paper explores the concept of agent abstraction in multi-agent reinforcement learning, where smaller-scale agents are grouped into larger collective abstract entities. It proposes a framework for agent abstraction by extending bisimulation metrics to multi-agent settings and applies this framework to the game Diplomacy. The concept is tested by analysing human-played multi-agent games to study the correlation between the abstraction and true player-groupings of unit agents.","The paper primarily addresses computational and theoretical aspects of learning in reinforcement learning, specifically focusing on agent abstraction and information processing in multi-agent environments, without direct ties to any Climate or Ecologically-Related Sustainable Development.",,No specific sub-category within the Climate or Ecologically-Related Sustainable Development categories is relevant to this paper's focus on agent abstraction in multi-agent learning systems.,,
,N/A,N/A,N/A,N/A,
,No secondary category is applicable as the paper does not relate to Climate or Ecologically-Related Sustainable Development.,,No secondary sub-category remains applicable because the paper's content does not directly relate to any specific aspect of sustainable development in terms of climate or ecosystem.,,
Synergies Between Disentanglement and Sparsity: a Multi-Task Learning Perspective,N/A,N/A,N/A,N/A,a2f40b73d9de5acc294243348fbddc35
The paper explores how disentangled representations coupled with sparse predictors can improve generalization in multi-task learning scenarios. It introduces theoretical and empirical evidence supporting this synergy and proposes a practical approach using a sparsity-promoting bi-level optimization problem. The work also connects these ideas with a meta-learning algorithm that achieves competitive results on few-shot classification benchmarks.,The main focus is on theoretic advances and practical implementations in machine learning without directly addressing climate or ecological sustainable development issues.,,No sub-category applies as the paper is not relevant to any climate or ecological sustainable development theme.,,
,N/A,N/A,N/A,N/A,
,There are no references or implications in the paper that align with secondary themes related to climate or ecological issues.,,"Due to the focus being on theoretical and empirical advancements in machine learning, there is no secondary category that fits within sustainable development.",,
Systematic Generalization by Finetuning? Analyzing Pretrained Language Models Using Constituency Tests,N/A,N/A,N/A,N/A,b7baf4a547588f8d1ca68c33cb3445c4
"This paper investigates the ability of pretrained language models, specifically BART and T5, to replicate linguistic constituency tests after finetuning. The study is grounded in the concept of systematic generalization, which is assessed through various syntactic transformations in sentence structures such as clefting and wh-question formation. The findings suggest that these language models often rely on surface-level cues rather than deep linguistic understanding, which affects their performance on novel data.",The paper does not pertain to any aspects of Climate or Ecological Sustainable Development. It is concerned with linguistic generalization in artificial intelligence models.,,No sub-category related to Climate or Ecological Sustainable Development is applicable to this paper.,,
,N/A,N/A,N/A,N/A,
,The content does not address any secondary Climate or Ecological Sustainable Development areas. Its focus remains solely on language model evaluation and generalization.,,"Similar to the primary sub-category, no relevant secondary sub-category from the provided list of Climate or Ecological Sustainable Development is applicable to this paper.",,
Task-Agnostic Continual Reinforcement Learning: In Praise of a Simple Baseline,N/A,N/A,N/A,N/A,b171b793c9b284752c4f8d8eac91cf66
"This paper explores task-agnostic continual learning (CL) in reinforcement learning settings. It investigates the differences in performance between task-agnostic CL and multi-task learning (MTL) approaches, with an emphasis on the potential advantages of task-agnostic methods. The authors introduce a replay-based recurrent reinforcement learning (3RL) methodology and demonstrate its effectiveness across synthetic tasks and Meta-World benchmarks.",The paper does not focus on any specific aspect of Climate or Ecological Sustainable Development. Its main focus is on reinforcement learning techniques.,,The paper does not align with sub-categories under Climate or Ecological Sustainable Development.,,
,N/A,N/A,N/A,N/A,
,There are no secondary themes related to Climate or Ecological Sustainable Development.,,No secondary sub-categories under Climate or Ecological Sustainable Development are addressed.,,
The KITMUS Test: Evaluating Knowledge Integration from Multiple Sources,N/A,N/A,N/A,N/A,94d07538862fa073a8f436ba46b55422
"This paper introduces the KITMUS test suite that evaluates the ability of natural language understanding models to integrate and reason over information from multiple sources. The focus is on coreference resolution tasks that require the use of background and instance-specific knowledge available through pretraining and inference. The study examines the performance of various models and highlights difficulties in integrating inference-time knowledge, particularly fictional contexts, emphasizing the need for effective knowledge integration strategies.",The central theme of the paper is evaluating natural language models with respect to their reasoning and knowledge integration capabilities. This does not relate to any sustainable development category such as climate change or ecological systems.,,"The subject matter of the paper is not directly related to Climate or Ecological Sustainable Development sub-categories like renewable energy, pollution, or natural systems protection.",,
The Paradox of Choice: On the Role of Attention in Hierarchical Reinforcement Learning,N/A,N/A,N/A,N/A,8be2811c7581543c35287717918f49bf
"This paper explores the role of attention mechanisms in hierarchical reinforcement learning (HRL), specifically focusing on how different types of attention (hard vs. soft) affect decision-making and learning efficiency in RL agents. The authors present an online, model-free algorithm to learn affordances that can aid in selecting subgoal options efficiently.","The core focus of the paper is on reinforcement learning and computational efficiency, which do not directly align with any of the predefined climate or ecological sustainable development categories.",,There is no alignment with the specific sub-categories listed under climate or ecological sustainable development in the paper.,,
,N/A,N/A,N/A,N/A,
,The paper does not address any secondary aspects related to climate or ecological sustainable development.,,No secondary sub-categories related to climate or ecological sustainable development are addressed in the paper.,,
Toward Reliable Neural Specifications,N/A,N/A,N/A,N/A,d6c18150f5f85863d0a85c3f762a1671
This paper proposes a new paradigm for specifying correctness and robustness of neural networks using neural activation patterns (NAPs) instead of traditional data-centric methods. It argues that NAPs cover more input space and provide more reliable specifications. The method is validated on the MNIST dataset and demonstrates improved verification over conventional adversarial robustness approaches.,The paper does not primarily address Climate or Ecologically-Related Sustainable Development themes. Its focus is on computational techniques to enhance AI robustness and verification.,,There is no focus on specific sub-categories related to Climate or Ecologically-Related Sustainable Development in the paper.,,
,N/A,N/A,N/A,N/A,
,Secondary themes of Climate or Ecologically-Related Sustainable Development are not evident in the paper.,,The paper does not address any secondary sub-categories related to Climate or Ecologically-Related Sustainable Development.,,
,,,,,
,,,,,
Towards Clinical Phenotyping at Scale with Serious Games in Mixed Reality,N/A,N/A,N/A,N/A,8324ef3b931730afb888dfc260e0c5e5
"The paper explores the use of serious games in mixed reality as a clinical tool for phenotyping, particularly in the context of autism. It discusses the integration of mixed reality, serious gaming, and machine learning to address challenges in mental healthcare, with a focus on early diagnosis and personalized follow-up. The research presents a proof-of-concept study using a mixed reality game designed for autistic children, aiming to improve clinical accessibility and engagement for mental health evaluations.",The paper does not primarily address any issues related to Climate or Ecological Sustainable Development. It focuses on technologies for mental health assessment and intervention.,,"There are no sub-categories that align with the paper's content, as it is not related to Climate or Ecological Sustainable Development.",,
,N/A,N/A,N/A,N/A,
,No secondary climate or ecological sustainable development categories related to sustainability are addressed in the paper.,,The paper's content does not pertain to any sub-category under Climate or Ecological Sustainable Development.,,
Towards Out-of-Distribution Adversarial Robustness,N/A,N/A,N/A,N/A,9d76d90c32a2133ce1ef7830f0822c9d
"The paper addresses the challenge of adversarial robustness in deep learning by using a domain generalization approach. Specifically, it applies the Risk Extrapolation (REx) method to promote uniform robustness against various adversarial attacks. The method treats different types of adversarial attacks as domains and uses variance-based risk extrapolation to achieve robustness across unseen and seen adversarial perturbations, on datasets like MNIST and CIFAR10. The results show improvements in worst-case adversarial robustness compared to existing baselines.",The paper does not address any goal related to Climate or Ecological Sustainable Development directly. It is concerned with the adversarial robustness of machine learning models.,,"Since there are no relevant primary categories related to Climate or Ecological Sustainable Development, the sub-category is also not applicable.",,
,N/A,N/A,N/A,N/A,
,No secondary Climate or Ecological Sustainable Development categories are relevant as the paper does not cover these topics.,,"Since there is no relevance to Climate or Ecological Sustainable Development, no secondary sub-categories apply.",,
Towards an AAK Theory Approach to Approximate Minimization in the Multi-Letter Case,N/A,N/A,N/A,N/A,ccec31622c846410559edb552a843cac
"The paper discusses the approximate minimization problem of weighted finite automata (WFAs) and proposes a framework using Adamyan-Arov-Krein (AAK) theory for its approximation, specifically extending the application from one-letter to multi-letter alphabets.",There is no direct reference or applicability to climate or ecologically-related sustainable development in the paper.,,The content of the paper does not align with any specific sub-category related to sustainable development.,,
Training Equilibria in Reinforcement Learning,N/A,N/A,N/A,N/A,9a35912cf1990371f38b6d961b3b4348
This paper investigates the presence of multiple equilibria in reinforcement learning algorithms within partially observable environments. It highlights how these equilibria can be suboptimal despite full exploration and flexible policy parametrization. The study reveals that memory-oriented policies can lead to more optimal equilibria and explores the role of parameter noise in enhancing convergence.,The paper does not directly address Climate or Ecological Sustainable Development. It focuses on the theoretical aspects of reinforcement learning without linking to climate or ecological themes.,,No specific sub-category under Climate or Ecological Sustainable Development is addressed or mentioned in relation to the reinforcement learning focus of the paper.,,
Understanding Generalization via Leave-One-Out Conditional Mutual Information,N/A,N/A,N/A,N/A,935a938ee717d2327f969e9b982b9648
"The paper investigates the mutual information between the output of a learning algorithm and its training data, focusing on the Leave-One-Out Conditional Mutual Information (LOO e CMI) technique to understand and control the generalization error of machine learning algorithms. It shows connections between generalization error and conditional mutual information and provides new bounds and measures in this context.",The paper does not address or focus on any specific Climate or Ecological Sustainable Development goals. It is concerned primarily with theoretical machine learning concepts.,,No sub-category applies as the paper is concerned with theoretical machine learning aspects rather than practical solutions in Climate or Ecological Sustainable Development.,,
,N/A,N/A,N/A,N/A,
,"Given that the focus is on machine learning theory and generalization, there are no secondary Climate or Ecological Sustainable Development themes in the paper.",,No secondary sub-categories are applicable as the paper does not address topics related to Climate or Ecological Sustainable Development.,,
Unmasking the Lottery Ticket Hypothesis: Efficient Adaptive Pruning for Finding Winning Tickets,N/A,N/A,N/A,N/A,cf4b55c9ce215b22e04679100b0ded18
"The paper investigates iterative magnitude pruning (IMP), an algorithm used to identify highly sparse subnetworks within overparameterized networks that can achieve the same accuracy as full networks. It focuses on the efficiency and improvements of this method, specifically by examining linear paths in error landscapes and proposing a new adaptive pruning heuristic to reduce computation time for discovering winning tickets, with the aim of demystifying and enhancing pruning algorithms.","The paper does not directly discuss or focus on any specific climate or ecologically-related sustainable development areas. Its primary focus is on computational efficiency and deep learning model optimization, which are not specifically tied to sustainable development themes.",,There is no clear alignment between the paper's content and the predefined sub-categories as it doesn't delve into specific sustainability applications or impacts directly.,,
Unsupervised Model-based Pre-training for Data-efficient Control from Pixels,N/A,N/A,N/A,N/A,8ba8816cd0816cef5db3d1561eb88bd7
"The paper discusses an unsupervised reinforcement learning (RL) strategy to design pre-trained models aimed at enabling data-efficient visual control. Leveraging world models, it investigates how unsupervised pre-training can help artificial agents adapt to new control tasks with less data. The approach is tested against benchmarks, such as the Unsupervised RL Benchmark (URLB) and the Real World RL benchmark, proving its performance improvements in noisy environments with significantly reduced data requirements for matching the performance of supervised methods.","The main topic of the paper is not focused on climate or ecological sustainable development. It is centered around the computational efficiency of RL and model pre-training, which do not directly align with the specified categories.",,No specific sub-category within climate or ecological sustainable development applies as the paper's objective does not intersect with those themes.,,
,N/A,N/A,N/A,N/A,
,There is no explicit focus on any secondary climate or ecological sustainable development aspects within the scope of the study. The paper's emphasis is solely on methodologies for RL and computational efficiency.,,"As the main theme does not directly pertain to sustainable development in the categories listed, the sub-categories are also not applicable.",,
Vendor-neutral sequences and fully transparent workflows improve inter-vendor reproducibility of quantitative MRI,N/A,N/A,N/A,N/A,943f36bdf8c4b391a2c84cfe7c6373d9
"The paper discusses the development of vendor-neutral sequences and workflows for MRI to reduce inter-vendor variability in T1, MTR, and MTsat measurements. It aims to standardize quantitative MRI across different vendors by implementing a transparent and reproducible workflow, enhancing the reliability of multicenter clinical trials and research.",The paper is focused on improving MRI imaging techniques and does not directly address any specific Climate or Ecological Sustainable Development categories.,,No specific sub-category fits as the paper deals with MRI imaging technology rather than addressing climate or ecological issues.,,
,N/A,N/A,N/A,N/A,
,"The primary focus is on MRI technology and inter-vendor reproducibility, with no secondary themes related to Climate or Ecological Sustainable Development.",,The paper's focus remains on technical and methodological advancements in MRI without branching into sustainable development subjects.,,
Versatile Energy-Based Models for High Energy Physics,N/A,N/A,N/A,N/A,836043f926a9856f3d664769c083d28d
"The paper discusses the development and application of Energy-Based Models (EBMs) for high energy physics events at the Large Hadron Collider. It presents a generative framework for modeling particle interactions using EBMs, highlighting their flexibility and use in tasks like parameterized event generation, anomaly detection, and classification. A focus is on leveraging the self-attention mechanism to model complex inter-particle interactions, with applications in background estimation and signal detection. The paper also addresses improvements in training EBMs with techniques like the Kullback–Leibler divergence correction.","The paper does not focus on climate or ecological sustainable development but rather on high energy physics modeling, which is outside the predefined categories.",,There is no sub-category within the climate or ecological sustainable development framework that matches the paper's focus on high energy physics simulations and models.,,
,N/A,N/A,N/A,N/A,
,The content and focus of the paper do not align with any secondary sustainable development categories _  it is highly technical and geared toward physics applications.,,"As the focus is not on climate or ecological applications, there are no relevant secondary sub-categories applicable.",,
What does it mean to be an AI Ethicist: An ontology of existing roles,N/A,N/A,N/A,N/A,bd3abfa5448e8d3bcf3d64e98f89b543
"The paper examines the roles and necessary skills for responsible AI practitioners or AI ethicists, who interpret and operationalize best ethical and safe design practices for AI systems. It proposes an ontology created through analysis of industry job postings and expert interviews, aiming to guide business leaders and educators in building AI ethics teams and curricula.",The paper focuses on ethical and responsible AI practices rather than directly on climate or ecological sustainable development.,,The sub-categories are irrelevant as the paper does not address topics directly related to climate or ecological sustainable development.,,
,N/A,N/A,N/A,N/A,
,The paper does not address any climate or ecological sustainable development topics that fall into the predefined categories.,,"As there are no applicable primary categories, sub-categories don't apply here either.",,
Why Exposure Bias Matters: An Imitation Learning Perspective of Error Accumulation in Language Generation,N/A,N/A,N/A,N/A,9830f17c974b757f983617f429c22421
"The paper analyzes the issue of exposure bias in language generation models, attributing repetitive and incoherent outputs to error accumulation during the generation phase. It approaches this problem from an imitation learning perspective, providing a theoretical framework to analyze error accumulation and proposing metrics to quantify it. The study uses the GPT-2 model for empirical analysis, testing various decoding methods to reveal the impact of error accumulation on text generation quality.","The paper focuses on technical AI aspects related to language generation models, not on climate or ecological sustainability.",,None of the predefined sub-categories is relevant to the focus on error accumulation in language models.,,
,N/A,N/A,N/A,N/A,
,The paper does not address any secondary themes related to climate or ecological sustainability.,,The paper does not explore any secondary sub-categories related to climate or ecological sustainability.,,
,,,N/A,N/A,
,,,The primary focus remains on technical aspects of machine learning rather than sustainable development contexts.,,
scCobra: Contrastive cell embedding learning with domain-adaptation for single-cell data integration and harmonization,N/A,N/A,N/A,N/A,8569f0e542c6a3e0df6769957f3e05df
"The paper introduces scCobra, a deep learning method for integrating single-cell RNA-seq data from different experimental batches. It employs contrastive learning and domain adaptation to address challenges such as batch effects, without assuming gene expression distribution. The method aims to maintain biological relevance while improving computational efficiency, and it shows superior performance over existing methods in various dataset scenarios.","The content of the paper is centered on a method for biological data integration, which does not align directly with the predefined categories for Climate or Ecological Sustainable Development.",,"The sub-categories listed are specific to climate and ecological sustainability applications, which do not match the biomedical data integration focus of this paper.",,
A General-Purpose Neural Architecture for Geospatial Systems,Natural Systems Protection,Natural Systems Protection,Relief Efforts,Relief Efforts,e1f0c978b4a79572ef185af9c3dc69bd
"The paper discusses the development of a general-purpose neural architecture for geospatial systems, aimed at facilitating cooperation among researchers and Humanitarian Assistance and Disaster Response practitioners. It highlights the architecture's ability to process diverse geospatial data modalities and perform competitively across tasks related to the UN's Sustainable Development Goals. The paper provides a roadmap for creating such a model, focusing on geospatial inductive bias, self-supervised pre-training, and overall architecture design.","The primary focus is on leveraging geospatial data for applications in disaster response, which aligns with protecting natural systems during such events.",,"The architecture supports Humanitarian Assistance and Disaster Response applications, a central theme of the paper.",,
,Climate Science,N/A,Climate Modeling and Predictions,N/A,
,"The paper mentions applications in climate science, highlighting how the architecture could be used for various climate-focused tasks.",,"The architecture is intended to assist with climate science applications, including data from climate modeling domains.",,