USING TEXT CLASSIFICATION WITH A BAYESIAN CORRECTION FOR ESTIMATING OVERREPORTING IN THE CREDITOR REPORTING SYSTEM ON CLIMATE ADAPTATION FINANCE,Climate Change Adaptation,Climate Change Adaptation,Climate Finance (impact and thematic investments),Climate Finance (impact and thematic investments),2211.16947
This paper utilizes machine learning text classification methods combined with a Bayesian correction approach to detect and correct overreporting in climate adaptation finance statements within the OECD Development Assistance Committee's Creditor Reporting System.,"The primary focus of the paper is on improving the accuracy of climate adaptation finance reporting, a key component of climate change adaptation strategies.",,"The paper specifically targets the issue of overreporting in climate change adaptation finance, which falls under the broader sub-category of climate finance, focusing on the accuracy of thematic investments.",,
,Sustainable Finance,Sustainable Finance,"Environmental, Social and Governance (ESG) and Disclosures","Environmental, Social and Governance (ESG) and Disclosures",
,"The paper discusses the credibility and reporting of adaptation finance, which is closely related to sustainable finance practices.",,"The paper's focus on improving the reliability of reported figures aligns with the goals of environmental, social, and governance (ESG) disclosures in ensuring transparency and accountability.",,
,,,,,
,,,,,
CIMF: Climate impact modelling framework,Climate Change Adaptation,Climate Change Adaptation,Climate Risks Modeling,Climate Risks Modeling,2209.12080
"The paper presents a cloud-based modular framework for deploying and operating geospatial models to assess climate impacts. The framework, called CIMF, enables dynamic, flexible, and scalable workflows for climate impact modeling, including calibration, validation, and risk assessment. Flood modeling is used as an example application to demonstrate CIMF's operations. The framework aims to enhance impact modeling accuracy, reduce computational costs, and provide sophisticated uncertainty quantification.",The primary focus of the CIMF is on adapting to climate risks by modeling their impacts on social and natural systems to inform risk management and adaptation strategies.,,"The framework is explicitly designed to assess climate risks, providing tools to model impacts of climate hazards like flooding, making 'Climate Risks Modeling' the appropriate sub-category.",,
,Climate Science,Climate Science,Climate Modeling and Predictions,Climate Modeling and Predictions,
,"The paper discusses the integration of multiple models, both simulation-based and machine learning, which relates to advancing climate modeling and prediction accuracy.",,The framework supports integrating various climate models and predictions into impact assessment processes.,,
Multi-scale Digital Twin: Developing a fast and physics-informed surrogate model for groundwater contamination with uncertain climate models,Climate Change Adaptation,N/A,Climate Risks Modeling,N/A,2211.10884
"The paper presents a multi-scale digital twin model using machine learning and physics-informed approaches to predict groundwater contamination under uncertain climate scenarios. U-Net enhanced Fourier Neural Operator (U-FNO) and neural operator learning are utilized to solve PDEs for complex flow and transport simulations. The model incorporates multi-scale uncertainties in physical simulations, climate data clustering, and provides a surrogate model for real-time predictions to assist in site management and decision-making in response to climate changes.","The primary focus of the paper is on adapting to climate change impacts on groundwater contamination, offering predictive models to assess spatiotemporal variations and manage affected sites better.",,"The paper develops models that predict the impacts of climate change on groundwater contamination, an essential component of understanding and managing climate risks.",,
,Climate Science,Climate Science,Greenhouse Gases Measurement and Tracking,N/A,
,"The paper involves modeling and predicting the impacts of climate change, specifically focusing on evaluating climate data and uncertainties.",,"While the primary focus is not directly on GHGs, the relationship between climate projections and contamination encompasses aspects of climate science related to emissions and temperature impacts.","Despite the fact that it might be true, it is not mentioned in the paper.",
,Pollution,Pollution,Chemical Pollution,Chemical Pollution,
,"The paper addresses soil and groundwater contamination, a form of chemical pollution, by developing techniques to predict and manage these pollutants under varying climate conditions.",,The paper's focus on groundwater contamination directly relates to chemical pollution and the need to predict and manage these pollutants under climate change.,,
,,,,Climate Data,
,,,,Climate Modeling and Predictions,
Evaluating Digital Tools for Sustainable Agriculture using Causal Inference,Climate Change Adaptation,Climate Change Adaptation,Farmers Support,Farmers Support,2211.03195
"The paper examines the impact of digital tools on sustainable agriculture by employing causal inference. It highlights the limitations of current adoption rates of AI-driven farming technologies and the necessity of providing empirical, quantitative evidence of their benefits to farmers. An observational causal inference framework is proposed for assessing farm performance enhancements through digital recommendations, specifically examining a recommendation system for cotton sowing.",The emphasis is on adapting agricultural practices to make them more sustainable and resilient to climate change using data-driven decision support systems.,,"The proposed framework is intended to provide farmers with AI-based recommendations to optimize their agricultural practices, specifically focusing on cotton sowing to increase yield, thus supporting them through enhanced decision-making.",,
,Climate Change Mitigation,N/A,Agriculture,Agriculture,
,"The paper also touches on improving the efficiency and effectiveness of cotton sowing, which can contribute to reducing emissions indirectly by optimizing resource use.",,"While focusing on the empirical evaluation for the farmers, the paper also discusses broader implications for agriculture through digital tool assessments.",,
,,,,Food Security,
,,,,,
LSTM-RASA Based Agri Farm Assistant for Farmers,Climate Change Adaptation,Climate Change Adaptation,Farmers Support,Farmers Support,2204.09717
The paper presents the development of a chatbot named 'Farmer’s Assistant' using the RASA framework to provide expert agricultural advice to farmers. It aims to overcome the limitations of traditional call centers by offering real-time responses and support on agriculture-related queries using a deep learning approach. The chatbot is designed to guide farmers on plant protection and nutrient management by understanding user intents and providing corresponding expert advice.,"The paper focuses on using technology to support farmers in managing agricultural challenges, which is aligned with climate change adaptation, specifically under farmers support.",,"The chatbot is designed to assist farmers with expert agricultural advice on plant protection and nutrient management, directly supporting farmers in their agricultural practices.",,
,N/A,N/A,N/A,N/A,
,"The central theme of the paper is focused on agricultural support using technology, with no explicit discussion on other sustainable development categories.",,"The paper solely focuses on agricultural support through a chatbot, with no other sub-category directly addressed.",,
Towards Global Crop Maps with Transfer Learning,Climate Change Adaptation,Climate Change Adaptation,Farmers Support,Farmers Support,2211.04755
"This paper presents a deep learning approach for mapping crops using transfer learning with Sentinel-1 satellite data. The model, initially developed for paddy rice detection in South Korea, is fine-tuned to detect paddy rice in France and Spain and barley in the Netherlands. The study highlights the challenges and possibilities of using deep learning models with limited ground samples for crop mapping in different regions and crop types.","Climate change adaptation involves methods to deal with the impacts of climate change, such as changes in agricultural productivity. The paper's focus on improving crop mapping is directly related to adapting agricultural practices to better manage food security under climate pressure.",,"The sub-category 'Farmers Support' aligns with the paper's objective to improve agricultural practices by providing detailed crop maps, which assist farmers in monitoring and management.",,
,Climate Science,N/A,Climate Modeling and Predictions,N/A,
,"The paper applies deep learning to create precise crop maps, a task that involves extensive use of climate data and environmental monitoring systems.",,The usage of Earth Observation data for climate predictions relates to the sub-category of climate modeling and predictions.,,
,,,,Food Security,
,,,,,
Farmer’s Assistant: A Machine Learning Based Application for Agricultural Solutions,Climate Change Adaptation,N/A,Food Security,N/A,2204.11340
"This paper presents a Machine Learning-based application designed to assist farmers with agricultural solutions. It provides functionalities like plant disease detection, crop recommendation, and fertilizer recommendation using deep learning models such as EfficientNet and Random Forest. The application is designed to be user-friendly and aims to improve crop production by addressing common farming challenges. It also incorporates interpretability techniques to explain predictions made by its machine learning models.","The paper primarily focuses on providing tools to help farmers adapt to various agricultural challenges such as crop diseases and soil quality. These are key aspects of climate change adaptation, particularly in the context of food security.","Agriculture is not mentionned from a climat perspective. The authors focus on developping an AI tool that could help farmers, especilly in India","The main sub-category is food security because the application addresses key agricultural challenges that directly impact the yield, which is crucial for ensuring food availability and security.","Agriculture is not mentionned from a climat perspective. The authors focus on developping an AI tool that could help farmers, especilly in India",
,Climate Change Mitigation,N/A,Agriculture,N/A,
,"Though the primary focus is on adaptation, by improving agricultural efficiency and potentially reducing waste, the application has a mitigation impact as well by optimizing resources like fertilizers and supporting better crop choices.","Agriculture is not mentionned from a climat perspective. The authors focus on developping an AI tool that could help farmers, especilly in India","The application aids in agriculture through recommendations for crop types and fertilizers, which are integral to efficient farming practices.","Agriculture is not mentionned from a climat perspective. The authors focus on developping an AI tool that could help farmers, especilly in India",
,,,,,
,,,,,
,,,,,
,,,,,
Towards assessing agricultural land suitability with causal machine learning,Climate Change Adaptation,Climate Change Adaptation,Food Security,Food Security,2204.12956
"This paper focuses on employing causal machine learning to assess the suitability of agricultural land for various management practices such as crop rotation and landscape crop diversity, especially in the context of climate change adaptation. The study uses historical agricultural and climate data from Flanders, Belgium, to evaluate the heterogeneous effects of these practices on Net Primary Productivity (NPP), an indicator of climate regulation. The findings aim to support spatially targeted agricultural policies to enhance ecosystem resilience.",The primary focus is on adapting agricultural practices to be more suitable and resilient in the face of climate change.,,The research aims at ensuring food security by optimizing agricultural land use through climate-adaptive practices.,,
,Climate Change Mitigation,Climate Change Mitigation,Climate Risks Modeling,N/A,
,The paper also addresses the potential for agricultural practices to contribute to climate change mitigation through improved ecosystem services and NPP.,,"The geographical differentiation of agricultural practices based on climate risk evaluation is discussed, aligning with climate risk modeling.",,
,Climate Science,N/A,,,
,The study also involves understanding climate impacts on agriculture through data-driven climate model assessments and earth observations.,,,,
,,,,Agriculture,
Semantic Sensor Network Ontology based Decision Support System for Forest Fire Management,Climate Change Adaptation,Climate Change Adaptation,Forest Management,Forest Management,2204.03059
"This paper presents a Decision Support System (DSS) built using Semantic Sensor Network (SSN) ontology for forest fire management. The system utilizes semantic sensor networks to collect data such as wind speed, temperature, and relative humidity to calculate fire weather indices, aiding in predicting and managing forest fire risks. It includes a web-based mapping interface for visualizing changes in fire weather indices and demonstrates the use of inference rules to improve forest fire management.","The paper is primarily about managing and adapting to forest fire risks, which is a critical aspect of adapting to climate changes and protecting natural resources.",,The focus on forest fire detection and management aligns this work with the sub-category of Forest Management.,,
,Natural Systems Protection,Natural Systems Protection,Climate Risks Modeling,Climate Risks Modeling,
,"The work is also relevant to protecting natural ecosystems, such as forests, from fire destruction.",,"The system involves calculating fire weather indices, which is a form of climate risk modeling for forest fires.",,
Disaster Tweets Classification using BERT-Based Language Model,Climate Change Adaptation,N/A,Relief Efforts,N/A,2202.00795
"The paper discusses the development of a machine learning language model using BERT to classify tweets as indicating 'Disaster' or 'Not Disaster'. The aim is to aid disaster relief organizations by automating the detection of emergencies based on Twitter data. The model addresses challenges associated with processing social media text, including data cleansing and hyperparameter optimization.","The paper's primary focus is on developing a system to detect disasters in real-time via social media, which aligns with climate change adaptation through relief efforts during emergencies.","The authors don't focus on climate-related topics. ""Social networking services have became an important communication channel in time of emergency. The aim of this study is to create a machine learning language model that is able to investigate if a person or area was in danger or not""",The primary sub-category is Relief Efforts as the model aims to aid in mapping and automatically detecting emergencies from Twitter to facilitate timely disaster response.,"The authors don't focus on climate-related topics. ""Social networking services have became an important communication channel in time of emergency. The aim of this study is to create a machine learning language model that is able to investigate if a person or area was in danger or not""",
,,,,,
,,,,,
Personalizing Sustainable Agriculture with Causal Machine Learning,Climate Change Mitigation,Climate Change Mitigation,Agriculture,Agriculture,2211.03179
"The paper discusses the use of causal machine learning to personalize sustainable agricultural practices, with the goal of transforming agriculture from a carbon emitter to a carbon sink. The study focuses on estimating the field-level effects of sustainable practices on Soil Organic Carbon (SOC) content in Lithuania. By leveraging climate data and land use information, the authors propose a framework for providing personalized, actionable recommendations for sustainable agriculture, aiming to expand the global carbon sink.","The primary focus of the paper is on transforming agriculture into a carbon sink, which directly contributes to greenhouse gas reduction and climate change mitigation.",,"The paper focuses on sustainable agricultural practices and their impact on carbon sequestration, aligning with the Agriculture sub-category under Climate Change Mitigation.",,
,Natural Systems Protection,Natural Systems Protection,Biodiversity,N/A,
,"The paper discusses the impact of agricultural practices on soil health, which aligns with the goals of protecting natural systems.",,"While focused on agriculture, the sustainable practices also potentially impact broader ecological systems and biodiversity within agricultural landscapes.","Lands for agriculture are targeted, not the biodiversity.",
,,Climate Change Adaptation,,Farmers Support,
,,,,,
Towards an efficient and risk aware strategy for guiding farmers in identifying best crop management,Climate Change Mitigation,N/A,Agriculture,N/A,2210.04537
"This paper presents a strategy for guiding farmers in identifying the best crop management practices using a bandit algorithm. The authors propose a risk-aware approach to minimize farmers' losses during the identification of optimal fertilizer practices, using Conditional Value-at-Risk (CVaR) and Yield Excess (YE) as metrics. The study demonstrates the effectiveness of the bandit algorithm over traditional methods through simulations in Southern Mali, focusing on nitrogen fertilization for maize production.","The paper addresses reducing environmental impacts and increasing efficiency in agriculture through advanced management practices, aligning with Climate Change Mitigation goals.","Climate-related topics are not central. The authors focus on the best fertilizers strategies in terms of efficiency and productivity. ""We addressed the problem of the identification of best maize fertilizer practices [...]. Our goal was to provide an identification strategy that minimized farmers’ yield losses occurring during field trials, compared to the ‘intuitive strategy’ which consisted of multi-year field trials with an equal proportion of each fertilizer practice tested each growing season"". They only mention climate change as a limit of their work.""As another limit, in simulations, we considered climate to be the same during the 20 years of the experiment.""","The paper is focused on improving agricultural practices by identifying optimal crop management strategies, specifically through nitrogen fertilization techniques.","Climate-related topics are not central. The authors focus on the best fertilizers strategies in terms of efficiency and productivity. ""We addressed the problem of the identification of best maize fertilizer practices [...]. Our goal was to provide an identification strategy that minimized farmers’ yield losses occurring during field trials, compared to the ‘intuitive strategy’ which consisted of multi-year field trials with an equal proportion of each fertilizer practice tested each growing season"". They only mention climate change as a limit of their work.""As another limit, in simulations, we considered climate to be the same during the 20 years of the experiment.""",
,Climate Change Adaptation,N/A,Farmers Support,N/A,
,"The paper deals with adapting crop management strategies to changing weather patterns, which is a key aspect of climate change adaptation.","Climate-related topics are not central. The authors focus on the best fertilizers strategies in terms of efficiency and productivity. ""We addressed the problem of the identification of best maize fertilizer practices [...]. Our goal was to provide an identification strategy that minimized farmers’ yield losses occurring during field trials, compared to the ‘intuitive strategy’ which consisted of multi-year field trials with an equal proportion of each fertilizer practice tested each growing season"". They only mention climate change as a limit of their work.""As another limit, in simulations, we considered climate to be the same during the 20 years of the experiment.""",The focus on providing decision support for farmers to optimize crop management aligns with supporting farmer resilience.,"Climate-related topics are not central. The authors focus on the best fertilizers strategies in terms of efficiency and productivity. ""We addressed the problem of the identification of best maize fertilizer practices [...]. Our goal was to provide an identification strategy that minimized farmers’ yield losses occurring during field trials, compared to the ‘intuitive strategy’ which consisted of multi-year field trials with an equal proportion of each fertilizer practice tested each growing season"". They only mention climate change as a limit of their work.""As another limit, in simulations, we considered climate to be the same during the 20 years of the experiment.""",
"Towards technological adaptation of advanced farming through AI, IoT, and Robotics: A Comprehensive overview",Climate Change Mitigation,N/A,Agriculture,N/A,2202.10459
"This paper explores the implementation and potential of Artificial Intelligence (AI), Internet of Things (IoT), and Robotics in modern agriculture. It addresses technological advances that provide solutions to issues like food security and environmental sustainability, offering detailed insights into how these technologies increase efficiency, reduce resources, and improve overall agricultural productivity. The chapter provides an overview of current implementations, challenges, and future directions for AI, IoT, and Robotic methodologies in agriculture.","The central theme is utilizing technology to enhance agricultural efficiency and sustainability, which aligns with mitigating climate change impacts through advanced farming methods.","The paper focuses on adaptation. Despite the fact that improving agriculture through AI, IoT, and Robotics might help to mitigate climate change, the authors want the humanity to be able to face environmental evolutions and constraints. ""AI, IoT, Robotics based technology is most likely to succeed as the existing technology to power-up against upcoming challenges to successfully handle all situations.""","The entire focus of the paper is on utilizing AI, IoT, and Robotics for improving agricultural practices, thus sitting primarily under the sub-category of Agriculture.","The paper focuses on adaptation. Despite the fact that improving agriculture through AI, IoT, and Robotics might help to mitigate climate change, the authors want the humanity to be able to face environmental evolutions and constraints. ""AI, IoT, Robotics based technology is most likely to succeed as the existing technology to power-up against upcoming challenges to successfully handle all situations.""",
,Climate Change Adaptation,Climate Change Adaptation,Food Security,Food Security,
,"The paper addresses adaptation measures to global warming issues, which is a part of climate change adaptation efforts in agriculture.",,"The paper discusses ensuring food security through advanced technology, which is an adaptation strategy.",,
,,,,Farmers Support,
,,,,,
,,,,,
,,,,,
iGrow: A Smart Agriculture Solution to Autonomous Greenhouse Control,Climate Change Mitigation,N/A,Agriculture,N/A,2107.05464
"The paper presents iGrow, a smart agriculture tool designed for autonomous greenhouse control, optimizing factors such as climate and crop growth to enhance yields and profits. It involves a neural network-based simulator and a bi-level optimization algorithm for refined greenhouse strategy implementation.","The primary focus of the paper is on enhancing agricultural efficiency through AI and IoT, which indirectly supports climate change mitigation by optimizing resource use and reducing emissions associated with agriculture.","Despite the fact that improving agriculture through autonomous greenhouse control might help to mitigate and adapt to climate change, climate-related topics are not mentioned. ""With the global challenge in food caused by the continuous population growth, the transformation and upgrading of the agricultural industry is urgently in need [...]. As a result, the greenhouse industry is expanding rapidly due to the ability to provide fresh food steadily [...]"". ","The paper specifically targets agriculture, focusing on improving greenhouse control for better crop yields and sustainability.","Despite the fact that improving agriculture through autonomous greenhouse control might help to mitigate and adapt to climate change, climate-related topics are not mentioned. ""With the global challenge in food caused by the continuous population growth, the transformation and upgrading of the agricultural industry is urgently in need [...]. As a result, the greenhouse industry is expanding rapidly due to the ability to provide fresh food steadily [...]"". ",
,Climate Change Adaptation,N/A,Food Security,N/A,
,"By increasing agricultural efficiency, the smart greenhouse system indirectly aids in adapting to climate impacts by ensuring food security.","Despite the fact that improving agriculture through autonomous greenhouse control might help to mitigate and adapt to climate change, climate-related topics are not mentioned. ""With the global challenge in food caused by the continuous population growth, the transformation and upgrading of the agricultural industry is urgently in need [...]. As a result, the greenhouse industry is expanding rapidly due to the ability to provide fresh food steadily [...]"". ","Enhanced food production efficiency contributes to food security, a key aspect of climate change adaptation.","Despite the fact that improving agriculture through autonomous greenhouse control might help to mitigate and adapt to climate change, climate-related topics are not mentioned. ""With the global challenge in food caused by the continuous population growth, the transformation and upgrading of the agricultural industry is urgently in need [...]. As a result, the greenhouse industry is expanding rapidly due to the ability to provide fresh food steadily [...]"". ",
Long-term Spatio-Temporal Forecasting via Dynamic Multiple-Graph Attention,Climate Change Mitigation,N/A,Air Pollution,N/A,2204.11008
The paper discusses the challenges and solutions related to long-term spatio-temporal forecasting (LSTF) using multi-graph neural networks (MGNNs). It proposes new graph models and a dynamic graph fusion module to improve predictions in applications like air pollution monitoring and parking recommendation. The study introduces the 'heuristic graph' model for better contextual data integration and proposes a novel dynamic multi-graph fusion approach using spatial and graph attention mechanisms. Extensive experiments on real-world datasets demonstrate the efficacy of the proposed model.,"The primary focus of the paper aligns with climate change mitigation due to its emphasis on applications such as air pollution monitoring and optimizing urban systems, potentially reducing greenhouse gases and improving air quality.","This is a technical paper. It doesn't focus on climate-related topics. ""Many real-world ubiquitous applications, such as parking recommendations and air pollution monitoring, benefit significantly from accurate longterm spatio-temporal forecasting (LSTF).""",The paper’s air pollution monitoring application directly addresses the sub-category of air pollution within the context of climate change mitigation.,"This is a technical paper. It doesn't focus on climate-related topics. ""Many real-world ubiquitous applications, such as parking recommendations and air pollution monitoring, benefit significantly from accurate longterm spatio-temporal forecasting (LSTF).""",
,Climate Science,N/A,Climate Modeling and Predictions,N/A,
,"The use of advanced forecasting and predictive models for tasks like air pollution monitoring falls under climate science, contributing to better understanding and predicting environmental patterns.","This is a technical paper. It doesn't focus on climate-related topics. ""Many real-world ubiquitous applications, such as parking recommendations and air pollution monitoring, benefit significantly from accurate longterm spatio-temporal forecasting (LSTF).""","The methodologies described in the paper for enhancing spatio-temporal forecasting contribute to climate modeling and predictions, aiding in environmental monitoring and management.","This is a technical paper. It doesn't focus on climate-related topics. ""Many real-world ubiquitous applications, such as parking recommendations and air pollution monitoring, benefit significantly from accurate longterm spatio-temporal forecasting (LSTF).""",
Battery Cloud with Advanced Algorithms,Climate Change Mitigation,Climate Change Mitigation,Battery Energy Storage System (BESS),Battery Energy Storage System (BESS),2203.03737
"The paper presents a cloud-based battery management system called Battery Cloud, which leverages IoT and cloud computing to enhance battery safety, performance, and economy. It includes methods for state of charge (SOC) and state of health (SOH) estimation, advanced algorithms for anomaly detection, and potential applications in battery manufacture, recycling, and electric vehicle swaps.","The primary focus of the paper is on enhancing the efficiency and safety of batteries used in electric vehicles and energy storage systems, which are crucial for renewable energy integration and transportation electrification.",,"The paper describes a system that manages and improves the performance of batteries used in energy storage, which is a direct application of Battery Energy Storage System technologies.",,
,Pollution,Pollution,Waste,Waste,
,"The paper briefly mentions recycling as a potential application of the Battery Cloud, which aligns with sustainable waste management.",,The mention of recycling as an application indicates an alignment with waste reduction and management strategies.,,
,,,,Renewable Energy and Grid Optimization,
,,,,,
Battery and Hydrogen Energy Storage Control in a Smart Energy Network with Flexible Energy Demand using Deep Reinforcement Learning,Climate Change Mitigation,Climate Change Mitigation,Battery Energy Storage System (BESS),Battery Energy Storage System (BESS),2208.12779
"This paper introduces a hybrid energy storage system that combines battery and hydrogen storage to address the uncertainties in renewable energy production and consumption. The goal is to enhance renewable energy utilization, reduce energy costs, and lower carbon emissions while maintaining energy stability and reliability. The proposed method utilizes a deep reinforcement learning-based control strategy to optimize scheduling in real-time.","The primary focus of the paper is on reducing carbon emissions and improving renewable energy utilization through the optimization of energy storage systems within smart energy networks, which aligns with climate change mitigation efforts.",,"Battery energy storage system (BESS) plays a central role in the paper's exploration of energy storage control strategies, specifically through optimizing the scheduling of battery and hydrogen storage systems using deep reinforcement learning.",,
,Climate Science,N/A,Renewable Energy and Grid Optimization,Renewable Energy and Grid Optimization,
,"The paper's evaluation is based on simulations from real-world data, contributing to climate data modeling and predictions, albeit indirectly.",,"The paper focuses on optimizing the integration of renewable energy sources like solar and wind into the grid using energy storage systems, directly linking to grid optimization for renewable energy.",,
Proximal Policy Optimization Based Reinforcement Learning for Joint Bidding in Energy and Frequency Regulation Markets,Climate Change Mitigation,Climate Change Mitigation,Battery Energy Storage System (BESS),Battery Energy Storage System (BESS),2212.06551
"The paper presents an advanced approach using proximal policy optimization in reinforcement learning to develop a bidding strategy for Battery Energy Storage Systems (BESS) in energy and frequency regulation markets. The study aims at maximizing the total profit of BESS under uncertain market conditions by participating both in the spot market and the frequency control ancillary services (FCAS) market. The approach is validated using real-world data from the Australian National Electricity Market, demonstrating higher profitability in combined markets than separately.","The paper's primary focus is on using battery energy storage systems for efficiency and optimization in energy grids, contributing to reducing dependence on fossil fuels and increasing renewable energy usage, which aligns with climate change mitigation strategies.",,"The study specifically addresses the operation and optimization of BESS in energy and frequency regulation markets, highlighting how BESS can adapt to and optimize market participation for increased profitability, aligning with this sub-category.",,
,N/A,N/A,N/A,Renewable Energy and Grid Optimization,
,"The paper is predominantly focused on climate change mitigation through energy optimization, specifically with battery energy storage systems. It does not extend into secondary areas significantly.",,"While the study mentions broader market dynamics, its primary focus remains on BESS optimization, without significant exploration of other sub-categories.",,
,,,,,
,,,,,
Transfer Learning and Vision Transformer based State-of-Health prediction of Lithium-Ion Batteries,Climate Change Mitigation,Climate Change Mitigation,Battery Energy Storage System (BESS),Battery Energy Storage System (BESS),2209.05253
"This paper presents a method for predicting the state-of-health (SOH) of lithium-ion batteries by leveraging Vision Transformer (ViT) models combined with transfer learning. The approach captures battery cycle features to predict the SOH, improving prediction accuracy by fine-tuning the model with data from early cycles of a target task battery. Experiments demonstrate better performance compared to existing methods. The research addresses the prediction challenges for lithium-ion battery lifespan in the context of transportation electrification.","The primary focus of the paper is on extending the life and optimizing the performance of lithium-ion batteries, which are a key component of renewable energy storage solutions and electric vehicles, directly contributing to climate change mitigation through improved battery management systems in electric vehicles.",,"The paper specifically deals with state-of-health prediction and management of lithium-ion batteries, which are critical for Battery Energy Storage Systems, emphasizing its role in optimizing battery performance and longevity.",,
,Climate Science,N/A,Climate Modeling and Predictions,N/A,
,"The paper involves the use of advanced prediction methods and modeling techniques (Vision Transformer, deep learning) to improve the understanding and prediction of battery health, aligning with climate science objectives of improving technological responses to climate challenges.",,"Utilization of Vision Transformers and Transfer Learning for predicting battery health embodies advanced modeling and predictive analytics, a key aspect of climate modeling and prediction research areas.",,
,,,,Transportation,
,,,,Renewable Energy and Grid Optimization,
A POMDP Model for Safe Geological Carbon Sequestration,Climate Change Mitigation,Climate Change Mitigation,Carbon Capture and Storage (CCS),Carbon Capture and Storage (CCS),2212.00669
"This paper presents a POMDP model for managing geological carbon sequestration (CCS), focusing on safe storage of CO2 in subsurface formations. It addresses uncertainties in storage formation structure that pose environmental risks. By employing POMDP solvers, the paper compares the performance of these solving techniques against expert baselines, demonstrating improvements in safety and efficiency in CCS operations.",The paper's focus on enhancing the efficiency and safety of geological carbon sequestration directly relates to strategies for Climate Change Mitigation.,,"The paper's primary subject is the development of models to improve CCS processes, which includes considerations for CO2 storage safety, efficacy, and decision-making under uncertainty.",,
,Climate Science,N/A,Climate Modeling and Predictions,N/A,
,"While the primary focus is on mitigating emissions, the paper also explores modeling uncertainties and dynamics in geological formations, which is a detailed scientific aspect within the climate sciences.",,"Part of the paper involves modeling the CO2 storage processes and the associated uncertainties, which falls under the category of climate modeling and predictions.",,
,,,,Carbon Removal,
,,,,,
De-risking Carbon Capture and Sequestration with Explainable CO2 Leakage Detection in Time-lapse Seismic Monitoring Images,Climate Change Mitigation,Climate Change Mitigation,Carbon Capture and Storage (CCS),Carbon Capture and Storage (CCS),2212.08596
The paper discusses the use of deep learning models for detecting CO2 leakage in carbon capture and storage (CCS) projects using time-lapse seismic imaging. It introduces binary classification models to identify CO2 plumes and uses Class Activation Mapping for localization of leakage regions.,"The paper directly addresses Carbon Capture and Storage (CCS) technology, which is a key strategy for reducing atmospheric CO2 levels and mitigating climate change.",,"The paper discusses CCS technology primarily focused on detecting CO2 leakage, which is a direct concern of the CCS process.",,
,Climate Science,N/A,Climate Modeling and Predictions,N/A,
,The use of time-lapse seismic monitoring is an application of climate science techniques to better understand CO2 dynamics in geological formations.,,"The paper involves modeling CO2 dynamics within subsurface geological formations, akin to climate modeling techniques to understand and predict behavior within the CCS context.",,
,,,,,
,,,,,
B-SMART: A Reference Architecture for Artificially Intelligent Autonomic Smart Buildings,Climate Change Mitigation,Climate Change Mitigation,Energy Efficiency in Buildings,Energy Efficiency in Buildings,2211.03219
"The paper introduces B-SMART, a reference architecture designed to accelerate the integration of artificial intelligence in smart buildings to enhance energy efficiency and reduce carbon emissions. It outlines the autonomic systems approach and delineates a framework for the systematic application of AI in smart buildings, addressing gaps in guidance for engineers and architects.","The primary goal of the paper is to present an AI-based architecture for smart buildings, which directly targets reducing energy consumption and carbon emissions, thus contributing to climate change mitigation efforts.",,"The paper focuses on smart building architecture to improve building performance and optimize energy use, fitting well within the sub-category of Energy Efficiency in Buildings.",,
,Climate Change Adaptation,N/A,Renewable Energy and Grid Optimization,Renewable Energy and Grid Optimization,
,"While the primary focus is on reducing emissions, the architecture also supports improved building operations, which can enhance resilience to changing climate patterns.",,"Smart buildings could potentially connect with renewable energy sources and grids, optimizing their operations based on availability and demand.",,
Greenhouse gases emissions: estimating corporate non-reported emissions using interpretable machine learning,Climate Change Mitigation,Climate Change Adaptation,Greenhouse Gases Measurement and Tracking,Greenhouse Gases Measurement and Tracking,2212.10844
"This paper proposes a machine learning-based model to estimate scope 1 and scope 2 greenhouse gas emissions for companies that have not reported their emissions. The model is designed to be interpretable and compares favorably with existing methodologies, yielding more accurate results. It includes a detailed methodological approach and validation against known datasets to ensure its accuracy and robustness.","The paper primarily addresses the measurement and estimation of greenhouse gas emissions, which is a crucial part of efforts to mitigate climate change impacts.",,"The paper's primary focus is on estimating and tracking greenhouse gas emissions using machine learning, fitting this sub-category.",,
,Climate Science,N/A,"Environmental, Social and Governance (ESG) and Disclosures","Environmental, Social and Governance (ESG) and Disclosures",
,"The paper involves the creation of a model that aids in understanding and estimating greenhouse gas emissions, contributing to climate science by providing tools to estimate environmental impacts.",,The paper contributes to ESG by suggesting models for emission estimation that can be used in disclosure processes to meet regulatory requirements and engage stakeholders.,,
,Sustainable Finance,Sustainable Finance,,,
,"It discusses the financial implications of reporting and correctly estimating GHG emissions for businesses, which ties into sustainable finance as companies need to manage and disclose climate-related financial risks and opportunities.",,,,
Accelerated Design and Deployment of Low-Carbon Concrete for Data Centers,Climate Change Mitigation,Climate Change Mitigation,Industry,Industry,2204.05397
"This paper presents the use of conditional variational autoencoders (CVAEs), a type of AI model, to discover low-carbon concrete formulas that meet necessary engineering performance requirements for data centers. The study combines computational predictions, laboratory experiments, and field deployment to reduce the environmental impact of concrete, particularly regarding carbon emissions associated with traditional cement production.","The development of low-carbon concrete directly contributes to mitigating climate change by aiming to reduce carbon emissions from cement production, a major contributor to global greenhouse gas emissions.",,"The paper specifically targets the concrete industry by developing a novel, low-carbon concrete mixture as a component of industrial materials.",,
,Sustainable Finance,N/A,"Environmental, Social and Governance (ESG) and Disclosures",N/A,
,"The paper's methods and outcomes indirectly support sustainable finance by providing a lower-carbon material option for construction that can align with environmental, social, and governance (ESG) criteria in the construction and real estate sectors.","Despite the fact that it might be true, it is not mentioned in the paper.","While not a direct focus, the reduced-carbon concrete supports ESG goals by potentially contributing to lower carbon footprints in new constructions such as data centers.","Despite the fact that it might be true, it is not mentioned in the paper.",
,,,,Renewable Energy and Grid Optimization,
,,,,Energy Efficiency in Buildings,
Consistent Training via Energy-Based GFlowNets for Modeling Discrete Joint Distributions,Climate Change Mitigation,N/A,Industry,N/A,2211.00568
"The paper introduces Joint Energy-Based GFlowNets (JEBGFNs), which extend the capabilities of GFlowNets by combining them with energy-based models to jointly learn multiple variables, such as biological sequences and their properties like antimicrobial activity. It focuses on improving the diversity and adaptability of generated biological sequences for applications like antimicrobial peptide generation. The paper evaluates the performance of these models in generating diverse and high-scoring antimicrobial peptides and in active learning contexts.","Although the primary focus isn't directly on climate or ecology, generating antimicrobial peptides aligns with sustainable development due to its impact on healthcare and reducing the ecological footprint of traditional antimicrobial methods.","This paper is a techincal one. Despite the fact that material science is specified as a potential application, this is not the only one. ""Biological sequence design is a problem of paramount importance for various use cases such as design of new materials, discovering new drugs, and so on..""",The generation of antimicrobial peptides impacts the pharmaceutical industry by potentially providing sustainable and efficient solutions for drug development.,"This paper is a techincal one. Despite the fact that material science is specified as a potential application, this is not the only one. ""Biological sequence design is a problem of paramount importance for various use cases such as design of new materials, discovering new drugs, and so on..""",
,N/A,N/A,N/A,N/A,
,The paper primarily focuses on antimicrobial peptide generation and does not explicitly target secondary climate or ecological sustainable development themes.,,Other sub-categories are not directly addressed in the context of this paper's focus on antimicrobial peptides.,,
Applications of blockchain and artificial intelligence technologies for enabling prosumers in smart grids: A review,Climate Change Mitigation,Climate Change Mitigation,Renewable Energy and Grid Optimization,Renewable Energy and Grid Optimization,2202.10098
"The paper explores the integration of blockchain and artificial intelligence (AI) technologies in smart grids to support prosumers—individuals who both consume and produce energy. It reviews policy designs for carbon pricing and discusses new energy market structures facilitated by blockchain technologies. The paper also explores the use of AI for optimizing power system operations, highlighting how these digital technologies can help in achieving net-zero emissions by enhancing energy efficiency, facilitating decentralized energy trading, and promoting the engagement of prosumers in energy markets.","The paper focuses on methods to increase energy efficiency and incorporate renewable energy through smart grids, aligning with climate change mitigation efforts.",,The focus on integrating prosumers into energy markets using smart grid technology falls under renewable energy and grid optimization.,,
,Climate Science,Climate Science,"Monitoring, Reporting and Verification",N/A,
,"The paper discusses carbon tracing and the mechanisms for pricing carbon emissions, aligning with the goals of climate science.",,"The paper discusses carbon emissions tracing and pricing, which are part of verifying and monitoring carbon impacts.",,
,,,,Climate Finance (impact and thematic investments),
,,,,Greenhouse Gases Measurement and Tracking,
Energy System Digitization in the Era of AI: A Three-Layered Approach towards Carbon Neutrality,Climate Change Mitigation,Climate Change Mitigation,Renewable Energy and Grid Optimization,Renewable Energy and Grid Optimization,2211.04584
"The paper discusses the role of AI in accelerating the transition to a carbon-neutral electricity sector. It presents a three-layered approach encompassing technology, markets, and policy to tailor AI applications for significant impact in the carbon-neutral transition of electric grids.","The paper extensively discusses strategies to accelerate carbon neutrality in the electricity sector, which aligns with mitigating climate change.",,The paper describes the integration of renewable energy and optimizing the grid using AI for carbon neutrality.,,
,Climate Science,N/A,Climate Modeling and Predictions,N/A,
,There is a significant focus on translating AI for climate predictions and decision making in energy systems.,"The predictions the authors discuss about are not driven by climate features. "" For example, it can be shown that battery cycle life can be predicted by linear regression with properly selected input features"" ",AI's role in predicting and managing energy systems in response to climate change is discussed.,The authors don't focus on climate models and predictions but on a better management of energy to achive greenhouse emissions reduction ,
Optimal Event Monitoring through Internet Mashup over Multivariate Time Series,Climate Change Mitigation,N/A,Renewable Energy and Grid Optimization,N/A,2210.09992
"The paper discusses a Web-Mashup Application Service Framework for multivariate time series analytics (MTSA), designed to enhance event monitoring by combining domain knowledge and formal learning techniques. It uses a case study involving electric power management in a microgrid to illustrate its application.","The framework aims to optimize energy use in microgrids, representing a fundamental aspect of climate change mitigation by improving energy efficiency and potentially integrating renewable energy sources.","Climate-related topics are not central.""Observing behaviors, trends, and patterns on multivariate time series (Bisgaard & Kulahci, 2011; Chatfield, 2001) has been broadly used in various application domains, such as financial markets, medical treatments, economic studies, and electric power management."" / ""The goal of examining those characteristics over multivariate time series on events is to support decision makers, e.g., financial analysts, physicians, and sociologists, to better understand a problem in different perspectives [...]",The application of the framework to the microgrid for event monitoring and load management directly aligns with optimizing grid operations with renewable integration.,"Climate-related topics are not central.""Observing behaviors, trends, and patterns on multivariate time series (Bisgaard & Kulahci, 2011; Chatfield, 2001) has been broadly used in various application domains, such as financial markets, medical treatments, economic studies, and electric power management."" / ""The goal of examining those characteristics over multivariate time series on events is to support decision makers, e.g., financial analysts, physicians, and sociologists, to better understand a problem in different perspectives [...]",
,Climate Science,N/A,Climate Modeling and Predictions,N/A,
,"The study involves modeling and predictions for energy consumption and demand, akin to aspects found in climate science concerning the modeling of environmental systems and their components.","Climate-related topics are not central.""Observing behaviors, trends, and patterns on multivariate time series (Bisgaard & Kulahci, 2011; Chatfield, 2001) has been broadly used in various application domains, such as financial markets, medical treatments, economic studies, and electric power management."" / ""The goal of examining those characteristics over multivariate time series on events is to support decision makers, e.g., financial analysts, physicians, and sociologists, to better understand a problem in different perspectives [...]","The paper discusses parameter learning and optimization based on multivariate time series analytics, similar to modeling and prediction tasks in climate science.","Climate-related topics are not central.""Observing behaviors, trends, and patterns on multivariate time series (Bisgaard & Kulahci, 2011; Chatfield, 2001) has been broadly used in various application domains, such as financial markets, medical treatments, economic studies, and electric power management."" / ""The goal of examining those characteristics over multivariate time series on events is to support decision makers, e.g., financial analysts, physicians, and sociologists, to better understand a problem in different perspectives [...]",
Reinforcement learning for Energies of the future and carbon neutrality: a Challenge Design,Climate Change Mitigation,Climate Change Mitigation,Renewable Energy and Grid Optimization,Renewable Energy and Grid Optimization,2207.10330
"The paper discusses a challenge design aimed at promoting the development of reinforcement learning (RL) for optimizing power network operations in the context of carbon neutrality by 2050. It focuses on balancing production and consumption, minimizing losses, and integrating renewable energy within the French electricity network, following scenarios set by RTE for a carbon-neutral future. The challenge utilizes a reinforcement learning framework to simulate power network operations, encouraging advancements in AI to support energy transitions.","The focus on optimizing electricity transportation systems, reducing greenhouse gas emissions, and integrating renewable energy primarily aligns with Climate Change Mitigation efforts.",,"The challenge directly targets the integration of renewable energy into the grid and optimization of grid operations, primarily through reinforcement learning techniques.",,
,Climate Science,N/A,Climate Modeling and Predictions,N/A,
,The paper indirectly contributes to climate science by providing a realistic simulation framework that can model power system scenarios and predict outcomes related to climate change.,,"The challenge involves creating and simulating scenarios that predict and model the energy landscape under climate-neutral goals, contributing to climate modeling and predictions.",,
,,,,Battery Energy Storage System (BESS),
Sustainability using Renewable Electricity (SuRE) towards NetZero Emissions,Climate Change Mitigation,Climate Change Mitigation,Renewable Energy and Grid Optimization,Renewable Energy and Grid Optimization,2202.13101
"The paper presents a scalable AI-based solution to help organizations increase their renewable electricity consumption, providing energy demand forecasts and carbon offset recommendations to achieve Net-Zero emissions. It focuses on optimizing the use of renewable energy in commercial buildings through predictive analytics.","The primary theme is reducing carbon footprints through increased renewable energy use, aligning with climate change mitigation efforts.",,"The paper discusses optimizing renewable electricity consumption in buildings, a core aspect of grid optimization for renewables.",,
,Pollution,N/A,Air Pollution,N/A,
,"The paper discusses reducing carbon emissions, which is directly related to pollution control.","Despite the fact that it might be true, it is not mentioned in the paper.",Reducing greenhouse gas emissions directly contributes to reducing air pollution.,"Despite the fact that it might be true, it is not mentioned in the paper.",
,,,,Energy Efficiency in Buildings,
Towards Sustainable Artificial Intelligence: An Overview of Environmental Protection Uses and Issues,Climate Change Mitigation,Climate Change Mitigation,Renewable Energy and Grid Optimization,Renewable Energy and Grid Optimization,2212.11738
"This paper explores the dual role of AI in environmental sustainability. It highlights AI's potential in creating sustainable production methods, modeling climate change, and providing solutions for environmental protection in various sectors like smart cities, energy, agriculture, and biodiversity. The paper also addresses the environmental costs associated with AI use, such as energy consumption and carbon emissions. It emphasizes the need for integrating environmental considerations into AI development and examines emerging technologies aimed at reducing AI's ecological footprint.","The paper discusses AI applications in promoting renewable energy, optimizing urban planning, and improving energy efficiency, all aimed at reducing climate change impacts.",,"The paper emphasizes AI's role in improving the performance and efficiency of renewable energy systems, which aligns closely with this sub-category.",,
,Climate Change Adaptation,Climate Change Adaptation,Energy Efficiency in Buildings,Energy Efficiency in Buildings,
,The paper includes discussions on AI's role in predicting and adapting to climate change and natural disasters.,,AI's applications in smart city development and energy efficiency projects in building management systems are discussed in the paper.,,
,Natural Systems Protection,Natural Systems Protection,Biodiversity,N/A,
,"AI applications in preserving biodiversity and ecosystem monitoring are discussed, indicating the paper's coverage of natural systems protection.",,The use of AI in monitoring ecosystems and preserving biodiversity is highlighted in the paper.,"Everything related to the ""Natureal Systems Protections"" category should have been identified by the AI (at least biodiversity, forest management and ocean protection)",
,,,,Relief Efforts,
,,,,Greenhouse Gases Measurement and Tracking,
,,,,Agriculture,
,,,,Food Security,
,,,,Farmers Support,
,,,,Industry,
,,,,Climate Risks Modeling,
,,Climate Science,,Climate Modeling and Predictions,
,,,,Transportation,
,,Pollution,,,
,,"Everything related to the ""Pollution"" category should have been identified by the AI (air pollution, chemicals and waste)",,,
WATCH: Wasserstein Change Point Detection for High-Dimensional Time Series Data,Climate Change Mitigation,N/A,Renewable Energy and Grid Optimization,N/A,2201.07125
"The paper presents WATCH, a Wasserstein distance-based method for change point detection designed specifically for high-dimensional and multivariate time series data. It addresses the limitations of existing methods by offering a robust approach to detect changes in dynamic datasets relevant in areas such as smart grids and traffic flow prediction.","The primary theme is optimization and efficiency in energy systems and grid monitoring, which align with the facets of Climate Change Mitigation, specifically in Renewable Energy and Grid Optimization.","This paper is a technical one. ""In this paper, we address this gap by proposing WATCH, a method based on the Wasserstein distance specifically targeted for high-dimensional time series data"". Climate-related topics are not central. ""An analysis of the existing literature in change point detection reveals a large number of approaches. However, modern real-world applications such as traffic flow prediction, human activity recognition, and renewable energy plants monitoring in smart grids and settings characterized by geo-distributed data are strongly characterized by multivariate and often high-dimensional data""","The methodology is applied to smart grids and renewable energy monitoring, aiming for optimized energy management and efficient resource use, key components of Renewable Energy and Grid Optimization.","This paper is a technical one. ""In this paper, we address this gap by proposing WATCH, a method based on the Wasserstein distance specifically targeted for high-dimensional time series data"". Climate-related topics are not central. ""An analysis of the existing literature in change point detection reveals a large number of approaches. However, modern real-world applications such as traffic flow prediction, human activity recognition, and renewable energy plants monitoring in smart grids and settings characterized by geo-distributed data are strongly characterized by multivariate and often high-dimensional data""",
,N/A,N/A,Transportation,N/A,
,"The focus is predominantly on optimization within energy and transportation systems, fitting entirely within Climate Change Mitigation without branching into distinct sustainable development themes.",,"The application of the method to traffic flow prediction suggests secondary relevance to transportation systems, optimizing the understanding and management of transportation data.","Despite the fact that it might be true, it is not mentioned in the paper.",
,,,,,
,,,,,
A Comparative Study of Machine Learning and Deep Learning Techniques for Prediction of CO2 Emission in Cars,Climate Change Mitigation,Climate Change Mitigation,Transportation,Transportation,2211.08268
"The paper evaluates various machine learning and deep learning techniques to predict CO2 emissions from cars. It highlights the discrepancies in CO2 emissions data supplied by the government and aims to employ AI for accurate prediction of vehicular emissions to inform climate-related policy decisions, like the adoption of electric vehicles. The study compares models such as Random Forest, XGBoost, and Neural Networks, and explores ensemble techniques for improved predictions.","The primary focus of the paper is on reducing CO2 emissions from cars by improving their prediction, which is a critical part of mitigating climate change impacts.",,"The main domain explored in this paper is transportation, specifically targeting CO2 emissions from vehicles, which aligns with the transportation sub-category under Climate Change Mitigation.",,
,Climate Change Adaptation,N/A,,,
,"The prediction models can inform policy adaptations, such as shifting to different vehicle technologies or fuels, to adapt to changing climate conditions.","The aim of the author is to mesure greenhouse gases related to vehicules to tackle/mitigate greenhouses emissions. ""Further, this can be used to foretell the rise in global temperature and to ground crucial policy decisions like the adoption of electric vehicles."". Thus, ""Climate Change Mitigation"" and ""Clime Science"" are the best categories",,,
,,Climate Science,,Greenhouse Gases Measurement and Tracking,
,,,,Climate Modeling and Predictions,
,,,,Renewable Energy and Grid Optimization,
STCGAT: A Spatio-temporal Causal Graph Attention Network for traffic flow prediction in Intelligent Transportation Systems,Climate Change Mitigation,Climate Change Mitigation,Transportation,Transportation,2203.10749
"This paper presents a novel Spatio-temporal Causal Graph Attention Network (STCGAT) designed for traffic flow prediction in Intelligent Transportation Systems (ITS). By integrating next-generation information technologies like AI and IoT, it addresses challenges in capturing dynamic spatial and temporal dependencies in traffic data, aiming to reduce traffic congestion, environmental pollution, and carbon emissions. It introduces mechanisms like node embedding and causal temporal correlation components to improve prediction accuracy, validated by experiments on large traffic datasets.","The central objective of the paper is to mitigate climate change impacts through improved traffic flow prediction, reducing traffic congestion, and thereby decreasing pollution and emissions.",,The primary sub-category is 'Transportation' because the research focuses on improving transportation efficiency and reducing emissions through predictive modeling of traffic flows.,,
,Climate Change Adaptation,N/A,Climate Risks Modeling,N/A,
,The development of Intelligent Transportation Systems (ITS) and smart cities can also be seen as an effort to adapt urban environments to the challenges posed by increasing urbanization and climate changes.,"Despite the fact that it might be true, it is not mentioned in the paper.","Though not directly stated, improving transportation systems through predictive models aligns with strategies to manage and mitigate risks associated with climate change and urban congestion.","Despite the fact that it might be true, it is not mentioned in the paper.",
,,,,,
,,,,,
An Empirical Analysis of AI Contributions to Sustainable Cities (SDG11),Climate Change Mitigation,Climate Change Mitigation,Waste,Waste,2202.02879
"This paper examines how AI systems contribute to advancing Sustainable Development Goal 11, which focuses on creating inclusive, safe, resilient, and sustainable cities. The study uses empirical analysis to identify AI's roles in waste management, air quality monitoring, disaster response, and transportation management, while emphasizing the potential of citizen participation in advancing sustainable urban development.","The paper's focus on AI's role in sustainable urban management, such as waste management and air quality monitoring, aligns with Climate Change Mitigation strategies.",,Given the emphasis on waste management as a key application of AI in sustainable urban development.,,
,Climate Change Adaptation,Climate Change Adaptation,Air Pollution,Air Pollution,
,The discussion on using AI in disaster response management points towards adaptation strategies against climate risks in urban settings.,,"Air quality monitoring, as discussed in the paper, directly relates to managing air pollution in urban settings using AI.",,
,Climate Science,N/A,Climate Risks Modeling,N/A,
,AI's application in air quality monitoring relates to tracking and understanding climate and air pollution science within urban environments.,,"The paper examines AI applications in disaster response management, which falls under climate risk modeling as it addresses risk management in cities.",,
,,Pollution,,,
,,,,Transportation,
,,,,Relief Efforts,
,,,,,
IoT-based Route Recommendation for an Intelligent Waste Management System,Climate Change Mitigation,Climate Change Mitigation,Waste,Waste,2201.00180
"The paper explores the use of IoT and AI-based approaches to enhance waste management in smart cities by optimizing waste collection routes. The proposed system uses embedded sensors to monitor waste bins and employs AI-based models to recommend efficient collection routes, aiming to reduce costs and improve sustainability.","The paper primarily addresses waste management optimization, which is a component of reducing greenhouse gas emissions and resource wastage associated with inefficient collection routes.",,"The specific focus of the paper is on waste management systems and how IoT and AI can optimize the process of waste collection, directly impacting sustainability.",,
,Pollution,N/A,Air Pollution,N/A,
,Optimizing waste collection processes reduces air pollution associated with vehicle emissions during collections.,"This is mentioned by the authors in the ""Related Work"" section. This is not part of their work (check references 18 and 20 if needed) ","By optimizing waste collection routes, the system can help reduce vehicle emissions.","This is mentioned by the authors in the ""Related Work"" section. This is not part of their work (check references 18 and 20 if needed) ",
Modeling Oceanic Variables with Dynamic Graph Neural Networks,Climate Science,Climate Science,Climate Modeling and Predictions,Climate Modeling and Predictions,2206.12746
"The paper presents a data-driven method to predict oceanic environmental variables like current velocity and sea surface height using advanced machine learning models, specifically dynamic Graph Neural Networks (GNNs). The study aims to model the Santos-Sao Vicente-Bertioga Estuarine System and compares its results with existing physical simulation models, demonstrating improved predictive performance in modeling oceanic dynamics.",The focus of the paper on predicting oceanic variables through modeling and machine learning contributes directly to climate understanding and prediction efforts.,,"The paper's methodology focuses on forecasting oceanic variables, aligning with climate modeling and prediction efforts.",,
,Natural Systems Protection,N/A,Ocean Protection,N/A,
,The modeling of ocean dynamics contributes indirectly to protecting ocean systems by enhancing the prediction and understanding of phenomena affecting them.,"The authors don't focus on ""Natural Systems Protection"" and talk about ocean through a social and economic angle. ""Being able to understand and predict how the ocean dynamics works is a major concern for coastal countries both economically and socially."". ""They describe a data-driven method to predict environmental variables such as current velocity and sea surface height in the region of Santos-Sao VicenteBertioga Estuarine System in the southeastern coast of Brazil."" in order to ""[...] to anticipate extreme phenomena, for instance storm surges, which can cause transportation delays and accidents, when forecasting current velocity and sea surface height.""","While not directly stated, the application of improved oceanic predictions could support efforts in understanding and protecting ocean environments.","The authors don't focus on ""Natural Systems Protection"" and talk about ocean through a social and economic angle. ""Being able to understand and predict how the ocean dynamics works is a major concern for coastal countries both economically and socially."". ""They describe a data-driven method to predict environmental variables such as current velocity and sea surface height in the region of Santos-Sao VicenteBertioga Estuarine System in the southeastern coast of Brazil."" in order to ""[...] to anticipate extreme phenomena, for instance storm surges, which can cause transportation delays and accidents, when forecasting current velocity and sea surface height.""",
A Constraint Programming Approach to Weighted Isomorphic Mapping of Fragment-based Shape Signatures,N/A,N/A,N/A,N/A,2112.10892
"This paper presents a constraint programming approach to solving the weighted isomorphic mapping problem in fragment-based shape signatures for computer-aided drug design. The work is centered around improving methods to map chemical structure fragments in large databases efficiently without involving the whole chemical structure, using constraint solvers to optimize and diversify solution paths.","The research does not address any climate change mitigation, adaptation, or ecological protection directly. It is centered on drug discovery and optimization techniques within computational chemistry, which does not fall within predefined sustainable development categories related to climate or ecology.",,"The paper focuses on computational methods in drug design, which does not relate to any specific sub-category under the sustainable development categories related to climate or ecology.",,
,N/A,N/A,N/A,N/A,
,"Since the primary focus does not align with any climate or ecologically-related sustainable development category, there are no applicable secondary categories either.",,There are no secondary sub-categories applicable as the paper's focus is not related to sustainable development themes.,,
A Multi-Domain VNE Algorithm based on Load Balancing in the IoT networks,N/A,N/A,N/A,N/A,2202.05667
"The paper proposes a virtual network embedding (VNE) strategy utilizing a hybrid genetic algorithm to address network virtualization issues in the Internet of Things (IoT) environments. The strategy aims to enhance flexibility and performance in heterogeneous networks with large traffic. It introduces dynamic crossover probability, pheromone-based mutation gene selection, and a weight update mechanism focused on load balancing. The approach targets improvements in mapping cost-benefit ratio, acceptance rate, and load balancing within IoT networks using hybrid algorithms combining genetic and ant colony techniques. Simulation results are provided to evaluate performance.","The paper does not directly address any Climate or Ecologically-Related Sustainable Development goals or categories. Its primary focus is on network algorithms and performance in IoT settings, without a clear link to sustainability themes.",,The subject matter does not align with any specific Ecologically-Related Sustainable Development sub-categories listed.,,
,N/A,N/A,N/A,N/A,
,No secondary link to Climate or Ecologically-Related Sustainable Development is evident in this paper. The content is focused more on technical network optimization rather than environmental or sustainability improvement.,,Secondary sub-categories are not applicable as the paper lacks significant relevance to any listed sustainable development areas.,,
A Multi-Task Benchmark for Korean Legal Language Understanding and Judgement Prediction,N/A,N/A,N/A,N/A,2206.05224
"The paper presents the first large-scale Korean legal AI benchmark, LB OX O PEN, consisting of datasets for legal corpus, classification tasks, judgement prediction tasks, and summarization tasks. It discusses applications of AI in the legal domain and the need for large datasets in Korean legal language processing.",The primary focus of the paper is on legal AI and not on climate or ecological sustainability.,,The paper does not fit into any of the predefined climate or ecologically-related sub-categories.,,
,N/A,N/A,N/A,N/A,
,There are no secondary themes related to Climate or Ecologically-Related Sustainable Development.,,No secondary sub-categories pertaining to climate or ecological sustainability are evident in the paper.,,
Calibration and generalizability of probabilistic models on low-data chemical datasets with DIONYSUS,N/A,N/A,N/A,N/A,2212.01574
"The paper explores the calibration and generalizability of probabilistic machine learning models on small chemical datasets. It assesses molecular representations and models for predicting molecular properties and uncertainties across various tasks. Two experiments—Bayesian optimization guided molecular design and inference on out-of-distribution data via cluster splits—are introduced to evaluate model performance. Insights into model and feature choice for modeling small chemical datasets are presented, and the DIONYSUS software package is introduced to aid in analysis and extension to new datasets.",The paper does not address climate or ecologically-related sustainable development objectives directly. It focuses on probabilistic models and machine learning techniques applicable to chemical datasets without specific ties to ecological or climate issues.,,The focus is on general machine learning and modeling techniques rather than a specific sub-category related to climate or ecological sustainability.,,
,N/A,N/A,N/A,N/A,
,There are no secondary themes explicitly related to Climate or Ecologically-Related Sustainable Development in the paper.,,No specific sub-categories within Climate or Ecologically-Related Sustainable Development are discussed.,,
,,,,,
,,,,,
CoSP: Co-supervised pretraining of pocket and ligand,N/A,N/A,N/A,N/A,2206.12241
"This paper introduces the CoSP framework for co-supervised pretraining of 3D pocket and ligand representations. The framework models both chemical features and geometric features of pockets and ligands using a gated geometric message passing layer. The authors propose a contrastive loss and chemical similarity-enhanced negative sampling strategy to improve the pretraining. Extensive experiments demonstrate competitive results in tasks such as pocket matching, molecule property predictions, and virtual screening, indicating the potential of CoSP for AI-driven drug discovery.",The primary focus on drug discovery and molecular interactions does not directly fall within any climate or ecologically-related sustainable development categories listed.,,There is no applicable sub-category related to climate or ecological sustainability since the paper focuses on drug discovery methodology development.,,
,N/A,N/A,N/A,N/A,
,"Since the focus is on AI for drug discovery, there are no secondary climate or ecologically-related sustainable categories applicable here.",,The paper's focus does not align with any subcategories of climate or ecologically-related sustainable development.,,
DATA SET CREATION AND EMPIRICAL ANALYSIS FOR DETECTING SIGNS OF DEPRESSION FROM SOCIAL MEDIA POSTINGS,N/A,N/A,N/A,N/A,2202.03047
"This paper presents a study focused on creating a data set that detects signs of depression using social media postings. The authors developed a benchmark data set and employed various models to detect different levels of depression – 'not depressed', 'moderately depressed', and 'severely depressed'. The study also discusses the empirical analysis of traditional learning algorithms applied to the data set and highlights improvements through data augmentation techniques.","The paper is centered on mental health and creating a data set for depression analysis, which does not align with the predefined categories related to climate or ecological sustainability.",,No specific sub-categories related to climate or ecological sustainability apply to this paper as it is not within the scope of the given categories.,,
,N/A,N/A,N/A,N/A,
,"The paper does not address any secondary themes related to climate or ecologically-related sustainable development, focusing solely on depression detection from social media.",,The paper content does not extend into sub-categories relevant to climate or ecological sustainability as it focuses on mental health data analysis.,,
DeepFT: Fault-Tolerant Edge Computing using a Self-Supervised Deep Surrogate Model,N/A,N/A,N/A,N/A,2212.01302
This paper discusses a fault-tolerance method for edge computing called DeepFT. It utilizes a self-supervised learning approach to predict and remediate faults in edge computing environments by using a deep surrogate model. This method is intended to overcome the limitations of traditional supervised learning by adapting to non-stationary workloads and enhancing reliability in edge computing.,"The paper does not focus on Climate or Ecologically-Related Sustainable Development but rather on improving fault tolerance in edge computing, which isn't directly related to sustainable development goals outlined.",,"The sub-category does not apply as the main focus of the paper is on technical advancements in fault-tolerance in edge computing, not on sustainability.",,
,N/A,N/A,N/A,N/A,
,"As the primary theme is not related to sustainable development, there are no secondary categories applicable.",,There are no sub-categories applicable since the focus is not related to climate or ecological challenges.,,
Do not Waste Money on Advertising Spend: Bid Recommendation via Concavity Changes,N/A,N/A,N/A,N/A,2212.13923
The paper discusses a bid recommendation scenario for advertisers to achieve optimal returns on investment by identifying inflection points in click prediction curves. It applies parametric learning methods to solve optimization problems and demonstrates performance gains in business metrics.,"The paper is focused on computational advertising and optimizing bids for advertisers, with no direct connection to Climate or Ecologically-Related Sustainable Development.",,The study does not align with any sub-category of Climate or Ecologically-Related Sustainable Development. Its focus remains on advertising and economic efficiency.,,
,N/A,N/A,N/A,N/A,
,No secondary themes related to Climate or Ecologically-Related Sustainable Development are addressed in the paper.,,"The contents are exclusively about advertising economics, and no secondary sub-categories of sustainable development are covered.",,
Effective Gesture-Based Framework for Capturing User Input,N/A,N/A,N/A,N/A,2208.00913
"The paper discusses a gesture-based framework using image processing and AI for virtual keyboards and mice, aiming to reduce peripheral costs and electronic waste.",The central theme of the paper is not directly related to climate or ecologically-related sustainable development but rather focuses on technological development in human-computer interaction.,,The paper does not belong to any specific sub-category related to climate or ecologically-related sustainable development as per the provided list.,,
,Pollution,Pollution,Waste,Waste,
,"The paper discusses the reduction of electronic waste, which falls under the category of Pollution as it relates to waste management and reduction.","Clime-related topics are not central. There are no other mention ""This system has a direct benefit of reducing peripheral cost, reducing electronics waste generated due to external devices and providing accessibility to people who cannot use the traditional keyboard and mouse.""The main motivation to build this Artificial keyboard is to reduce the electronic waste and to produce cost effective machines that still perform as efficiently as traditional systems.""","Reduction of electronic waste through the development of virtual input devices addresses waste management concerns, fitting the sub-category of Waste under Pollution.","Clime-related topics are not central. There are no other mention ""This system has a direct benefit of reducing peripheral cost, reducing electronics waste generated due to external devices and providing accessibility to people who cannot use the traditional keyboard and mouse.""The main motivation to build this Artificial keyboard is to reduce the electronic waste and to produce cost effective machines that still perform as efficiently as traditional systems.""",
Enabling risk-aware Reinforcement Learning for medical interventions through uncertainty decomposition,N/A,N/A,N/A,N/A,2109.07827
"The paper discusses the use of Reinforcement Learning (RL) in high-risk environments, particularly in healthcare, to improve decision-making for medical interventions. It introduces a distributional approach to RL (UA-DQN), which decomposes aleatoric and epistemic uncertainties to enhance safety and trust in RL's clinical application as a Clinical Decision Support System (CDSS) in critical care.",The paper does not address any specific themes or issues directly related to climate change or ecological sustainability goals. Its focus remains on improving decision-making capabilities in medical and other high-risk domains through decomposition of uncertainties.,,No specific climate or ecological sub-category aligns with the paper's content _  it remains focused on healthcare decision-making and uncertainty management.,,
,N/A,N/A,N/A,N/A,
,"While the paper contributes to technological advancements in healthcare decision-making, it does not directly relate to any secondary climate or ecological sustainability themes.",,"Similar to the primary sub-category, there is no content that aligns with climate or ecological sub-categories.",,
GRAPH-GUIDED NETWORK FOR IRREGULARLY SAMPLED MULTIVARIATE TIME SERIES,N/A,N/A,N/A,N/A,2110.05357
"The paper introduces RAINdrop, a novel graph neural network designed for irregularly sampled multivariate time series. It focuses on embedding and learning the dynamics of sensor data purely from observational data. The network is used to classify time series and interpret temporal dynamics, outperforming state-of-the-art methods, particularly in healthcare and human activity datasets.","The central theme of the paper is not directly related to Climate or Ecologically-Related Sustainable Development, as its applications are more technical and focused on healthcare and human activity datasets.",,"The paper does not focus on any specific sub-category related to Climate or Ecologically-Related Sustainable Development but rather a technical method applicable across various fields, primarily healthcare.",,
,Climate Science,N/A,Climate Modeling and Predictions,N/A,
,"The mention of climate science as a potential domain where irregularly sampled time series data occurs suggests that the network could be applied in climate science, even though it is not the focus of the current study.","This paper is a technical one usisng ""RAINDROP to classify time series and interpret temporal dynamics on three healthcare and human activity datasets."". Climate science is briefly mentionned att the beginning of the paper. ""In many domains, including healthcare, biology, and climate science [...]"". Nevertheless, the introduction doesn't mention it anymore. ""Multivariate time series are prevalent in a variety of domains, including healthcare, space science, cyber security, biology, and finance [...]"". Climate-related topics are not central. ","Though not prominently featured or the primary subject, the paper implies potential applications for climate science in modeling or predictions due to its capabilities in handling time series data, which is essential in climate modeling.","This paper is a technical one usisng ""RAINDROP to classify time series and interpret temporal dynamics on three healthcare and human activity datasets."". Climate science is briefly mentionned att the beginning of the paper. ""In many domains, including healthcare, biology, and climate science [...]"". Nevertheless, the introduction doesn't mention it anymore. ""Multivariate time series are prevalent in a variety of domains, including healthcare, space science, cyber security, biology, and finance [...]"". Climate-related topics are not central. ",
Intervening With Confidence: Conformal Prescriptive Monitoring of Business Processes,N/A,N/A,N/A,N/A,2212.03710
"The paper discusses a method to improve prescriptive process monitoring by incorporating conformal predictions, which provide confidence guarantees. The goal is to optimize interventions in business processes by ensuring interventions are executed with high confidence of success, thereby conserving limited resources. The method is empirically evaluated using public datasets.",The paper primarily focuses on business process optimization using machine learning techniques and does not address themes directly related to climate or ecologically-related sustainable development.,,There is no sub-category under the predefined sustainable development categories that matches the paper's focus on business process optimization through machine learning.,,
,N/A,N/A,N/A,N/A,
,The content of the paper remains focused on machine learning for business processes without diverging into sustainable development topics.,,"The paper does not touch upon any secondary sub-categories related to climate or ecologically-related sustainable development, sticking solely to business and machine learning applications.",,
Knowledge Sharing via Domain Adaptation in Customs Fraud Detection,N/A,N/A,N/A,N/A,2201.06759
"The paper presents a system called DAS for enhancing customs fraud detection across countries by sharing knowledge through domain adaptation. DAS employs a memory bank platform to enable multi-national customs administrations to share and utilize transferable knowledge of trade frauds. The system enhances fraud detection at the national level by refining local models with shared prototypes, thereby addressing infrastructure limitations in participating countries and improving the detection of illicit trades.",The paper focuses on enhancing customs fraud detection through domain adaptation and does not directly address any particular aspect of climate or ecologically-related sustainable development.,,"There is no specific sub-category for climate or ecologically-related sustainable development within the paper's scope, as it is primarily concerned with the mechanics of fraud detection through shared knowledge.",,
,,N/A,,N/A,
,,,,,
Learning Bimanual Scooping Policies for Food Acquisition,N/A,N/A,N/A,N/A,2211.14652
This paper introduces a robotic feeding system called CARBS that uses a bimanual scooping primitive to effectively acquire varied food items. The system identifies high-risk foods and adapts its strategy to minimize food breakage and waste during scooping. The study emphasizes the role of a secondary arm to stabilize diverse food items and presents experimental results on various food geometries and deformabilities.,The paper does not address any of the Climate or Ecologically-Related Sustainable Development categories directly. It primarily deals with robotics and human assistance systems.,,"Given that the primary theme does not align with any climate-related sub-categories, it does not fit any listed sub-categories.",,
,N/A,N/A,N/A,N/A,
,The paper does not touch upon any secondary sustainable development categories related to climate or ecology. Its themes are centered around robotics and assisted living.,,The focus on robotics and human assistance does not overlap with secondary climate-related sub-categories.,,
Machine and Deep Learning Methods with Manual and Automatic Labelling for News Classification in Bangla Language,N/A,N/A,N/A,N/A,2210.10903
"This paper introduces various machine and deep learning methods for news classification in the Bangla language, employing both manual and automatic labelling systems. It explores several machine learning algorithms like Logistic Regression and Support Vector Machine, as well as deep learning algorithms such as LSTM and CNN. The study involves developing Potrika, a comprehensive dataset for news classification in Bangla, evaluating manual vs automatic labelling, and addressing the challenges in Automatic Labelling using LDA for single and multi-label classification.","The paper does not address any aspect of climate or ecologically-related sustainable development, either directly or indirectly.",,"There is no sub-category within climate or ecological sustainability that this paper fits into, as its focus is on NLP for news classification.",,
,N/A,N/A,N/A,N/A,
,"Since the primary theme is not related to sustainable development, there are no secondary climate-related categories applicable to this paper.",,"As the paper does not touch upon sustainable development themes, there are no relevant sub-categories applicable here.",,
Methodical Advice Collection and Reuse in Deep Reinforcement Learning,N/A,N/A,N/A,N/A,2204.07254
"This paper discusses the challenges of sample-inefficiency in deep reinforcement learning (RL) and proposes a teacher-student framework to improve learning efficiency. The work introduces dual uncertainty-based advice collection and reuse methods, using a secondary neural network to compute uncertainty. Empirical results demonstrate improved performance in Atari games using this framework.",The central theme is improving RL algorithms' efficiency rather than addressing specific climate or ecological issues.,,"Since the paper does not align with any of the predefined climate or ecologically-related sub-categories, it is marked as N/A.",,
,N/A,N/A,N/A,N/A,
,No secondary themes related to climate or ecological sustainable development are present. The paper revolves around RL techniques rather than specific environmental applications or concerns.,,"There are no secondary sub-categories related to climate or ecological themes, as the focus is on improving RL methodologies.",,
Multi-Agent Deep Reinforcement Learning for Cost- and Delay-Sensitive Virtual Network Function Placement and Routing,N/A,N/A,N/A,N/A,2206.12146
The paper proposes a multi-agent deep reinforcement learning (MADRL)-based method for joint virtual network function (VNF) placement and routing to minimize service delay and resource consumption cost while accommodating differentiated user demands. The approach is designed to enhance network resource allocation efficiency by applying the deep deterministic policy gradient method in a multi-agent setting.,The paper's focus on network optimization through VNF placement and routing does not fit neatly into any predefined climate or ecologically-related sustainable development categories or sub-categories. It revolves around network efficiencies rather than direct ecological impacts or climate actions.,,"Similarly, the sub-category alignment is not applicable because the paper does not directly address goals like renewable energy optimization, emissions reduction, biodiversity, etc. The subtopics discussed within the paper concern technical optimizations within network virtualization contexts.",,
,N/A,N/A,N/A,N/A,
,"There are no supporting details in the paper that directly connect it to other sustainable development categories. The focus remains on network function virtualization and optimization, which is not explicitly aligned with secondary Climate or Ecologically-Related Sustainable Development themes.",,"As the primary category and sub-category are not applicable, there are no secondary connections to climate or ecologically-related sustainable development fields. The paper's context is specific to machine learning advancements in network technology.",,
Multimodal Transformer-based Model for Buchwald-Hartwig and Suzuki-Miyaura Reaction Yield Prediction,N/A,N/A,N/A,N/A,2204.14062
"The paper explores the prediction of chemical reaction yields using a multimodal model that incorporates both SMILES notation and chemical descriptors. By employing a bidirectional transformer encoder and multi-layer perceptron, the model aims to optimize reaction conditions with minimal wet-lab experimentation. The study shows improvements in yield prediction on high throughput experimentation datasets for Buchwald–Hartwig and Suzuki–Miyaura reactions and demonstrates the model's ability to suggest optimal reaction conditions efficiently.","The primary focus of the paper is on chemical reaction yield prediction using machine learning models. It does not directly address climate change, ecological sustainability, or any of the provided sustainable development categories.",,None of the specific sub-categories related to climate or ecologically-related sustainable development are addressed in the paper since its main focus is on chemical reaction optimization.,,
,N/A,N/A,N/A,N/A,
,The paper does not explicitly cover secondary sustainable development themes related to climate or ecological sustainability.,,The paper does not contribute to any secondary sub-category related to sustainable development.,,
,,,,,
,,,,,
PILoT: Planning Immediate Landmarks of Targets for Model-Free Skill Transfer Across Agents,N/A,N/A,N/A,N/A,2212.09033
"The paper introduces PILoT, a framework to facilitate knowledge transfer across different reinforcement learning agents without retraining them from scratch, focusing on the application in robotics and navigation tasks. By identifying immediate landmarks or goals, PILoT can work across various tasks and different agent dynamics while offering a universal solution for skill transfer. The experiments show applications in few-shot transfer learning across action spaces and dynamics and zero-shot transfer across different environments.","The paper focuses on methodologies in reinforcement learning, primarily for transferring skills between agents in varied contexts. It does not tie these methodologies to climate or ecological benefits or measures.",,"There is no specific application of the discussed methods in defined areas such as renewable energy, carbon capture, or biodiversity monitoring that fit into any ecological sub-category specifically outlined for sustainable development.",,
,N/A,N/A,N/A,N/A,
,No secondary categories pertaining to climate or ecological sustainable development can be identified since the paper doesn't leverage RL methods for any specific climate-related applications.,,"The technical content, although related to optimization and efficiency, does not further specify uses in domains directly relating to environmental categories listed.",,
,,,,,
,,,,,
Personality Detection of Applicants And Employees Using K-mode Algorithm And Ocean Model,N/A,N/A,N/A,N/A,2212.14675
The paper discusses a model for detecting personality types of applicants and employees using the K-mode algorithm and the OCEAN model to enhance recruitment and employee management processes. It emphasizes analyzing video interviews and survey responses to improve selection processes in human resources by predicting personality traits and assessing individual work performance.,The paper does not directly relate to any climate or ecologically-related sustainable development categories since it primarily focuses on personality detection in HR processes.,,The focus of the paper on HR and personality detection does not fit within the listed sustainable development sub-categories related to climate or ecology.,,
,N/A,N/A,N/A,N/A,
,There is no indication that the paper addresses secondary themes related to climate or ecological sustainability.,,There is no secondary focus on climate or ecology that warrants a sub-category classification.,,
Pseudo AI Bias,N/A,N/A,N/A,N/A,2210.08141
"The paper discusses the concept of pseudo AI bias (PAIB), which includes misunderstandings, pseudo-mechanical bias, and over-expectations of AI. It emphasizes the negative impact of PAIB on society, such as exacerbating inequities, generating social fear of AI, and wasting resources invested in AI technology. The study reviews literature to conceptualize PAIB, presents its types, impacts, and proposes solutions to address them to improve AI's societal trust and application.",The paper does not focus on climate or ecologically-related sustainable development areas. Its main theme revolves around biases in AI technology.,,The sub-categories related to climate or ecological topics do not apply to this paper as it explores AI bias.,,
,N/A,N/A,N/A,N/A,
,The paper's themes do not engage with specific climate or ecological sustainability topics.,,No secondary sub-categories related to climate or ecological sustainability are discussed in the paper.,,
Research Note on Uncertain Probabilities and Abstract Argumentation,N/A,N/A,N/A,N/A,2208.10932
"This paper discusses the formal account of uncertain probabilities in abstract argumentation settings, with a focus on probabilistic inference using distribution semantics. It explores the application of beta distributions to represent epistemic and aleatory uncertainty in argumentation frameworks and compares different approaches for probabilistic evaluations.",The paper does not primarily focus on Climate or Ecologically-Related Sustainable Development themes but rather on theoretical aspects of probabilistic argumentation.,,No specific sub-category aligns with the content as the paper is theoretical and not directly related to sustainability applications.,,
,N/A,N/A,N/A,N/A,
,No secondary Climate or Ecologically-Related Sustainable Development categories are relevant as the paper is focused on abstract argumentation.,,No secondary sub-categories apply as the content remains theoretical and not related to direct environmental applications.,,
Revisiting Some Common Practices in Cooperative Multi-Agent Reinforcement Learning,N/A,N/A,N/A,N/A,2206.07505
"The paper examines cooperative multi-agent reinforcement learning (MARL) focusing on value decomposition and parameter sharing. It critiques these common practices under certain conditions and proposes the potential benefits of policy gradient methods. The theoretical insights are backed by empirical tests in various test domains, including matrix games and complex benchmarks like StarCraft and Google Research Football, aiming to improve MARL algorithm effectiveness.",The paper does not focus on climate or ecologically-related sustainable development. Its focus is on improving theoretical approaches in reinforcement learning.,,No sub-category of climate or ecological relevance is addressed as the paper's focus is purely on the methodological improvements for MARL.,,
,N/A,N/A,N/A,N/A,
,The paper does not address any secondary themes related to climate or ecological sustainability as it is primarily focused on MARL methodologies.,,"No secondary sub-category related to climate or ecological matters is present, given the paper's focus.",,
Routine Outcome Monitoring in Psychotherapy Treatment using Sentiment-Topic Modelling Approach,N/A,N/A,N/A,N/A,2212.08111
The paper presents a method for monitoring the progress of psychotherapy sessions using a computational model called Dynamic Joint-Sentiment-Topic Model (dJST). This method aims to track patient sentiment and topic trends throughout therapy to enhance treatment outcomes.,The content of the paper is focused on psychotherapy and is not related to Climate or Ecologically-Related Sustainable Development topics.,,The paper does not fit into any predefined Climate or Ecologically-Related Sustainable Development sub-categories.,,
,N/A,N/A,N/A,N/A,
,There are no secondary themes that relate to Climate or Ecologically-Related Sustainable Development in this paper.,,No secondary sub-categories are relevant as the paper is not related to Climate or Ecologically-Related Sustainable Development.,,
SOTIF Entropy: Online SOTIF Risk Quantification and Mitigation for Autonomous Driving,N/A,N/A,N/A,N/A,2211.04009
"The paper presents a Self-Surveillance and Self-Adaption System that aims to minimize Safety of the Intended Functionality (SOTIF) risks in autonomous driving. It involves monitoring, quantifying, and mitigating both inherent and external risks by using the entropy of perception algorithms like YOLOv5. Various experiments, including Hardware-in-the-Loop experiments, are conducted to verify the efficiency and effectiveness of the system in real-time traffic environments.",The paper does not focus on any aspect of climate or ecological-related sustainable development categories. It is centered around autonomous driving safety performance.,,There is no relevant sub-category aligning with the content of this paper as per the predefined sustainable development categories.,,
,,N/A,,N/A,
,,,,,
"Singularity: Planet-Scale, Preemptive and Elastic Scheduling of AI Workloads",N/A,N/A,N/A,N/A,2202.07848
"The paper discusses Singularity, a globally distributed scheduling service developed by Microsoft for optimizing AI workload execution. It introduces novel mechanisms that allow deep learning workloads to be preempted and resized dynamically, improving utilization and reliability across a global fleet of AI accelerators. These mechanisms enable transparent checkpointing, preemption, and elasticity without the need for user code modifications, aiming to drive down AI costs by maximizing throughput and minimizing idle resources.",The paper centers around AI workload scheduling efficiency and does not primarily target Climate or Ecologically-Related Sustainable Development.,,"The sub-categories provided do not address AI scheduling optimization, which is the main theme of the paper.",,
,N/A,N/A,N/A,N/A,
,"No aspect of the paper discusses Climate or Ecologically-Related Sustainable Development themes such as renewable energy, pollution reduction, or ecosystem protection.",,"The sub-categories related to environmental sustainability are not applicable to this study, which focuses on computational efficiency in AI workloads.",,
Statistical Detection of Adversarial examples in Blockchain-based Federated Forest In-vehicle Network Intrusion Detection Systems,N/A,N/A,N/A,N/A,2207.04843
"This paper investigates the impact of adversarial examples on Blockchain-based Federated Forest In-vehicle Network Intrusion Detection Systems (BFF-IDS) and proposes the integration of a statistical detector to detect and manage these adversarial examples. By doing so, it aims to enhance the security framework to guard against adversarial attacks on such systems.","While the paper discusses technologies like blockchain and machine learning within the context of vehicle networks, it is primarily focused on security and does not have a central theme related to climate or ecology.",,The paper does not fit into any specific sub-category as its main focus is on improving the cybersecurity of vehicular networks against adversarial machine learning threats.,,
,N/A,N/A,N/A,N/A,
,There are no secondary themes related to climate or ecologically-related sustainable development _  the focus is entirely on network security.,,The study does not touch upon any secondary sub-categories linked to climate or ecologically-related sustainable development.,,
Towards the Neuroevolution of Low-Level Artificial General Intelligence,N/A,N/A,N/A,N/A,2207.13583
"This paper explores the development of Artificial General Intelligence (AGI) from a low-level perspective, relying on neuroevolution techniques. The framework, named Neuroevolution of Artificial General Intelligence (NAGI), is utilized to evolve biologically-inspired spiking neural networks with adaptive synapses. These networks control agents in mutable environments to benchmark adaptability and generality. The paper evaluates NAGI on tasks like food foraging, logic gate emulation, and cart-pole balancing.","The paper does not address any specific climate change mitigation, adaptation, or ecological protection issues. It is focused on AGI development.",,"There are no mentions of sub-categories related to climate or ecological sustainability, as the focus is on AGI.",,
,N/A,N/A,N/A,N/A,
,No secondary climate-related topics are discussed _  the paper is dedicated exclusively to AGI and neuroevolution processes.,,The paper does not explore any sub-categories relevant to climate-related themes _  it is centered on AI and neural network evolution.,,
Type theory in human-like learning and inference,N/A,N/A,N/A,N/A,2210.01634
"This paper explores the application of type theory in cognitive science and artificial intelligence, especially in understanding human-like learning and inference. Sosa and Ullman propose that a core component of reasoning systems is type theory, which imposes a formal structure on the computations an agent can perform. This imposition of structure helps in generating reasonable answers to novel queries, understanding improbability versus impossibility, and reasoning across varying levels of abstraction. The paper reviews empirical studies and proposes a revised model emphasizing the role of types in cognitive and program synthesis processes.","The focus of the paper is on cognitive processes and type theory in AI, with no relevance to climate or ecological sustainability categories.",,"The sub-categories defined are specific to climate and ecological issues, and this paper does not address these areas at all.",,
,N/A,N/A,N/A,N/A,
,There are no secondary themes related to climate or ecological sustainable development in this paper.,,There are no secondary sub-categories relevant to climate or ecological issues within this paper.,,
VarMAE: Pre-training of Variational Masked Autoencoder for Domain-adaptive Language Understanding,N/A,N/A,N/A,N/A,2211.00430
"The paper introduces VarMAE, a novel Transformer-based language model designed to address the challenges faced by pre-trained language models in domain-adaptive language understanding. The VarMAE is equipped with a context uncertainty learning module aimed at improving contextual representations when pre-trained on a limited corpus. Experimental results on science and finance-domain NLU tasks demonstrate VarMAE's efficiency in adapting to new domains with constrained resources.",The paper primarily deals with improving language models for domain adaptation and does not directly link to any climate or ecologically-related themes or categories.,,"The sub-categories listed under climate or ecological themes do not apply to this paper, as it is focused on language model pre-training and domain adaptation.",,
,N/A,N/A,N/A,N/A,
,"Given the focus on language models and domain adaptation without direct relevance to ecological or climate considerations, there are no secondary climate-related categories applicable.",,There are no applicable secondary sub-categories as the paper does not focus on any areas related to climate or ecological sustainable development.,,
Video Intelligence as a component of a Global Security system,N/A,N/A,N/A,N/A,2201.04349
"This paper explores the integration of video analytics into a comprehensive global security system, emphasizing the role of video surveillance in urban environments. It discusses the hybrid use of machine learning and knowledge management to enhance video intelligence, enabling real-time event monitoring and predictive capabilities. The research also delves into using human-machine synergy and shared ontological frameworks to improve situational awareness and security operations.","The main focus of the paper is on enhancing global security using video intelligence and machine learning, which does not directly relate to any climate or ecologically-related sustainable development category.",,"Since the primary category is not applicable, the sub-category also remains outside the realm of climate or ecologically-related sustainable development.",,
,N/A,N/A,N/A,N/A,
,There are no secondary categories relevant to climate or ecologically related sustainable development within the focus of the paper.,,The paper does not cover any specific sub-categories relevant to climate or ecologically related sustainable development.,,
You Only Live Once: Single-Life Reinforcement Learning,N/A,N/A,N/A,N/A,2210.08863
"This paper introduces and formalizes a new problem setting called Single-Life Reinforcement Learning (SLRL), where an agent must successfully complete a task within a single trial by leveraging prior experience and adapting to novel situations autonomously. The paper proposes a distribution matching strategy, Q-weighted adversarial learning (Q WALE), to improve the agent's performance in SLRL compared to traditional reinforcement learning methods. The authors provide experimental results showing the effectiveness of Q WALE in various single-life continuous control problems.","The paper focuses on a new reinforcement learning algorithm and does not directly tackle themes related to ecological or climate-related sustainable development. Although it uses disaster relief as a scenario, this serves more as an illustration rather than a central theme related to sustainability.",,No specific ecological or climate-related sub-category is directly applicable to this paper. The focus is on machine learning and reinforcement learning challenges rather than environmental or sustainable development concerns.,,
,N/A,N/A,N/A,N/A,
,The paper does not address secondary Climate or Ecologically-Related Sustainable Development themes as its main focus is on reinforcement learning algorithm development.,,The paper is not focused on specific sub-categories related to ecological or climate concerns. It primarily deals with reinforcement learning methodology.,,
Jalisco’s Multiclass Land Cover Analysis and Classification Using a Novel Lightweight ConvNet with Real-World Multispectral and Relief Data,Natural Systems Protection,Natural Systems Protection,Biodiversity,Forest Management,2201.10985
"The paper presents a novel lightweight convolutional neural network (ConvNet) designed to classify and analyze land cover (LC) in the Jalisco region. It addresses challenges specific to regional data, including large class numbers, diverse climates, and imbalanced datasets, by utilizing 13 channels of real-world open data. The model demonstrated accuracy improvement in LC classification, which aids policy makers in land management, aligning with SDG 15 for 'Life on Land'.","The primary focus is on land cover classification and analysis, supporting conservation efforts and ecosystem services monitoring, which fits under Natural Systems Protection.",,Monitoring land use and land cover changes aligns with biodiversity and ecosystem change monitoring as it informs on environmental conditions affecting habitats.,"The biodiversity is not mentioned in the paper. ""Our research possibly supports the decision-makers providing evidence, for example, of deforestation or forest degradation."". The forests are mentioned 49 times. It's even more regarding the lands",
,Climate Change Adaptation,Climate Change Adaptation,Climate Risks Modeling,N/A,
,"The work supports informed policymaking for agriculture resilience and land management, which contributes to adaptation measures.",""" [...] the regional data provide the context-specificity that is required for policymakers to plan the land use and management""",The information derived from land cover monitoring can be pivotal for assessing climate risks and impacts on the ecosystem.,"Despite the fact that it might be true, it is not mentioned in the paper.",
,Climate Science,N/A,Energy Efficiency in Buildings,N/A,
,"The classification and analysis of land cover contribute to understanding and monitoring climate systems, particularly changes in ecosystems.","Despite the fact that it might be true, it is not mentioned in the paper.","While not a core focus, intelligent land use and cover information can guide infrastructure development that optimizes space and resources, indirectly touching on energy efficiencies.","Despite the fact that it might be true, it is not mentioned in the paper.",
LANTERN-RD: Enabling Deep Learning for Mitigation of the Invasive Spotted Lanternfly,Natural Systems Protection,Natural Systems Protection,Biodiversity,Biodiversity,2205.06397
"The paper presents LANTERN-RD, the first curated image dataset of the invasive spotted lanternfly and visually similar insects. It enables computer vision research aimed at mitigating the SLF's impact, which threatens local biodiversity and agricultural economies in places like the Northeastern United States and Japan. The dataset, alongside a baseline convolutional neural network (CNN) and a mobile classification application, empowers rapid identification and responsible public mitigation efforts.",The primary focus of the paper is on mitigating an invasive species that threatens local ecosystems and biodiversity.,,The paper addresses the issue of biodiversity by focusing on the control of an invasive species that poses a threat to local ecosystems.,,
,Climate Change Mitigation,Climate Change Mitigation,Agriculture,Agriculture,
,"By mitigating the impact of an invasive species using technology, it indirectly contributes to preserving agricultural productivity, which is linked to climate change mitigation.",,"The spotted lanternfly affects agricultural economies, and the research paper addresses its mitigation to protect these industries.",,
MonarchNet: Differentiating Monarch Butterflies from Butterflies Species with Similar Phenotypes,Natural Systems Protection,Natural Systems Protection,Biodiversity,Biodiversity,2201.10526
"The paper presents MonarchNet, a deep-learning-based system designed to differentiate monarch butterflies from other visually similar butterfly species. This system is key to improving the monitoring and tracking of monarch butterfly populations and migrations, which are threatened by climate change and other environmental factors. The aim is to facilitate accurate butterfly identification to aid scientific research and conservation efforts.","The paper focuses on monarch butterflies, an essential part of ecosystems, and the accurate identification of these butterflies to monitor their populations and migrations, both of which relate to natural systems protection.",,"By differentiating species through deep learning, the study enhances understanding and monitoring of biodiversity, focusing on the important role butterflies play in ecosystems.",,
,Climate Change Adaptation,N/A,Climate Risks Modeling,N/A,
,"The impact of climate change on monarch butterfly migration is highlighted, and tracking these changes is part of adapting to such environmental shifts.","The authors insist on mitigation efforts. ""This is crucial to the monitoring of the decline of monarch butterflies and the assessment and mitigation of threats to populations. Our AI method is especially helpful for citizen scientists, who are vital to these efforts.""","Tracking trends in butterfly populations helps model the climate risks that are affecting them, such as shifts due to temperature changes or habitat loss.","Despite the fact that it might be true, it is not mentioned in the paper.",
,,,Climate Modeling and Predictions,N/A,
,,,Understanding and predicting patterns in butterfly migration as affected by climate-related changes fits within this sub-category.,"Despite the fact that it might be true, it is not mentioned in the paper.",
,,Climate Change Mitigation,,"Monitoring, Reporting and Verification",
The BLue Amazon Brain (BLAB): A Modular Architecture of Services about the Brazilian Maritime Territory,Natural Systems Protection,Natural Systems Protection,Ocean Protection,Ocean Protection,2209.07928
"This paper discusses the development of an artificial intelligence system called the BLue Amazon Brain (BLAB), which aims to integrate various services to disseminate information and raise environmental awareness about the Brazilian maritime territory, known as the Blue Amazon. The system includes NLP modules for conversational agents, news reporting, and a wiki, facilitating better understanding and management of oceanographic data and issues such as biodiversity, food supply, and climate regulation.","The paper's central theme revolves around raising awareness and managing information related to the marine ecosystem of the Blue Amazon, which involves protection of ocean systems.",,The paper aims to protect and raise awareness about the ocean through information dissemination services about the Blue Amazon.,,
,Climate Science,Climate Science,Climate Modeling and Predictions,Climate Modeling and Predictions,
,The paper briefly touches on the role of the Blue Amazon in climate regulation and its potential in predicting climate-related issues.,,"The paper's vision includes predicting climate-related issues using oceanographic data, a climate science application.",,
,Climate Change Adaptation,Climate Change Adaptation,,,
,"The dissemination of oceanographic information aids in adapting to climate changes, particularly in providing data for climate-related predictions.",,,,
,,,,Food Security,
,,Climate Change Mitigation,,,
Unfolding AIS transmission behavior for vessel movement modeling on noisy data leveraging machine learning,Natural Systems Protection,N/A,Ocean Protection,N/A,2202.13867
"The paper focuses on modeling AIS (Automatic Identification System) message transmission behavior for vessel movement forecasting using various deep learning models. It evaluates different algorithms, including neural networks, in predicting vessel routes while considering irregular temporal data and improving maritime navigation safety and awareness.","The primary focus is on tracking vessel trajectories in ocean environments, which aligns with protecting marine ecosystems and improving awareness regarding potential ecological impacts from maritime activities.","The authors don't focus on climate-related topics despite the fact their frame of research is about the oceans. ""[...] this paper aims to model the AIS message transmission behavior through neural networks for forecasting upcoming AIS messages’ content from multiple vessels, particularly in a simultaneous approachdespite messages’ temporal irregularities as outliers."". ",The research supports the operational management of oceans through improved tracking and predictive capabilities that can help in protecting oceanic environments from the adverse effects of shipping.,"The authors don't focus on climate-related topics despite the fact their frame of research is about the oceans. ""[...] this paper aims to model the AIS message transmission behavior through neural networks for forecasting upcoming AIS messages’ content from multiple vessels, particularly in a simultaneous approachdespite messages’ temporal irregularities as outliers."". ",
,Climate Science,N/A,Climate Modeling and Predictions,N/A,
,"The paper involves tracking and predicting movement patterns based on AIS data, contributing to the understanding and modeling of marine systems and their response to various environmental factors.","The authors don't focus on climate-related topics despite the fact their frame of research is about the oceans. ""[...] this paper aims to model the AIS message transmission behavior through neural networks for forecasting upcoming AIS messages’ content from multiple vessels, particularly in a simultaneous approachdespite messages’ temporal irregularities as outliers."". ",The role of predicting and modeling vessel movements ties into broader climate and ecological predictions in marine systems.,"The authors don't focus on climate-related topics despite the fact their frame of research is about the oceans. ""[...] this paper aims to model the AIS message transmission behavior through neural networks for forecasting upcoming AIS messages’ content from multiple vessels, particularly in a simultaneous approachdespite messages’ temporal irregularities as outliers."". ",
Deciphering Environmental Air Pollution with Large Scale City Data,Pollution,Pollution,Air Pollution,Air Pollution,2109.04572
"The paper presents a large-scale curated spatiotemporal dataset incorporating daily levels of various air pollutants and the major causal agents in over 50 U.S. cities for two years. It introduces a novel transformer-based model, cosSquareFormer, for pollutant level estimation and forecasting and provides a holistic analysis of the dataset. It aims to uncover relationships among pollutant levels and influencing factors. The dataset is intended to aid further research in urban air pollution.","The central theme of the paper is air pollution, which is a sub-set of the broader Pollution category.",,"The paper specifically addresses air pollution and various pollutants like PM2.5, NO2, O3, etc., and introduces methods for pollutant estimation and forecasting.",,
,N/A,N/A,N/A,N/A,
,The paper primarily focuses on air pollution without significant discussion or involvement in other sustainable development categories.,,The focus remains on air pollution without extending into other specific sub-categories.,,
Dynamic Price of Parking Service based on Deep Learning,Pollution,N/A,Air Pollution,N/A,2201.04188
"The paper proposes a dynamic pricing system for regulated parking services based on air quality predictions using deep learning. The goal is to discourage parking of motor vehicles when poor air quality episodes are predicted to improve urban air quality in Madrid, Spain. Several deep learning models, including CNN and LSTM, are evaluated for their effectiveness in predicting air quality alerts and adjusting parking prices accordingly.","The focus of the paper is on air pollution reduction by using a pricing mechanism for parking services based on predicted air quality levels. This aligns with pollution reduction efforts, specifically targeting air pollution.","The authors focus on health and don't mention climate-related topics. ""The improvement of air-quality in urban areas is one of the main concerns of public government bodies. This concern emerges from the evidence between the air quality and the public health.""",The paper aims to tackle air pollution in urban areas by discouraging vehicle use with dynamic pricing—a direct measure against air pollution.,"The authors focus on health and don't mention climate-related topics. ""The improvement of air-quality in urban areas is one of the main concerns of public government bodies. This concern emerges from the evidence between the air quality and the public health.""",
,Climate Change Mitigation,N/A,Transportation,N/A,
,"By utilizing technology to reduce reliance on personal vehicles, this paper indirectly supports climate change mitigation efforts through decreased emissions from vehicles.","The authors focus on health and don't mention climate-related topics. ""The improvement of air-quality in urban areas is one of the main concerns of public government bodies. This concern emerges from the evidence between the air quality and the public health.""","The paper explores the effects of parking regulations and pricing on traffic and vehicle usage, which are directly related to transportation issues.","The authors focus on health and don't mention climate-related topics. ""The improvement of air-quality in urban areas is one of the main concerns of public government bodies. This concern emerges from the evidence between the air quality and the public health.""",
Environmental and Social Sustainability of Creative-Ai,Pollution,Pollution,Air Pollution,N/A,2209.12879
"The paper investigates the sustainability and ethical aspects of using Creative-AI in artistic processes. It examines environmental sustainability in AI arts and ethical issues concerning power, authorship, and ownership in the creative process, using interdisciplinary approaches combining various research methods. The research aims to develop ethical guidelines and sustainable practices for integrating AI in art creation.","The paper mainly investigates the environmental impact of AI technologies used in Creative-AI practices, which falls under the Pollution category due to the focus on environmental impact and CO2 emissions.","Despite the fact that this category is not the best, the paper has to be classified in the climate-related topics. ""The two main focus areas are understanding the environmental sustainability aspects (material, practices) in the context of artistic processes that involve Creative-Ai [...]"".",The focus on quantifying the energy impact and CO2 emissions from AI technologies aligns with the Air Pollution sub-category.,,
,Sustainable Finance,N/A,Climate Finance (impact and thematic investments),N/A,
,"The paper discusses the use of emerging financial technologies like blockchain, cryptocurrencies, and NFTs in the context of AI art, highlighting the need for sustainable financial practices.","The authors focus on art, not on finance.",Addressing the sustainability of financial models and commercialization methods like NFTs and cryptocurrencies in AI arts points to the climate finance sub-category.,"The authors focus on art, not on finance.",
Managing Large Dataset Gaps in Urban Air Quality Prediction: DCU-Insight-AQ at MediaEval 2022,Pollution,Pollution,Air Pollution,Air Pollution,2212.10273
"The paper addresses the challenge of predicting Air Quality Index (AQI) in urban areas, specifically in the context of large data gaps often present in sensor data. The authors propose methods for filling in these gaps using multimodal data, including weather and traffic images, and employing machine learning models to improve the prediction accuracy of AQI over several days. This approach is particularly relevant for situations where air quality sensors fail or data is sparse, which is a common issue in low-income areas.","The primary focus of the paper is on predicting and managing air quality, which falls under the Pollution category as it deals directly with air pollution prediction and data management.","Improving the quality of human life in smart cities is an important objective linked directly to several United Nations Sustainable Developmental Goals, such as climate action and life on land. Urban transportation and air pollution are two key factors affecting the quality of life. To our knowledge, no literature exists that aims to understand the correlation between traffic factors (e.g., time, vehicles, trees, people), weather (e.g., rain, snow, flood), and air pollution in traffic imagery data (e.g., CCTV, lifelog camera, personal camera).","The paper's main focus is on air quality prediction and managing data gaps, both of which are directly related to the subsection of Air Pollution under the Pollution category.","Improving the quality of human life in smart cities is an important objective linked directly to several United Nations Sustainable Developmental Goals, such as climate action and life on land. Urban transportation and air pollution are two key factors affecting the quality of life. To our knowledge, no literature exists that aims to understand the correlation between traffic factors (e.g., time, vehicles, trees, people), weather (e.g., rain, snow, flood), and air pollution in traffic imagery data (e.g., CCTV, lifelog camera, personal camera).",
,Climate Change Mitigation,Climate Change Mitigation,Climate Data,Transportation,
,"While the focus is on air pollution prediction, improving data management and prediction accuracy can indirectly contribute to climate change mitigation by enabling better air quality management.",,"The paper also touches upon issues related to data collection and management, which are pertinent to Climate Data, especially in underdeveloped regions.",,
Forecasting Sensor Values in Waste-To-Fuel Plants: a Case Study,Pollution,Pollution,Waste,Waste,2209.13957
"This research paper develops machine learning models to predict future sensor readings of a waste-to-fuel plant, enabling proactive control of the plant's operations. The study involves different modeling approaches to predict sensor values based on historical data from a real-world use case in Canada. The aim is to facilitate better optimization, control, and decision-making in waste-to-fuel production processes that convert organic waste into high-quality diesel.","The primary focus of the study is on waste-to-fuel conversion processes, optimizing these operations to manage waste more effectively while producing synthetic diesel from organic waste, addressing waste issues which align under Pollution.",,"The central theme revolves around using waste-to-fuel technology to manage waste, optimize processes, and produce biofuel, which fits within the Waste sub-category.",,
,Climate Change Mitigation,Climate Change Mitigation,Industry,Industry,
,The study supports climate change mitigation by focusing on waste-to-fuel processes which reduce emissions and reliance on fossil fuels.,,The application of machine learning in optimizing process control in the waste-to-fuel industry highlights its secondary focus on industrial process improvement.,,
Multi-Objective Optimization for Value-Sensitive and Sustainable Basket Recommendations,Pollution,Climate Change Mitigation,Waste,N/A,2111.05944
"The paper presents a multi-objective optimization framework aimed at generating value-sensitive and sustainable basket recommendations to minimize environmental and societal impact while respecting personal values. This is achieved by employing novel deep learning architectures alongside existing algorithms, tested on datasets with quantitative data on prices, nutrition, and environmental impact metrics.","The paper extensively addresses the reduction of environmental impact metrics like greenhouse gas emissions and water footprint in the context of consumer purchases, which aligns with pollution reduction efforts.",,"Within the context of pollution, the paper addresses minimizing pollution through optimized consumer purchases, contributing to waste reduction impacts.",,
,N/A,Climate Change Adaptation,N/A,N/A,
,"While the paper involves sustainability, it is specifically concentrated on consumer behavior and recommendations rather than covering multiple areas broadly.",,No other sub-categories fit precisely with the core focus of the paper. It concentrates mainly on sustainable purchasing impact on pollution metrics.,,
,,,,,
,,,,,
"Balancing Profit, Risk, and Sustainability for Portfolio Management",Sustainable Finance,Sustainable Finance,"Environmental, Social and Governance (ESG) and Disclosures","Environmental, Social and Governance (ESG) and Disclosures",2207.02134
"The paper explores stock portfolio optimization using reinforcement learning, focusing on a novel utility function that considers profit, risk, and sustainability. The paper introduces a system that evaluates financial returns, risk (through the Sharpe ratio), and sustainability (through ESG scores) in portfolio management.","The paper primarily deals with financial strategies through portfolio optimization, focusing on ESG, which aligns with sustainable finance.",,The paper emphasizes ESG scores as a measure of sustainability within the portfolio optimization process.,,
,N/A,N/A,N/A,N/A,
,The paper focuses primarily on financial strategies related to sustainability rather than any direct environmental application.,,No other sub-categories beyond ESG and Sustainable Finance are directly addressed in this paper.,,