Deep Neural Networks pruning via the Structured Perspective Regularization,Climate Change Mitigation,N/A,Energy Efficiency in Buildings,N/A,909b90572d80fa8ef5c8d913c84d09cc
This paper introduces a novel method for pruning deep neural networks through structured perspective regularization. The approach is based on a Mixed-Integer-Programming model and uses perspective reformulation to improve network sparsity while maintaining competitive performance. The algorithm is tested on various neural network architectures and demonstrates effective parameter reduction with minimal impact on model accuracy.,"The paper focuses on improving energy efficiency through neural network pruning, which aligns with reducing computational energy consumption, a critical aspect of climate change mitigation.","The authors focus on a technical method linked to deep neural ntworks. ""In this work, we develop a novel method to perform structured pruning during training through the introduction of a Structured Perspective Regularization (SPR) term""","The focus on reducing the computational energy required for running neural networks directly contributes to energy efficiency, which can be applied in the context of building management systems.","The authors focus on a technical method linked to deep neural ntworks. ""In this work, we develop a novel method to perform structured pruning during training through the introduction of a Structured Perspective Regularization (SPR) term""",
,Climate Change Adaptation,N/A,N/A,N/A,
,"Although not a primary focus, optimizing computational efficiency can indirectly support systems that require resilience and adaptability in response to climate impacts.","The authors focus on a technical method linked to deep neural ntworks. ""In this work, we develop a novel method to perform structured pruning during training through the introduction of a Structured Perspective Regularization (SPR) term""",The secondary category does not fit into the available sub-categories.,,
In-Processing Fairness Improvement Methods for Regression Data-Driven Building Models: Achieving Uniform Energy Prediction,Climate Change Mitigation,Climate Change Mitigation,Energy Efficiency in Buildings,Energy Efficiency in Buildings,8b8cc818ca17e2b283f8a194c21ee4a5
"This paper discusses methods to improve fairness in regression data-driven building models, specifically for energy prediction. The proposed in-processing methods add fairness-related penalties or constraints to the loss functions to ensure uniform predictive performance across different conditions, such as varying occupancy movements.","The focus on energy prediction and optimization in buildings aligns with climate change mitigation efforts, particularly in reducing energy consumption through predictive control.",,"The paper is centered on improving energy prediction in buildings, which is crucial for optimizing building energy management and reducing consumption.",,
,N/A,N/A,N/A,N/A,
,"The main focus of the paper is on energy efficiency in buildings, which is adequately covered under the primary category of Climate Change Mitigation. No other categories are directly relevant based on the provided abstract.",,"The focus is solely on energy efficiency in buildings, and no additional sub-categories apply.",,
Laughing Hyena Distillery: Extracting Compact Recurrences From Convolutions,Climate Change Mitigation,N/A,Energy Efficiency in Buildings,N/A,9266c713b4223e2674bf33e0cc34e9d7
"The paper presents the Laughing Hyena Distillery method, which aims to extract compact recurrences from convolutional sequence models to improve the efficiency of autoregressive generation. This method employs state-space models to achieve constant memory and computational costs, allowing for more efficient processing and larger batch sizes during inference, without loss in quality. The approach involves techniques like rational interpolation and model-order reduction, achieving significant improvements in throughput over existing models such as Transformers and Hyena.",The paper focuses on improving computational efficiency which is indirectly linked to climate change mitigation efforts by potentially reducing the carbon footprint of deep learning models used in various applications.,"The authors ""seek to enable O(1) compute and memory cost per token in any pre-trained long convolution architecture to reduce memory footprint and increase throughput during generation."". Within the ""Broader impact"" section (after the aknwoledgments), they precise that their ""distillation methods [...] can lead to energy savings during model deployement, [...] reducing environmental impact."". Nevertheless, the main purpose is to improve a technical method. Climate-related topics are not central...","Although primarily about computational efficiency, the methods described could contribute to broader energy efficiency, analogous to energy efficiency improvements seen in dynamic and adaptive systems like smart lighting or HVAC systems that optimize energy use.","The authors ""seek to enable O(1) compute and memory cost per token in any pre-trained long convolution architecture to reduce memory footprint and increase throughput during generation."". Within the ""Broader impact"" section (after the aknwoledgments), they precise that their ""distillation methods [...] can lead to energy savings during model deployement, [...] reducing environmental impact."". Nevertheless, the main purpose is to improve a technical method. Climate-related topics are not central...",
,N/A,N/A,N/A,N/A,
,The paper primarily focuses on the computational efficiency of deep learning models. No additional eco-responsible categories directly pertain to the work other than the potential impact on energy efficiency.,,There are no additional eco-responsible sub-categories directly related to the paper beyond computational energy efficiency.,,
"PhAST: Physics-Aware, Scalable, and Task-specific GNNs for Accelerated Catalyst Design",Climate Change Mitigation,Climate Change Mitigation,Industry,Industry,92ab9daf9fc3ed20c580b7384d0935b9
"The paper presents PhAST, a framework of novel graph neural networks (GNNs) designed to accelerate the discovery of efficient catalysts that are critical to low-carbon energy processes. PhAST improves the computational efficiency and accuracy of GNNs for electrocatalyst design through task-specific architectural innovations. This includes novel methods for graph creation, atom representation, and energy prediction, which significantly enhance performance and scalability compared to existing models. PhAST can also thrive in CPU-based training settings, enabling broader accessibility.","The paper centers on the use of machine learning for the accelerated discovery of efficient catalysts, which are vital for reducing energy consumption and carbon emissions in industrial processes, thereby directly contributing to climate change mitigation.","To mitigate climate change at a global scale, it is imperative to reduce the carbon emissions of ubiquitous industrial processes like cement production or fertiliser synthesis, as well as to develop infrastructures for storing low-carbon energy at scale, enabling to re-use it wherever and whenever needed.","The development of efficient catalysts for electrochemical reactions directly relates to the optimization of industrial processes, which is a primary focus of the paper.","To mitigate climate change at a global scale, it is imperative to reduce the carbon emissions of ubiquitous industrial processes like cement production or fertiliser synthesis, as well as to develop infrastructures for storing low-carbon energy at scale, enabling to re-use it wherever and whenever needed.",
,Climate Science,Climate Change Mitigation,Carbon Removal,Carbon Removal,
,"The paper indirectly contributes to climate science by improving models for predicting the behavior of catalyst materials, which could enhance understanding of electrochemical processes.","Despite the fact that it might be true, it is not mentioned in the paper. In the categories and sub-categories lists, ""Carbon Removal"" is linked to ""Climate Change Mitigation"".","While the paper's primary focus is on catalyst design, the development of catalysts is closely tied to enabling processes that could be pivotal in carbon removal strategies.","To mitigate climate change at a global scale, it is imperative to reduce the carbon emissions of ubiquitous industrial processes like cement production or fertiliser synthesis, as well as to develop infrastructures for storing low-carbon energy at scale, enabling to re-use it wherever and whenever needed. I am aware that ""Carbon Removal"" ≠ ""reduce the carbon emissions"". The carbon removal process is part of the solutions to reduce carbon emissions. Wouldn't it be more relevant to replace the ""Carbon Removal"" sub-category by the ""Emissions Reduction"" one?",
,,Climate Change Mitigation,,Battery Energy Storage System (BESS),
,,,,"To mitigate climate change at a global scale, it is imperative to reduce the carbon emissions of ubiquitous industrial processes like cement production or fertiliser synthesis, as well as to develop infrastructures for storing low-carbon energy at scale, enabling to re-use it wherever and whenever needed."" This sub-category seems too precise as BESS is a type of energy storage system. Wouldn't it be more relevant to replace the ""Battery Energy Storage System (BESS)"" sub-category by the ""Energy storage"" one?",
A portrait of the different configurations between digitally-enabled innovations and climate governance,Climate Change Mitigation,Climate Change Mitigation,N/A,,8abc54e8921b7849229f48b6f0a67e12
"The paper explores how digital technologies are being leveraged to transform climate governance. It discusses the categorization of digitally-enabled initiatives into four strategies: data mobilization, optimization of existing strategies, incentivizing and automating behavioral change, and enhancing participation and empowerment. These strategies are analyzed through the lens of the Earth System Governance framework’s 5 A’s – Architecture, Agency, Adaptiveness, Accountability, and Allocation & Access, to understand their potential in re-imagining climate governance.","The paper primarily discusses how digital technologies influence climate mitigation initiatives and governance, exploring several strategies for reducing greenhouse gas emissions and supporting sustainable practices.",,"The paper covers multiple aspects and strategies influencing climate governance through digital technologies, spanning several potential sub-categories without focusing on one specific application like renewable energy or transportation.","The goal of this paper is to spark discussions and further investigations into how digitally-enabled initiatives may actually re-shape climate governance"". This topic needs to be reviewed. Could we create a ""Climate Governance"" sub-category?",
,Support to Global South,Support to Global South,Policy Advice and Knowledge Sharing,Policy Advice and Knowledge Sharing,
,"The paper specifically mentions the importance of connectivity and digital solutions to address environmental management issues in the Global South, aiming at leveraging digital technologies to strengthen climate governance in these regions.",,"The paper emphasizes the need for sharing knowledge and utilizing digital innovations to empower better climate governance, which falls within the scope of policy advice and knowledge sharing.",,
Guiding The Last Layer in Federated Learning with Pre-Trained Models,Climate Change Mitigation,N/A,N/A,N/A,8e08240ffc1c8298acc47670eb030973
"The paper discusses a method in Federated Learning (FL) using pre-trained models, focusing on improving the efficiency and performance of FL algorithms. It introduces a two-stage approach for transfer learning in the FL setting, initially using the Nearest Class Means (NCM) method to optimize the classification head followed by fine-tuning the entire model. This new approach aims to reduce communication and computation costs while enhancing model performance. The FedNCM allows efficient initialization and significant gains in FL settings, especially under non-iid data distributions.","Although the paper mainly addresses Federated Learning's efficiency and effectiveness, these improvements could potentially lead to more efficient AI models, thereby reducing the computational resources required for various applications. This aligns broadly with the goals of 'Climate Change Mitigation' focusing on reducing resource use and emissions indirectly.","Despite the fact that it might be true, it is not mentioned in the paper","While the paper contributes to potential energy efficiency, it does not explicitly address any specific predefined sub-categories related to eco-responsibility.",,
,N/A,N/A,N/A,N/A,
,No direct linkage to other eco-responsible categories was found as the paper's core focus is on FL methodologies rather than specific applications related to environmental impact.,,"The paper focuses on the technical aspects of improving FL, with no distinct focus on predefined eco-responsible sub-categories.",,
Critic Sequential Monte Carlo,Climate Change Mitigation,N/A,Transportation,N/A,8c540c3583155b5cd4f824aa07bd9064
"This paper introduces CriticSMC, a novel algorithm that combines sequential Monte Carlo with learned Soft-Q function heuristic factors to enhance planning efficiency in environments with sparse hard constraints, such as collision avoidance in autonomous driving. CriticSMC employs these heuristic factors to guide the sampling process in order to improve inference and planning, making it particularly useful for AI applications in self-driving vehicles.","The paper focuses on improving the efficiency of autonomous driving through a new planning algorithm, CriticSMC. Autonomous driving is directly related to Climate Change Mitigation under the Transportation sub-category since improving the efficiency and safety of autonomous vehicles could contribute to reducing emissions and reliance on traditional fuel sources.","Despite the fact that it might be true, it is not mentioned in the paper","The paper aims to enhance the planning capabilities in autonomous driving scenarios, which falls under the Transportation sub-category of Climate Change Mitigation. The enhanced algorithms aim to reduce collisions and improve autonomous driving efficiency.","Despite the fact that it might be true, it is not mentioned in the paper",
,N/A,N/A,N/A,N/A,
,"The focus of the paper is primarily on improving autonomous driving algorithms, which does not directly align with any other specific eco-responsible categories beyond the transportation implication.",,"While the paper could have broader implications, its current focus does not fit into any other specific eco-responsible sub-category besides Transportation.",,
,,,,,
,,,,,
Double Gumbel Q-Learning.,Climate Change Mitigation,N/A,Transportation,N/A,8b0189a3272dc09f7707978a098e5208
"This paper introduces Double Gumbel Q-Learning, a new Deep Q-Learning algorithm that accounts for heteroscedastic Gumbel noise in reinforcement learning. The algorithm is designed for both discrete and continuous control, offering improvements over existing methods like DDPG, TD3, and SAC. It presents a new loss function and a hyperparameter for tuning pessimism in Q-Learning, achieving better performance across various tasks.","The primary category chosen is Climate Change Mitigation because the paper discusses improvements in control algorithms, which can be used in applications like optimizing the control of stratospheric balloons and magnetic fields of nuclear fusion reactors, both with potential climate mitigation impacts.","Despite the fact that it might be true, it is not mentioned in the paper.",The primary sub-category is Transportation since the application of this algorithm in controlling systems like stratospheric balloons can lead to optimization in air transport and related logistics.,"Despite the fact that it might be true, it is not mentioned in the paper.",
,Climate Science,N/A,Climate Modeling and Predictions,N/A,
,"Since the paper touches upon applications like controlling stratospheric balloons, which can be significant for atmospheric monitoring and studies, it indirectly relates to Climate Science.","Despite the fact that it might be true, it is not mentioned in the paper.",The reinforcement learning techniques described in the paper could indirectly aid in climate modeling by optimizing climate data collection from stratospheric balloons.,"Despite the fact that it might be true, it is not mentioned in the paper.",
Learning to repeatedly solve routing problems,Climate Change Mitigation,N/A,Transportation,N/A,8f1cfb3852921c2f02b0a8c476d48fd5
"This paper explores the integration of machine learning into combinatorial optimization, specifically focusing on the capacitated vehicle routing problem (CVRP) where the demand of clients changes but their locations do not. The authors propose a learned heuristic that predicts which parts of a solution are likely to remain unchanged after demand changes, thus speeding up the reoptimization process. By fixing predicted stable edges, the search space is reduced and overall computational efficiency is improved, achieving small optimality gaps.","The primary focus of the paper is on optimizing the operation of vehicle fleets, which can contribute to transportation efficiency and reduction in greenhouse gases (GHG) emissions, which is central to climate change mitigation efforts.","Despite the fact that it might be true, it is not mentioned in the paper.","The sub-category of 'Transportation' under 'Climate Change Mitigation' is appropriate because the paper specifically focuses on optimizing vehicle routing, which is a critical aspect of transportation efficiency.","Despite the fact that it might be true, it is not mentioned in the paper.",
,N/A,N/A,N/A,N/A,
,"The paper does not explicitly address secondary eco-responsible categories as defined in the given list, focusing primarily on transportation efficiency.",,The focus is specific to transportation optimization and does not extend into other sub-categories listed.,,
Single Allocation Hub Location with Heterogeneous Economies of Scale,Climate Change Mitigation,N/A,Transportation,N/A,8eb86d924127f5c50a73e6dbe0605e8f
"The paper addresses the optimization problem of single allocation hub locations while considering heterogeneous economies of scale. It proposes advanced mathematical models and decomposition methods, like mixed integer linear programming (MILP) and mixed integer quadratically constrained program (MIQCP), to handle this complexity efficiently. Extensive computational experiments are performed to validate the proposed models, demonstrating their efficacy in solving large-scale instances.","The paper's methods indirectly contribute to optimizing transportation networks (hub locations) which can lead to more efficient logistics and reduced emissions, aligning with Climate Change Mitigation goals.","Despite the fact that it might be true, it is not mentioned in the paper.","The study addresses transport efficiency through hub locations, which is crucial in optimizing commercial transportation routes and schedules.","Despite the fact that it might be true, it is not mentioned in the paper.",
,N/A,N/A,N/A,N/A,
,"The paper's focus is narrow and does not extend beyond logistical efficiency and cost reduction, so no additional eco-responsible categories are relevant here.","Despite the fact that it might be true, it is not mentioned in the paper.",There are no secondary sub-categories that apply as the focus remains strictly on transport and logistics optimization.,"Despite the fact that it might be true, it is not mentioned in the paper.",
Video Killed the HD-Map: Predicting Multi-Agent Behavior Directly From Aerial Images,Climate Change Mitigation,N/A,Transportation,N/A,91c591833f123964c4e2c4ba004d2813
"The paper proposes a method to enhance multi-agent trajectory predictions in autonomous driving simulations by replacing high-definition (HD) maps with aerial image-based maps (AIMs). The AIMs are generated from drone-captured video frames, providing rich road context with minimal manual annotation. This innovative approach not only reduces the effort involved in manual annotation of HD maps but also improves prediction accuracy, particularly for pedestrian scenarios, thus overcoming a bottleneck in scaling human traffic datasets for realistic driving simulations.","The paper addresses enhanced autonomous driving simulations, which can lead to more efficient transportation systems, potentially reducing carbon emissions and optimizing urban mobility.","Despite the fact that it might be true, it is not mentioned in the paper.","The work is directly related to improving the efficiency and effectiveness of autonomous driving systems, a key component in transportation and urban mobility.","Despite the fact that it might be true, it is not mentioned in the paper.",
,Climate Science,N/A,Climate Modeling and Predictions,N/A,
,The utilization of aerial imagery to construct maps without manual HD annotations touches upon technological innovations that could be applied to climate modeling and predictions if extended beyond autonomous driving.,"Despite the fact that it might be true, it is not mentioned in the paper.","Given the technological approach used to process aerial images, there are parallels in processing satellite and aerial data for climate prediction models.","Despite the fact that it might be true, it is not mentioned in the paper.",
Lie Point Symmetry and Physics-Informed Networks,Climate Science,N/A,Climate Modeling and Predictions,N/A,92fe151e56bf04bb120c60f7606e0443
"This paper explores the enhancement of Physics-Informed Neural Networks (PINNs) by leveraging Lie point symmetries in partial differential equations (PDEs) to improve computational efficiency and accuracy. It introduces a new loss function that incorporates these symmetries, leading to better generalization and sample efficiency in neural PDE solvers.","The paper discusses applications of Physics-Informed Neural Networks (PINNs) in solving partial differential equations, which are crucial for modeling physical systems, including climate dynamics.","""[...] learning to solve PDEs has the potential to significantly impact various areas of science, ranging from quantum chemistry to biology to climate science to cosmology."". Even if the ""climate science"" term is employed, the authors don't focus on climate-related topics. They ""present the foundations for leveraging Lie point symmetry in a large family of Neural PDE solvers that do not require access to accurate simulations.""","The emphasis on solving PDEs efficiently and accurately through PINNs directly supports climate modeling and predictions, as these are critical tools in understanding climate processes.","""[...] learning to solve PDEs has the potential to significantly impact various areas of science, ranging from quantum chemistry to biology to climate science to cosmology."". Even if the ""climate science"" term is employed, the authors don't focus on climate-related topics. They ""present the foundations for leveraging Lie point symmetry in a large family of Neural PDE solvers that do not require access to accurate simulations.""",
,N/A,N/A,N/A,N/A,
,The paper primarily focuses on the methodological advancements in PINNs and their application in solving PDEs. It does not directly address other eco-responsible categories beyond the primary focus related to modeling physical systems like climate dynamics.,"Despite the fact that it might be true, it is not mentioned in the paper.","The paper primarily focuses on improving the computational efficiency of PDE solvers using PINNs, which relates to climate modeling. It does not address other specific sub-categories listed.","Despite the fact that it might be true, it is not mentioned in the paper.",
P REDICTIVE I NFERENCE WITH F EATURE C ONFORMAL P REDICTION,Climate Science,N/A,Climate Modeling and Predictions,N/A,9093877c72d09bbdc2deac68d7968024
"This paper presents Feature Conformal Prediction (Feature CP), which extends conventional conformal prediction to semantic feature spaces using deep representation learning. The authors demonstrate the theoretical and practical benefits of this approach, improving prediction intervals and showcasing its application in tasks such as ImageNet classification and Cityscapes image segmentation.","The paper deals with predictive inference techniques within the realm of machine learning methodologies. Although not directly tied to environmental or climate aspects, predictive inference can be crucial for accurate modeling and predictions in climate science.","Despite the fact that it might be true, it is not mentioned in the paper.","While the paper itself doesn't directly address climate modeling and predictions, it provides a foundational methodology that could enhance predictive modeling techniques in climate sciences.","Despite the fact that it might be true, it is not mentioned in the paper.",
,N/A,N/A,N/A,N/A,
,The paper focuses on predictive inference methodologies and does not directly relate to another secondary category under eco-responsible outcomes.,,"The sub-categories listed are not directly addressed by the paper's methodologies or findings, as its focus is primarily on advancing predictive inference techniques.",,
GEO-Bench: Toward Foundation Models for Earth Monitoring,Climate Science,Climate Science,Greenhouse Gases Measurement and Tracking,Climate Modeling and Predictions,8d1406cf630454fe85e144150ade1525
"This paper discusses the creation of a benchmark named GEO-Bench, intended to support the development of foundation models for Earth monitoring. The benchmark includes twelve tasks related to Earth observation data and aims to facilitate better evaluation and comparison of models in remote sensing. The authors emphasize the ability of these models to contribute to climate change mitigation and adaptation, and climate science applications such as methane detection and forest carbon quantification.","The paper focuses on establishing a benchmark to improve Earth observation tasks, directly contributing to climate science through better monitoring and prediction systems.","Specific case to be dicussed. The ""Climate Science"" category is correct but the sub-category has not been correctly picked up. It is the opposite with the 2nd line + The paper really focuses on climate modeling and predictions. ""We developed a new benchmark for evaluating pre-trained models on remote sensing downstream tasks"". Nevertheless, the ""Climate Change Mitigation"" and ""Climate Change Adaptation"" categories should also be mentionned without selecting sub-categories (in my opinion)","The benchmark supports tasks like methane source detection which are crucial for monitoring Greenhouse Gas emissions, a vital component of climate science.",,
,Climate Change Mitigation,Climate Change Mitigation,Climate Modeling and Predictions,N/A,
,"The paper indicates applications in methane source detection and forest carbon quantification, which directly contribute to climate change mitigation efforts.","""Climate Modeling and Predications"" is linked to ""Climate Science"", not ""Climate Change Mitigation"".","The paper mentions applications such as extreme weather prediction, which falls under climate modeling and predictions.",,
,,Climate Change Adaptation,,,
,,,,,
Population Genomics Approaches for Genetic Characterization of SARS-CoV-2 Lineages,Climate Science,N/A,N/A,N/A,8b5cbac7e6bc0d81d286e5b3b0fd6460
"This paper presents a set of genomic surveillance tools from population genetics for understanding the evolution of SARS-CoV-2, the virus causing COVID-19. It details methods like haplotype networks and principal component analysis for real-time lineage identification and analyzes 329,854 sequences from the GISAID database to demonstrate these approaches. The study aims to enhance viral genetic profiling and surveillance, aiding in tracing infection pathways and designing preventive strategies during the pandemic.","The paper aims to enhance understanding of SARS-CoV-2 evolution using genomic data, which aligns with the advancement of scientific methods to monitor and predict biological phenomena affecting public health, akin to climate science methodologies but in the context of viral spread rather than environmental systems.",Paradoxical reasoning.,"There is no direct alignment with the listed eco-responsible sub-categories, as the paper focuses on the genomics of a viral pandemic rather than environmental or climate-related sub-categories.",,
,N/A,N/A,N/A,N/A,
,"The paper does not directly address issues related to eco-responsible AI categories such as climate change, energy efficiency, or renewable energy, which are the main focus in formulating environmental impact strategies.",,"Since the paper primarily deals with the characterization of SARS-CoV-2 lineages, it does not engage with sub-categories relevant to eco-responsibility or specific environmental AI applications.",,
"A Generalized Bootstrap Target for Value-Learning, Efficiently Combining Value and Feature Predictions",N/A,N/A,N/A,N/A,901752848cee2c3613d514bebfa0acdf
"The paper introduces a new method for constructing learning targets in reinforcement learning that combines value and feature predictions, using an η-return mixture as a backup target. This approach seeks to improve the efficiency of value function estimation by combining predictive knowledge from both successor features and value functions. Empirical results indicate that this method leads to faster policy evaluation and better control performance.","The paper focuses on methodology within reinforcement learning to improve learning efficiency and value prediction. It does not directly address any of the predefined eco-responsible categories despite its potential applicability in the future for energy or resource management, which might lead to indirect environmental benefits.",,"Given that the paper is primarily about reinforcement learning methodologies without a direct application to eco-responsible sub-categories, this classification is appropriate.",,
"A Multifaceted Framework to Evaluate Evasion, Content Preservation, and Misattribution in Authorship Obfuscation Techniques",N/A,N/A,N/A,N/A,91063ea9be1972c47d1b4ec4503f0133
"This paper evaluates authorship obfuscation techniques on their ability to hide the author's identity while preserving content. It introduces a new measure, misattribution harm, to evaluate the potential harm from detection evasion. The paper uses a competitive baseline, back translation, against state-of-the-art obfuscation techniques and highlights key weaknesses in these techniques.","The paper focuses on authorship obfuscation, which is aimed at anonymity and privacy rather than any direct environmental or eco-responsible application.",,"The sub-category does not align with eco-responsible AI, focusing on applications of privacy and anonymization techniques instead.",,
,N/A,N/A,N/A,N/A,
,The study is centered around computational methodologies for authorship obfuscation without any specific consideration of environmentally responsible or sustainable applications.,,"The paper's content does not contribute to eco-friendly technologies or practices, but is rather about computational techniques for privacy.",,
"A double-oracle, logic-based Benders decomposition approach to solve the K-adaptability problem",N/A,N/A,N/A,N/A,8ba24cca45eb430fe492b3703ea4ae8c
"The paper introduces a novel approach to solve K-adaptability problems by incorporating a logic-based Benders decomposition for the first-stage decisions and a double-oracle algorithm for the sub-problem. The method focuses on robust combinatorial optimization under uncertainty, involving integer decision variables and convex constraints. It operates by iteratively generating adverse scenarios and recourse decisions to converge on an optimal solution with finite iterations. The effectiveness of the algorithm is demonstrated through benchmark tests on adaptive combinatorial optimization problems.","The paper is predominantly focused on optimization methodologies and computational strategies for solving K-adaptability problems and does not directly address or fit into any of the predefined eco-responsible categories such as climate change, pollution, or energy efficiency.",,The research primarily contributes to mathematical optimization theory rather than addressing specific eco-responsible sub-categories like renewable energy or pollution control.,,
A modified Thompson sampling-based learning algorithm for unknown linear systems,N/A,N/A,N/A,N/A,8a339f1db62743efab17ecf7c41c5b26
"The paper revisits and proposes a variation on a learning algorithm for controlling unknown linear systems with quadratic cost. This modification aims to achieve a Bayesian regret bound while relaxing some technical assumptions. The proposed method involves adjusting episode length dynamically using a minimum threshold, aiming to preserve regret guarantees under less strict conditions, compared to previous methods.","The paper is centered on algorithmic developments in control theory and reinforcement learning, specifically for linear systems, rather than eco-responsible themes.",,There is no explicit mention or application of eco-responsible methods or goals within the paper's objectives or implementation.,,
A stochastic integer programming approach to reserve staff scheduling with preferences,N/A,N/A,N/A,N/A,911a4e45252f52ad324d8073d9a15de7
"The paper discusses a new approach to the personnel scheduling problem focusing on unstudied operational issues in the transit industry. It introduces a two-stage stochastic integer programming model to schedule reserve staff (extra boards) while considering employee preferences to improve their satisfaction and attendance. The research emphasizes the importance of preference-based scheduling in reducing employee absenteeism and improving service reliability. It uses data from Los Angeles to validate the proposed model, showing significant improvements in social welfare and reduced service cancellations if preferences are considered in scheduling.","The paper primarily focuses on optimizing staffing schedules in the transit industry using mathematical modeling and programming techniques, with a strong emphasis on employee satisfaction. It doesn't directly relate to eco-responsible AI topics as listed.",,The sub-category is not directly applicable as the paper does not address any of the specific eco-responsible AI applications listed.,,
,Climate Change Mitigation,N/A,Transportation,N/A,
,"Indirectly related as optimizing transit operations can contribute to more efficient transportation systems, thus potentially reducing emissions by requiring fewer reserve resources.","Despite the fact that it might be true, it is not mentioned in the paper","Indirectly connected as the paper addresses personnel scheduling in the transit industry, which is part of transportation optimization.","Despite the fact that it might be true, it is not mentioned in the paper",
AfriSenti: A Twitter Sentiment Analysis Benchmark for African Languages,N/A,N/A,N/A,N/A,915b6b9d8d15fff87e524f840ef21c29
"The paper introduces AfriSenti, a comprehensive Twitter sentiment analysis benchmark in 14 African languages, leveraging over 110,000 tweets. It addresses the underrepresentation of African languages in NLP research by providing a high-quality annotated dataset for sentiment analysis. The study outlines data collection, annotation processes, and challenges faced, especially in dealing with linguistic diversity and code-switching. Baseline experiments are conducted, highlighting the performance of various language models. AfriSenti aims to foster sentiment analysis research for African languages and invites further exploration and extension by the research community.","The paper focuses on sentiment analysis for African languages, which does not directly align with any predefined eco-responsible AI categories. It is primarily a language resource development effort.",,The focus of the paper on sentiment analysis and language resources does not fall under any specific eco-responsible sub-category.,,
,N/A,N/A,N/A,N/A,
,No direct or indirect relation to eco-responsible AI categories. The primary goal is linguistic resource development rather than environmental or sustainability-oriented applications.,,"Given the focus on linguistic and NLP tools, there are no secondary eco-responsible sub-categories applicable.",,
Author Correction: Gradient-based learning drives robust representations in recurrent neural networks by balancing compression and expansion,N/A,N/A,N/A,N/A,89a8cf266a3e3ce0f54031955d982c6b
This document is an author correction for a previously published article in the journal Nature Machine Intelligence. It addresses corrections related to an incorrect URL in a reference and the acknowledgment section in the original paper. These corrections have been applied to the HTML and PDF versions of the article.,"This document is a correction notice, not a scientific paper discussing eco-responsible categories or applications.",,"As a correction notice, it does not involve any specific sub-category related to eco-responsible initiatives.",,
Auxiliary Losses for Learning Generalizable Concept-based Models,N/A,N/A,N/A,N/A,8bc947023fdd8e776ca7fa69647b83b1
"The paper proposes enhancements to Concept Bottleneck Models (CBMs) by introducing cooperative-CBM (coop-CBM) along with Concept Orthogonal Loss (COL) to improve model performance and concept separation. These models aim at improving interpretability and accuracy under various conditions such as distributional shifts, with applications in image classification tasks. The study extensively explores how these models can overcome issues like irrelevant concept representations and information leakage.","The paper primarily focuses on improving the methodology of AI models for better generalization, interpretability, and accuracy, without directly addressing an eco-responsible category or application such as energy efficiency, renewable energy, pollution reduction, etc.",,The paper does not fit into any specific eco-responsible sub-category since its primary aim is on improving the concept bottleneck models' performance and interpretability from a technical perspective.,,
,N/A,N/A,N/A,N/A,
,"Similar to the primary category, the paper does not address any specific eco-responsible topic as a secondary theme.",,"The paper is centered around AI model architecture and performance improvements, without connections to any environmental or sustainable sub-categories.",,
BDD-based optimization for the quadratic stable set problem,N/A,N/A,N/A,N/A,8c5fc71b228fc27c6045b978323bd9cc
"This paper explores the quadratic stable set problem (QSSP), which extends the maximum stable set problem and is NP-hard. It proposes a novel representation using binary decision diagrams (BDDs) and a hybrid optimization approach combining BDDs and mixed-integer programming (MIP) to solve the problem. The paper highlights the flexibility of decision diagrams for nonlinear problems and the complementary use of BDD and MIP to explore solution spaces. Machine learning aids in guiding the search mechanisms.","The paper focuses on solving an optimization problem (quadratic stable set problem) using decision diagrams and mixed-integer programming, which does not directly address any eco-responsible categories related to climate, sustainability, or environmental protection.",,The paper does not fit into any specific sub-categories related to eco-responsibility as it deals with a mathematical and computational problem rather than an environmental one.,,
,N/A,N/A,N/A,N/A,
,"The methodologies discussed, such as decision diagrams and mixed-integer programming, while potentially beneficial in various applications, are not directly linked to eco-responsible initiatives.",,"The techniques employed for solving the QSSP, such as hybrid optimization, while innovative, do not correspond to any sub-categories associated with eco-responsibility.",,
Beyond the Imitation Game: Quantifying and extrapolating the capabilities of language models,N/A,N/A,N/A,N/A,911bc66697334b2ec0262d61af6bc582
"The paper presents the development and application of the BIG-bench benchmark, which consists of 204 tasks designed to assess the capabilities of language models beyond current capabilities. It evaluates these models' performance as they scale in size, providing insights into their behaviors, including the presence of social biases and how performance scales with model size. The benchmark also presents a human baseline to compare model performance.","The primary focus of the paper is on developing a benchmarking framework for language models, which doesn't directly align with any eco-responsible category or applications related to environmental or sustainable concerns.",,"The paper's central theme is the benchmarking of language models, which does not integrate with any specific eco-responsible sub-category.",,
,N/A,N/A,N/A,N/A,
,The paper primarily explores language model evaluation and does not delve into applications that align with eco-responsible AI or sustainability.,,The secondary topics are aligned with understanding language models rather than eco-responsible AI applications.,,
Broken Neural Scaling Laws,N/A,N/A,N/A,N/A,9001444a10b2ef797204a5403bbaa585
"This paper introduces a broken neural scaling law (BNSL) that effectively models and predicts the scaling behavior of deep neural networks across various architectures and tasks. The BNSL is a smoothly connected piecewise linear function that outperforms traditional power law models in capturing non-monotonic behaviors such as double descent and inflection points. The paper explores the application of BNSL in a wide range of tasks, demonstrating its superior extrapolation capabilities compared to other models. The authors also discuss the implications of their findings for AI alignment and safety.","The paper primarily deals with the mathematical modeling of neural scaling laws and their application in improving the predictive accuracy of neural network performance at scale. It does not focus specifically on any eco-responsible AI category, such as climate change, pollution control, or natural systems protection.",,"Since the paper is not focused on any eco-responsible application directly, there is no relevant sub-category it fits into among the predefined options.",,
CLIP-Mesh: Generating textured meshes from text using pretrained image-text models,N/A,N/A,N/A,N/A,8d05d893f24e9b197679a1b27005607b
"The paper introduces a method named CLIP-Mesh that allows for the generation of 3D meshes from text prompts. Leveraging a pretrained CLIP model, the technique optimizes mesh parameters to create shapes and textures that correspond to the input text without requiring 3D supervision. It introduces constraints and techniques to ensure plausible mesh generation and to enhance the integration with existing software.","The primary focus of the paper is on generating 3D meshes from text prompts for applications in gaming, virtual reality, and multimedia, which does not directly align with the eco-responsible categories defined.",,The sub-categories provided do not include relevant topics that align with the generation of 3D models from text prompts as presented in this paper.,,
,N/A,N/A,N/A,N/A,
,The content and methodology described in the paper do not directly relate to any identifiable secondary eco-responsible categories.,,No secondary sub-categories align with the research content or contributions of this paper in the context of eco-responsible topics.,,
Can Forward Gradient Match Backpropagation?,N/A,N/A,N/A,N/A,8e57b1466fa4c78c1d5253fae2924d65
"This paper explores the use of forward gradients as an alternative to backpropagation for training neural networks. The authors discuss the limitations of backpropagation, such as memory and synchronization requirements, and propose forward gradients as a more efficient and potentially biologically plausible method. They conduct a study on various combinations of gradient targets and guesses using neural network architectures like ResNet-18. The paper suggests that forward gradients, particularly with local gradient guesses, can improve efficiency and scalability, though challenges remain in matching the accuracy of backpropagation.",The paper primarily focuses on computational efficiency and alternative training methods for neural networks rather than directly addressing eco-responsible AI applications or categories.,,The paper does not focus on a specific eco-responsible sub-category as it deals with improving neural network training methods unrelated to environmental impact.,,
Can Retriever-Augmented Language Models Reason? The Blame Game Between the Retriever and the Language Model,N/A,N/A,N/A,N/A,8f491bc67afb157ed5989d483de205ca
"This paper investigates the reasoning abilities of retriever-augmented language models across various tasks, such as language modeling and question answering. It evaluates the performance of multiple models like kNN-LM, REALM, and Contriever + Flan-T5, and analyzes the challenges faced by both retrievers and language models in reasoning tasks.",The paper primarily deals with analyzing and improving the reasoning capabilities of language models and retrievers in NLP tasks like language modeling and question answering. It does not explicitly focus on eco-responsible categories.,,"The main focus of the paper is on the strengths and limitations of retriever-augmented language models in reasoning, which does not relate to any specific eco-responsible sub-category.",,
Cone-Traced Supersampling for Signed Distance Field Rendering,N/A,N/A,N/A,N/A,8ed3b2d1936d67bdb4daa552d75606d1
"This paper presents Cone-Traced Supersampling (CTSS), a novel antialiasing technique that efficiently complements the sphere tracing algorithm used for rendering Signed Distance Fields. Unlike traditional supersampling methods, CTSS does not require casting additional rays per pixel or offline pre-filtering, resulting in significantly lower performance costs while maintaining high visual quality.","The paper focuses on computer graphics rendering techniques specifically related to antialiasing for Signed Distance Fields, which do not have a direct application or implication linked to eco-responsibility in AI or sustainability. The focus is more on improving rendering performance and image quality rather than environmental impact.",,"The sub-category related to this work does not fall under any predefined eco-responsible themes as it mainly targets computer graphics performance and quality. It doesn't cover renewable energy optimization, climate science, or any direct sustainability aspect.",,
,N/A,N/A,N/A,N/A,
,"The secondary topics discussed are primarily within the domain of computer graphics rendering improvements. Although they deal with efficiency, these optimizations are relevant to graphics technology rather than eco-responsible AI applications or contributions.",,"The secondary sub-topics are limited to enhancing graphics rendering through techniques like sphere tracing and supersampling for visual quality improvements, with no direct association with eco-responsible technology developments.",,
CrossSplit: Mitigating Label Noise Memorization through Data Splitting,N/A,N/A,N/A,N/A,8a5d220be6cd4a4158ced843986aaf0c
"The paper introduces CrossSplit, a novel approach to mitigating label noise memorization in deep learning. It involves splitting labeled data into two disjoint parts and training separate neural networks on each part, using a cross-split label correction mechanism. The method enhances robustness against noisy labels by leveraging peer network predictions for label correction and semi-supervised learning techniques.",The paper primarily focuses on improving the robustness of deep learning methods to label noise rather than addressing an eco-responsible topic.,,"Since there is no direct eco-responsible application or implication of the method discussed, no specific sub-category fits.",,
,N/A,N/A,N/A,N/A,
,The paper does not delve into any secondary eco-responsible categories _  it is mainly concerned with methodological improvements in machine learning.,,The paper does not engage with sub-categories as its focus is on a methodological improvement unrelated to eco-responsibility.,,
DEUP: Direct Epistemic Uncertainty Prediction,N/A,N/A,N/A,N/A,8e0756a115502a4b39e0663c57ee179e
"The paper presents a framework called Direct Epistemic Uncertainty Prediction (DEUP) for estimating epistemic uncertainty in machine learning models. It critiques traditional Bayesian methods and proposes an alternative approach by estimating excess risk. This method is shown to be particularly useful in interactive and reinforcement learning environments, improving decision-making processes by providing better uncertainty estimates.","The paper focuses on techniques for uncertainty prediction in machine learning models, which is a general methodological advancement not directly tied to any specific eco-responsible category.",,The paper's technical subject matter does not align with any specific eco-responsible sub-category.,,
,N/A,N/A,N/A,N/A,
,"While the research might have implications for various fields, there is no specific reference to eco-responsible applications within the text.",,There is no explicit link to eco-responsible AI applications in any sub-category mentioned in the document.,,
Detection and genomic analysis of BRAF fusions in Juvenile Pilocytic Astrocytoma through the combination and integration of multi-omic data,N/A,N/A,N/A,N/A,8a9f3ef6401f8cfbc5828a12576e920a
"This paper investigates the detection and genomic analysis of BRAF fusions in Juvenile Pilocytic Astrocytoma (JPA), a common pediatric brain tumor. The study applies and integrates RNA-Seq, linked-read whole-genome sequencing, and in situ Hi-C to identify novel and canonical BRAF fusion partners. This approach allows for high-resolution characterization of the JPA genome and suggests potential clinical applications for JPA diagnosis.","The paper focuses on cancer genomics, particularly brain tumors, and involves advanced genomic techniques to identify gene fusions. It does not directly relate to any eco-responsible AI application or environmental sustainability topic.",,"The sub-categories listed focus on environmental and sustainable topics, none of which align with the biomedical genomics focus of the paper.",,
,N/A,N/A,N/A,N/A,
,"The focus of the paper is primarily biomedical, pertaining to genomic analysis of pediatric brain tumors, and doesn't fall under any secondary eco-responsible AI category related to environmental or sustainability issues.",,"As with the primary sub-category, the paper's biomedical focus does not align with any environmental or sustainable sub-category.",,
DiffPack: A Torsional Diffusion Model for Autoregressive Protein Side-Chain Packing,N/A,N/A,N/A,N/A,8a0745c483d3cba7a278e234874c929c
"The paper presents DiffPack, a torsional diffusion model designed for predicting the conformation of protein side-chains based on torsional angles. It introduces an autoregressive approach to generate these torsional angles, improving accuracy and computational efficiency compared to previous models. The model is evaluated against benchmarks CASP13 and CASP14, demonstrating significant improvements in accuracy of angle predictions. Additionally, it enhances the side-chain predictions of the AlphaFold2 model.","The paper is centered around protein structure prediction, which does not directly relate to any predefined eco-responsible category such as climate change mitigation or natural systems protection.",,"As the primary category is not related to eco-responsible AI, the sub-category also remains non-applicable.",,
DyG2Vec: Efficient Representation Learning for Dynamic Graphs,N/A,N/A,N/A,N/A,8bf77aa66ac16908414f522325ee0c50
"The paper proposes DyG2Vec, a novel efficient encoder-decoder model for continuous-time dynamic graphs, leveraging a window-based architecture that acts as a regularizer to avoid over-fitting. It employs an attention-based graph neural network for message-passing across structure and time and integrates non-contrastive self-supervised learning (SSL) to yield task-agnostic embeddings. This model shows improved performance in future link prediction with significantly reduced computational overhead compared to state-of-the-art methods.","The paper primarily focuses on developing a machine learning model for dynamic graph representation learning, which does not directly relate to eco-responsible AI categories such as climate change, pollution, or natural systems protection.",,"Similar to the primary category, the subcategory does not align with eco-responsible AI topics as the paper is focused on a graph-based neural network model rather than applications in climate or environmental sciences.",,
"Erratum to: Rapid simultaneous acquisition of macromolecular tissue volume, susceptibility, and relaxometry maps (Magn Reson Med. 2022,87:781‐790.)",N/A,N/A,N/A,N/A,8f59f9ba2d83441f3dd507dbbe34ae19
"This paper serves as an erratum to a previously published research paper that dealt with techniques for imaging macromolecular tissue volume, susceptibility, and relaxometry maps using MRI. The erratum mainly corrects inaccuracies regarding the number of subjects involved in the study.",The paper is an erratum addressing corrections to the number of subjects in a study related to MRI techniques. It does not focus on eco-responsible AI topics.,,There is no discussion related to eco-responsible AI sub-categories in the given erratum paper.,,
,N/A,N/A,N/A,N/A,
,"The content of the erratum is not related to eco-responsible AI, focusing purely on correcting subject number details in a medical imaging study.",,"The paper's content is not relevant to any eco-responsible AI sub-categories, focusing on correcting a specific error in a medical study.",,
Family risk communication preferences in pediatric surgery: A scoping review.,N/A,N/A,N/A,N/A,8e56b7f69ae978898edc7857afa8766c
"This paper is a scoping review aimed at exploring family-preferred methods for risk communication in pediatric surgery. It examines various modalities such as technological, written, verbal, and visual communication methods that families prefer when understanding surgical risks. The purpose is to optimize shared decision-making processes in pediatric surgical care by understanding these preferences.","The paper focuses on pediatric surgical risk communication and patient-centered care, which doesn't fit into any eco-responsible category focused on environmental issues, climate, or sustainability.",,"The subject of the paper, which is risk communication in pediatric surgery, does not align with any eco-responsible sub-category mainly concerned with climate or environmental issues.",,
,N/A,N/A,N/A,N/A,
,The paper does not relate to any secondary eco-responsible or environmental sustainability topics.,,There are no relevant secondary sub-categories that relate to eco-responsibility or climate actions within the paper.,,
Forgetting Enhances Episodic Control With Structured Memories,N/A,N/A,N/A,N/A,925a2298f2820c79ae2385ecde38091c
"This study explores the hypothesis that forgetting can enhance performance in decision-making by utilizing structured episodic memories. Using a reinforcement learning framework, the research shows that an agent employing episodic memory can forget a significant portion of older memories while maintaining or even improving performance. By employing structured mnemonic representations, the agent minimizes the impact of outdated or infrequently used information, leading to more consistent and efficient decision-making. The paper provides theoretical support for the idea that forgetting is beneficial for episodic control systems and decision-making.",The paper is primarily focused on cognitive science and reinforcement learning principles related to memory and decision-making without direct reference to ecological or sustainable applications.,,"The study does not fall into a specific eco-responsible sub-category as defined in the list, focusing instead on reinforcement learning and cognitive mechanisms.",,
,N/A,N/A,N/A,N/A,
,"Despite being interdisciplinary with some application potential in AI, the paper lacks direct relevance to eco-responsible AI as it doesn't focus on environmental or sustainable applications.",,The paper does not align with any of the eco-responsible sub-categories as it deals primarily with episodic memory and cognitive reinforcement learning strategies.,,
Formalizing locality for normative synaptic plasticity models,N/A,N/A,N/A,N/A,8e590289e2087b4e4e0c393d1c1fb96c
"This paper proposes a formal and operational definition of 'locality' in synaptic plasticity models, specifically within the context of biologically plausible learning algorithms derived from machine learning principles. The authors introduce S-locality, an architecture-independent definition of locality, and p-locality, an operationalized notion of locality based on adjacency in computational graphs. They use these frameworks to categorize and group existing plasticity models and explore their experimental predictions, aiming to improve biological plausibility tests and guide experimental verification of synaptic plasticity algorithms.","The paper does not directly relate to eco-responsible AI or address environmental impacts. It focuses on computational neuroscience and biologically plausible models in AI, which fall outside the scope of eco-responsibility, climate change, or sustainable applications.",,"As the primary category is 'N/A', the sub-category also follows suit since the paper does not address any specific eco-responsible AI or sustainability sub-category.",,
,N/A,N/A,N/A,N/A,
,"There are no indications in the paper that link it to eco-responsible AI or any environmental impact, further reinforcing its focus on neuroscience and AI algorithm plausibility testing.",,"Given the absence of relevance to eco-responsible AI, there are no applicable secondary sub-categories to assign.",,
Formation of Giant Plasma Membrane Vesicles for Biological and Medical Applications: A Review,N/A,N/A,N/A,N/A,8e130b8aab252a6db00f8c9733c91043
"This paper reviews the formation of giant plasma membrane vesicles (GPMVs), highlighting their structural and functional properties, and exploring their use as cell mimics, plasma membrane models, and drug carriers in biomedical applications. It covers various methods of GPMV formation, discusses the unique characteristics of these vesicles, and their potential in improving drug delivery and disease diagnostics. The review looks into current challenges and future directions for GPMV research.","The paper primarily focuses on the biomedical applications of GPMVs including drug delivery systems and disease diagnostics, which do not directly align with the defined eco-responsible categories focused on environmental sustainability and climate change.",,The sub-categories are not applicable as the focus is on biological and medical applications rather than environmental or sustainability concerns.,,
,N/A,N/A,N/A,N/A,
,"Similarly, the secondary categories do not fit as the paper's main orientation is towards biomedical uses without an emphasis on eco-friendly or sustainable applications as per the categories.",,"The sub-categories do not adequately represent the paper's focus on biomedical applications like drug delivery, which is outside the eco-responsible context.",,
From Generative Models to Generative Passages: A Computational Approach to (Neuro) Phenomenology,N/A,N/A,N/A,N/A,908aae73b86ca119e7a47dc0234f2592
"The paper explores a computational approach to phenomenology using generative models, primarily in the context of naturalizing phenomenology through computational neuroscience techniques. It reviews philosophical objections, outlines the generative modelling framework, and discusses how it can be applied to model the inferential processes that explain lived experiences. The paper aims to integrate phenomenological descriptions with scientific methods to enhance understanding of consciousness.","The paper centralizes around the computational understanding of phenomenology and consciousness, a topic which does not explicitly fall within any eco-responsible category provided. Its focus is on bridging phenomenology and computational neuroscience rather than environmental or sustainability-related topics.",,The paper’s content predominantly covers cognitive sciences and computational modelling approaches that do not align with the designated eco-responsible sub-categories.,,
,N/A,N/A,N/A,N/A,
,"There are no secondary eco-responsible themes apparent in the paper's focus on computational phenomenology and generative models, which are not aligned with environmental or sustainability objectives.",,"The theme of the paper does not intersect with any secondary sub-categories related to eco-responsible AI, as it focuses chiefly on computational and philosophical aspects of consciousness.",,
GANSpiration: Balancing Targeted and Serendipitous Inspiration in User Interface Design with Style-Based Generative Adversarial Network,N/A,N/A,N/A,N/A,8a886500496a315083e8a264637c2273
"The paper presents GANSpiration, a tool for user interface design that uses StyleGAN to provide a balance of targeted and serendipitous design inspiration. The tool suggests diverse yet relevant design examples to prevent design fixation and help designers explore new concepts.",The focus of the paper is on developing a tool for creativity in user interface design rather than addressing eco-responsible objectives or outcomes.,,The research is not related to any eco-responsible sub-categories listed and is instead aimed at improving user interface design processes.,,
,N/A,N/A,N/A,N/A,
,The paper does not discuss eco-responsible themes or categories _  it focuses on design inspiration and creativity support for user interface design.,,The detailed sub-categories do not relate to the central objectives or applications detailed in the paper which are focused on user interface design.,,
GFlowNets and variational inference,N/A,N/A,N/A,N/A,907016ce1b2234638db7d5e8191f2a3e
"The paper aims to bridge the gap between hierarchical variational inference (VI) and generative flow networks (GFlowNets) by demonstrating equivalences in specific scenarios and highlighting differences. Through theoretical analysis and experimental comparison, it underscores the advantages of GFlowNets over VI, especially in capturing diversity in complex probabilistic modeling tasks.",The paper mainly focuses on theoretical and algorithmic innovations that do not directly relate to any specific eco-responsible application areas. It explores methodologies in probabilistic modeling rather than addressing environmental or sustainability issues.,,"The paper does not focus on any specific application that aligns with eco-responsibility or sustainability efforts. It is centered on the methods and theoretical insights of probabilistic models, particularly their efficiency in certain computational tasks.",,
Group Robust Classification Without Any Group Information,N/A,N/A,N/A,N/A,8a0a49059f48b7f9d7eb356ac1f59cb0
"This paper addresses the limitations of empirical risk minimization (ERM) due to its susceptibility to spurious correlations and the need for costly bias annotations to estimate group-balanced or worst-group accuracy. It proposes a revised methodology for training and validating debiased models in an entirely bias-unsupervised manner, utilizing pretrained self-supervised models to extract bias information. The proposed approach demonstrates robust accuracy improvements in synthetic and real-world tasks, outperforming state-of-the-art methods that rely on bias labels.","The paper primarily addresses methodological improvements in group robust classification, which is not directly related to eco-responsible AI categories such as climate change or pollution.",,The main focus of the paper does not align with any specific eco-responsible sub-category. It is centered on improving group robustness in machine learning models.,,
Head2Toe: Utilizing Intermediate Representations for Better Transfer Learning,N/A,N/A,N/A,N/A,928ce4b567693327d7be5f9aa520423a
"The paper introduces 'Head2Toe', a method for transfer learning that optimizes performance by utilizing intermediate representations from all layers of a neural network instead of just the last layer. The method is shown to match or surpass traditional fine-tuning in accuracy while significantly reducing computational costs.","The paper focuses on transfer learning methodologies, specifically in machine learning model efficiency, which is not explicitly tied to eco-responsible AI applications or categories.",,"The sub-category is not specified because the paper does not address a specific eco-responsible impact or application directly, focusing instead on transfer learning and computational efficiency.",,
,Climate Change Mitigation,N/A,Energy Efficiency in Buildings,N/A,
,"Although not the main focus, improved model efficiency and reduced computational cost can contribute to more sustainable computing practices, indirectly impacting climate mitigation.","Despite the fact that it might be true, it is not mentioned in the paper","Reducing computational and storage cost in machine learning models contributes to energy-efficient operations, which is analogous to energy efficiency efforts in buildings.","Despite the fact that it might be true, it is not mentioned in the paper",
High Fidelity Visualization of What Your Self-Supervised Representation Knows About,N/A,N/A,N/A,N/A,9069e8369ad842ae4d6f19f442b9abd5
"The paper introduces a method to analyze self-supervised learning (SSL) representations using a conditional diffusion model called RCDM. This model visualizes the representations learned by SSL models and compares them with supervised models, highlighting differences in information retention and invariance.","The paper primarily focuses on visualization and analysis of SSL representations and does not directly relate to any eco-responsible applications or categories such as energy optimization, climate change mitigation, or pollution control. Instead, it is aimed at improving understanding of SSL models.",,No sub-category specifically related to eco-responsible applications or the environment is addressed or targeted in this paper.,,
,N/A,N/A,N/A,N/A,
,No secondary eco-responsible applications or categories are mentioned or implied in the study of SSL representation visualization.,,"Similarly, no secondary sub-category related to eco-responsibility fits the scope of this paper which is centered on representation analysis.",,
How Useful Are Educational Questions Generated by Large Language Models?,N/A,N/A,N/A,N/A,8a5f3bf87ceef5194536ae09c0659a03
"The paper explores the use of large language models for generating educational questions, specifically assessing their quality and usefulness as judged by teachers. It examines the potential of these models to reduce teacher workload and enhance educational content by using controllable text generation and question taxonomies such as Bloom's taxonomy and difficulty levels.","The paper primarily focuses on the educational application of AI for generating questions, which does not fit into any of the predefined eco-responsible categories related to climate change or sustainability. The study assesses educational value rather than environmental or ecological impact.",,"The paper does not align with any existing sub-categories within the eco-responsible framework as it deals with educational advancement through AI, rather than environmental or sustainability issues.",,
,N/A,N/A,N/A,N/A,
,The paper doesn’t address secondary eco-responsible topics within the predefined categories as it mainly stays within the domain of education technology.,,No secondary sub-categories are applicable as the paper is focused on educational technology and efficacy rather than eco-responsibility.,,
Human brain anatomy reflects separable genetic and environmental components of socioeconomic status,N/A,N/A,N/A,N/A,8d379e314596d625da8ca282a0589458
"This documentation provides a comprehensive overview of the brain imaging protocols, acquisition methods, and data processing techniques used in the UK Biobank study, a large-scale epidemiological study. The focus is on brain imaging modalities, including structural, functional, and diffusion MRI, and the document details the imaging-derived phenotypes (IDPs) and data accessibility for researchers.",The document provides technical and procedural information about brain imaging in a large-scale health study and does not focus on any eco-responsible applications or categories such as climate change or sustainability.,,"As the document does not address any eco-responsible sub-categories or applications, classifying it within the provided list of categories is not applicable.",,
Image-Guided Brachytherapy for Rectal Cancer: Reviewing the Past Two Decades of Clinical Investigation,N/A,N/A,N/A,N/A,902f0e258aa79c74c9093855f47b33bb
"The paper reviews the progress and clinical investigations of image-guided brachytherapy for rectal cancer over the last two decades. It discusses technological advancements, clinical trials, and the effectiveness of high-dose-rate endorectal brachytherapy (HDREBT) in improving treatment outcomes for rectal cancer, focusing on non-operative management strategies to minimize treatment-related side effects.",The paper primarily focuses on advancements in medical treatment for rectal cancer and does not directly engage with eco-responsible AI or sustainability topics as defined by the given categories.,,"Since the primary category is N/A, there is no sub-category that fits the description of eco-responsible AI applications in this context. The paper is focused on medical treatment for cancer.",,
,N/A,N/A,N/A,N/A,
,"There are no secondary eco-responsible categories applicable as the paper's content is strictly within the medical and clinical investigation domain, unrelated to eco-responsible AI.",,"Given the focus of the paper on medical treatment for rectal cancer, there are no applicable secondary sub-categories related to eco-responsibility.",,
Impact in Software Engineering Activities After One Year of COVID-19 Restrictions for Startups and Established Companies,N/A,N/A,N/A,N/A,8aab911e8d8a6ab6a3787358f7136285
"The paper assesses the impact of COVID-19 restrictions on software engineering activities for startups and established companies. It examines different software engineering activities over a year after the pandemic's onset, highlighting differences based on company type. It utilizes a global survey across software development companies, analyzing impacts across various activities such as requirements engineering, software architecture, user experience design, and more. Overall, the study seeks to understand how prolonged remote work conditions have affected these sectors and informs potential long-term changes in work patterns.","The paper does not directly address climate change, environmental impact, or eco-responsibility in the context of software engineering activities affected by COVID-19. It focuses more on human factors, operational changes, and productivity in the software development sector.",,"The paper's main focus is on software engineering and the impacts of COVID-19, not aligning with any predefined sub-categories related to eco-responsibility.",,
,N/A,N/A,N/A,N/A,
,There are no additional categories related to eco-responsibility identified within the focus of this paper. The document remains centered on software development processes and adjustments due to COVID constraints.,,"No additional sub-category related to eco-responsibility is applicable based on the content and focus of the study, which is related to the changes in software development activities due to remote work.",,
Implications of Topological Imbalance for Representation Learning on Biomedical Knowledge Graphs,N/A,N/A,N/A,N/A,922717566af524ff288fbdfa383dce3f
"The paper investigates how topological imbalances in biomedical Knowledge Graphs (KGs) influence representation learning, particularly in drug discovery applications. It highlights that entities with high connectivity tend to be ranked higher in predictive tasks, which can overshadow biologically meaningful predictions. The study emphasizes the need for careful data modeling and interpretation when constructing and using KGs for predictive tasks.","The paper is primarily concerned with the methodological aspect of learning from Knowledge Graphs in biomedical applications, specifically drug discovery. It does not directly address any eco-responsible category, such as climate change or pollution.",,"As the paper does not relate to eco-responsible AI categories, it similarly does not fit into any eco-responsible sub-categories. Its insights are relevant to AI representation learning in the biomedical domain.",,
,N/A,N/A,N/A,N/A,
,The study does not explore applications or implications in any secondary eco-responsible domains as defined by the provided categories. Its focus remains strictly within biomedical data modeling and representation learning.,,"Secondary assessments within eco-responsible sub-categories are not applicable as the paper focuses exclusively on biomedical Knowledge Graphs and representation learning, without addressing any eco-responsible AI topics.",,
Improving Passage Retrieval with Zero-Shot Question Generation,N/A,N/A,N/A,N/A,91ba9f2e4842d24331c744a6f88cc3bd
"The paper introduces a novel re-ranking method for passage retrieval in open-domain question answering. By utilizing zero-shot question generation, the re-ranker re-scores passages using a pre-trained language model that computes the likelihood of an input question conditioned on a retrieved passage. This approach improves retrieval accuracy significantly without any task-specific training, enhancing both unsupervised and supervised models.","The focus of the paper is on improving text retrieval using NLP and language models rather than any direct eco-responsible application or theme. The main theme revolves around techniques in Natural Language Processing for question answering, which do not align directly with eco-responsible AI topics.",,"Given there is no direct application or discussion related to eco-responsible AI themes in the paper, none of the sub-categories related to eco-responsible AI fit the context of this paper.",,
,N/A,N/A,N/A,N/A,
,"The paper is centered around NLP techniques without any reference to ecological or environmental impacts, thus not aligning with any eco-responsible AI secondary categories.",,The paper is not concerned with specific sub-categories that relate to eco-responsible AI as its innovation lies in information retrieval and NLP.,,
Informing the development of an outcome set and banks of items to measure mobility among individuals with acquired brain injury using natural language processing,N/A,N/A,N/A,N/A,92df2da47db8929a74e5cb3ed9ba928a
"The paper focuses on using natural language processing (NLP) to develop a comprehensive outcome set and item banks for evaluating mobility in individuals with acquired brain injury (ABI). A pre-trained BERT model was used to cluster data, and the International Classification of Functioning, Disability, and Health (ICF) framework guided this process. The study identified 24 comprehensive outcome sets of mobility and highlighted the potential of NLP to inform mobility ontology.","The paper focuses primarily on enhancing clinical outcomes through NLP for acquired brain injury, which is not directly related to eco-responsible categories such as Climate Change Mitigation or Adaptation.",,"The study does not address any specific eco-responsible sub-categories like Climate Change Mitigation or related sub-categories, as it is centered on mobility outcomes for brain injury rehabilitation.",,
Interindividual Differences in Cortical Thickness and Their Genomic Underpinnings in Autism Spectrum Disorder.,N/A,N/A,N/A,N/A,8e28c3442ca4507dc95d196bcd0ef008
"This paper explores the inter-individual differences in cortical thickness in individuals with autism spectrum disorder (ASD) and their genetic underpinnings. The study examines neurodevelopmental deviations and their molecular mechanisms within a large and diverse sample. Significant brain region differences and genetic correlations are identified, which influence ASD symptoms and risk. The findings highlight distinctive patterns of neurodevelopmental deviations and potential targets for therapeutic interventions.","The paper does not relate to any of the eco-responsible AI categories listed as it focuses on neuroscience, genetics, and autism spectrum disorder, without addressing any environmental or sustainability concerns.",,The paper's central theme does not align with typical eco-responsible AI sub-categories but rather focuses on medical research related to autism spectrum disorder.,,
Interventional Causal Representation Learning,N/A,N/A,N/A,N/A,926c930439dc492a2e30d89ab8752109
"This paper explores the role of interventional data in identifiable representation learning, aiming to identify high-level causal factors from low-level sensory data. The authors study how access to interventional data, such as from robotic manipulation or genetic experiments, can aid in recognizing true latent factors up to affine transformations and permutations. The work contributes to the field of causal representation learning, offering proofs under minimal distributional assumptions, and highlights the limitations and potential of leveraging such data.","The paper focuses on advanced machine learning methodologies for causal representation learning, specifically leveraging interventional data. However, this is a fundamental machine learning research topic and does not directly fit into any predefined eco-responsible category which generally addresses direct environmental applications or impacts.",,"Similar to the main category, the sub-category does not fit into any predefined eco-responsible sub-category as it is centered around causal representation learning methodologies rather than direct environmental applications.",,
JANOS: An Integrated Predictive and Prescriptive Modeling Framework,N/A,N/A,N/A,N/A,8d1ceca49a0c031c7ff3b231eead7e83
"The paper presents JANOS, a modeling framework that integrates predictive modeling and prescriptive analytics, allowing practitioners to embed machine learning models within an optimization framework. This integration involves specifying prescriptive models using standard optimization elements and incorporating predictive models such as linear regression, logistic regression, and neural networks as part of the optimization model. JANOS automates the transcription of predictive models into constraints solvable by mixed integer programming solvers, facilitating decision-making in complex business applications such as scholarship allocation.","The content of the paper focuses on combining predictive and prescriptive analytics using machine learning models and optimization frameworks for business applications, which does not directly relate to any eco-responsible AI categories such as climate change, natural systems protection, or pollution management.",,"There is no direct correlation between the contents of this paper and any sub-category within the eco-responsible AI categories, as it focuses primarily on a business analytics framework.",,
,N/A,N/A,N/A,N/A,
,"The framework is presented for business decision-making and optimization, not directly aimed at sustainability or environmental applications.",,The sub-categories of the eco-responsible AI list do not apply to the primary business and predictive-optimization focus of this paper.,,
Learnable Filters for Geometric Scattering Modules,N/A,N/A,N/A,N/A,90ac22b7455a633d8e1bd8ff072302cb
"The paper introduces the LEGS module, a learnable geometric scattering module for graph neural networks, enabling adaptive tuning of wavelets. It outperforms traditional GNNs and pure geometric scattering on various datasets, especially in biochemical domains. The paper also emphasizes its robustness, efficiency, and the ability to capture long-range dependencies in graph data.","The paper focuses on graph neural networks and geometric scattering, without direct relevance to identified eco-responsible AI applications.",,This research does not directly focus on eco-responsible applications as outlined in the provided categories.,,
,N/A,N/A,N/A,N/A,
,The paper is centered around improvements in graph neural networks without direct applications to eco-responsible AI categories.,,"Like the primary category, the advancements in graph neural networks are not applied to eco-responsible fields in this paper.",,
Learning better with Dale’s Law: A Spectral Perspective,N/A,N/A,N/A,N/A,8e19343cee57639a496bbadf986444db
"This paper explores how recurrent neural networks (RNNs) can respect Dale’s Law, a foundational principle in neuroscience, and still perform optimally in learning tasks. The authors extend a bio-inspired neural networks architecture, Dale’s ANNs, to recurrent networks and examine the impact of incorporating Dale’s Law on network performance. They find that the spectral properties of the network are more critical to performance than sign constraints imposed by Dale’s Law. The research sheds light on the importance of spectral properties in neural networks, offering insights for better alignment between artificial neural networks and biological systems.","The paper primarily deals with theoretical advances in neural network architecture, focusing on principles derived from neuroscience, specifically Dale’s Law. These advances aim to improve the performance of recurrent neural networks but do not directly address any eco-responsible category like climate change or sustainability.",,"The paper does not focus on any specific application or sub-category related to eco-responsible AI. It is primarily concerned with theoretical advancements in the field of recurrent neural networks, aiming to understand and improve learning models by adhering to neuroscientific principles like Dale's Law.",,
Lifelong Topological Visual Navigation,N/A,N/A,N/A,N/A,8dfbdcae0f5fae9800b5b5caa202474b
"The paper introduces a method for topological visual navigation that improves upon existing learning-based approaches. It proposes a sampling-based graph building method that results in sparser yet more efficient graphs for navigation tasks. The approach also includes graph maintenance strategies to refine navigational paths over time, allowing for improved performance in real-world environments when combined with minimal real-world data for fine-tuning. The method emphasizes using RGB-D images for constructing and maintaining navigation graphs.","The paper focuses on robotic navigation using visual data and does not directly relate to eco-responsible AI categories such as Climate Change Mitigation, Climate Change Adaptation, or others listed.",,The core focus of the paper on visual navigation does not align with any of the sub-categories listed for eco-responsible AI. The methodology is general and does not target specific environmental or climatic challenges.,,
Low-Rank Representation of Reinforcement Learning Policies,N/A,N/A,N/A,N/A,89cd2d2d0f3fc02938c5b79033754617
"The paper presents a framework for policy representation in reinforcement learning (RL) by embedding policies in a low-dimensional space using reproducing kernel Hilbert space (RKHS). This approach offers theoretical guarantees on the expected returns of the policies and reduces variance without significant performance loss. The framework is evaluated on classic RL tasks, showing robust policy representation with reduced variance in expected returns.","The paper focuses on methods for improving reinforcement learning policies but does not directly address eco-responsible applications or efforts that align with specific environmental, climate, or sustainability goals.",,"The framework and results are primarily focused on theoretical and computational improvements in RL, and there's no direct application or mention of eco-responsible domains like renewable energy, agriculture, or any other listed category.",,
Measuring Progress in Fine-grained Vision-and-Language Understanding,N/A,N/A,N/A,N/A,8b47021a0443f42f1f142dd0b39933c7
"This paper investigates the limitations of current vision-and-language models in understanding fine-grained aspects of vision-and-language tasks. It evaluates recent models for their ability to perform fine-grained understanding, such as interpreting relationships, verbs, and numbers within images. The study also explores the impact of modeling innovations and data quality on these models, encouraging a combined approach for improving fine-grained understanding.",The paper focuses on evaluating and understanding the capabilities of vision-and-language models for fine-grained tasks but does not directly address eco-responsible AI applications or any environmental impact.,,"As the paper does not discuss any specific eco-responsible sub-category, this is not applicable.",,
,N/A,N/A,N/A,N/A,
,The paper does not address or relate to any of the predefined eco-responsible categories as its core focus is on enhancing the understanding of vision-and-language interactions.,,There are no sub-categories in the eco-responsible AI space that fit the focus of this paper.,,
Multi-label Iterated Learning for Image Classification with Label Ambiguity,N/A,N/A,N/A,N/A,8fd1a427094e45552352d55b454c753b
"This paper introduces a method called Multi-label Iterated Learning (MILe) aimed at improving image classification performance from datasets with single labels where there might be multiple objects present. This method leverages an iterated learning process to create a multi-label classification model, addressing the issue of label ambiguity. The approach shows improvement in robustness to noisy labels and label ambiguity, and better performance in scenarios such as continual learning and domain generalization.",The paper focuses on improving image classification by addressing label ambiguity through a novel multi-label iterated learning approach. It is not directly tied to an eco-responsible theme but rather targets advancements in computer vision.,,There is no direct or indirect discussion or alignment with eco-responsible sub-categories as defined in the guidelines.,,
,N/A,N/A,N/A,N/A,
,"The paper is heavily focused on image classification improvements and does not explore any secondary eco-responsible themes, remaining within the realm of computer vision and AI methodology advancements.",,The focus remains on technical improvements in image classification without branching into themes or applications that relate to eco-responsibility.,,
Neural Causal Structure Discovery from Interventions,N/A,N/A,N/A,N/A,9359209f71f7f47c4f6f5528fd8f6b9d
"The paper proposes a novel neural-network-based method for causal discovery, called Structure Discovery from Interventions (SDI). This method integrates both observational and interventional data to discover causal structures in Bayesian networks. The paper highlights SDI's ability to handle unknown interventions and partially-known graph structures, proving its efficacy in graph recovery tasks with synthetic and naturalistic data.",The paper does not directly address any eco-responsible category or application. Its focus is on the development of a causal discovery method using neural networks.,,The paper's content does not correlate with any specific eco-responsible sub-category. It is fundamentally about causal inference and methodology advancements in machine learning.,,
,N/A,N/A,N/A,N/A,
,The paper does not explore eco-responsible topics or applications within its research scope. It is primarily centered on causal discovery within machine learning.,,"As the paper is not focused on eco-responsible applications or topics, it does not align with any secondary eco-responsible sub-categories.",,
Pandemic policy assessment by artificial intelligence,N/A,N/A,N/A,N/A,895eb56007dd5e2850db92025f96fe2a
"This paper presents a system employing AI to evaluate pandemic mobility-control policies. The system includes a simulation framework, a reinforcement-learning oracle, and policy assessment protocols to analyze policies like city lockdown, community quarantine, and route management. It focuses on execution complexity, effectiveness, costs, benefits, and risks, intending to support governmental decision-making during pandemics.","The paper focuses on evaluating pandemic policies using AI, which does not directly relate to any pre-defined eco-responsible categories. It primarily addresses public health policy assessment, not environmental issues or climate change.",,"The scope of the paper focuses on pandemic policy and mobility control using AI, which does not directly align with any specific environmental sub-category.",,
,N/A,N/A,N/A,N/A,
,"As the paper primarily addresses pandemic policy assessment and does not mention any environmental or climate-related objectives or outcomes, it does not align with any secondary eco-responsible category.",,"The research does not delve into any areas within the provided eco-responsible sub-categories, as its focus lies in pandemic response evaluation through AI methodologies.",,
Perfectly Accurate Membership Inference by a Dishonest Central Server in Federated Learning,N/A,N/A,N/A,N/A,8f6bd37a98495a882c1eff88a0eea4b0
"This paper critically evaluates the privacy implications of Federated Learning (FL), particularly demonstrating a method for perfectly accurate membership inference attacks by a dishonest central server. It presents an attack strategy that exploits the ReLU activation function to infer membership information with perfect accuracy using only one training step. The study reveals vulnerabilities in current FL systems, emphasizing the privacy risks posed by dishonest central servers in FL setups.","The paper focuses on privacy risks and inference attacks in Machine Learning systems, which do not fit any specific eco-responsible category related to environmental, climate, or sustainability issues.",,"The sub-category also needs to align with eco-responsible topics, which this paper on federated learning privacy does not.",,
,N/A,N/A,N/A,N/A,
,The paper's discussion is centered on federated learning's privacy vulnerabilities without mentioning applications or implications for eco-responsible AI domains.,,"As the paper does not consider eco-responsible applications or technologies, it does not fit existing sub-categories related to environmental impact.",,
Post-hoc Interpretability for Neural NLP: A Survey,N/A,N/A,N/A,N/A,8a852a29999e05a2bfaee73602c27012
"The paper provides an extensive overview of post-hoc interpretability methods for neural networks in natural language processing (NLP). It categorizes different methods based on how they provide explanations, such as via input features, adversarial examples, and natural language explanations, among others. Importantly, it addresses the importance of interpretability in ensuring accountability and addresses safety and ethical concerns, especially in high-stakes applications. Additionally, the paper discusses the challenges in measuring interpretability and provides a framework for future research directions.","While the paper discusses the importance of interpretability concerning ethical and safety considerations in AI, its focus on explaining neural NLP models does not directly align with any specific eco-responsible AI application or category.",,"The paper does not engage with any specific eco-responsible sub-category, as its content is centered around interpretability methods rather than an eco-responsible application.",,
,N/A,N/A,N/A,N/A,
,The paper does not address any secondary eco-responsible AI categories as it primarily focuses on interpretability methods.,,"As the focus of the paper is not directly related to eco-responsibility, there are no secondary sub-categories applicable.",,
Posterior inference of Hi-C contact frequency through sampling,N/A,N/A,N/A,N/A,8d20a057ded89757e9b47d9e1ff8b00b
"The paper presents HiCSampler, a method for inferring the posterior distribution of interaction frequencies in Hi-C contact maps. It leverages Markov random field models and MCMC sampling to address uncertainty in Hi-C data, enabling more accurate downstream genomic analyses.","The paper focuses on statistical methodologies for genomic data analysis, specifically Hi-C contact maps, without a direct connection to eco-responsible AI applications or topics related to climate change, sustainability, or environmental considerations.",,"There is no specific sub-category within the eco-responsible AI framework that aligns with the content of this paper, which deals with bioinformatics methods for genomic data.",,
,N/A,N/A,N/A,N/A,
,"The content of the paper is fundamentally about computational biology and bioinformatics, without secondary implications or discussions related to eco-responsible AI or environmental sustainability.",,"The topics covered in the paper are purely scientific, dealing with genomic data processing, with no direct ties to environmental or sustainability issues.",,
Proto-Value Networks: Scaling Representation Learning with Auxiliary Tasks,N/A,N/A,N/A,N/A,927a0f072ee066aa9af8d496eff32af9
"The paper discusses the development of proto-value networks (PVN) which extend proto-value functions to deep reinforcement learning by incorporating auxiliary tasks. The study investigates the effectiveness of using a large number of auxiliary tasks for learning rich representations and the scalability of these tasks with network capacity, demonstrating that rich features can be learned efficiently with random initialization and minimal environment interaction.","The paper primarily focuses on advancements in reinforcement learning techniques, specifically representation learning and auxiliary tasks, without a direct link to eco-responsible AI.",,The sub-category cannot be determined as eco-responsible AI is not a focus of this research.,,
,N/A,N/A,N/A,N/A,
,There are no secondary aspects of the paper that directly align with eco-responsible AI categories.,,There are no sub-categories related to eco-responsible AI present in the paper.,,
Quantum-Inspired Interpertable AI-Empowered Decision Support System for Detection of Early-Stage Rheumatoid Arthritis in Primary Care Using Scarce Dataset,N/A,N/A,N/A,N/A,8a6ef52a3a23d87e28dabb66c19b1efa
"The paper presents a quantum-inspired, interpretable AI decision support system designed to assist in the early detection of rheumatoid arthritis (RA) in primary care, utilizing Fuzzy Cognitive Maps (FCMs) and a quantum learning algorithm to classify disease severity in a scarce dataset context. The system outperforms existing machine learning methods in accuracy, emphasizing the importance of early diagnosis for better patient outcomes.","The paper primarily addresses the development of a medical decision support system using AI and quantum computing concepts, which do not directly relate to any eco-responsible category.",,"The sub-category focuses on the use of AI for healthcare, which does not align with any predefined eco-responsible sub-categories.",,
,N/A,N/A,N/A,N/A,
,"No secondary eco-responsible applications or fields are covered, as the focus remains on medical diagnosis and support systems, which are outside the defined eco-responsible boundaries.",,"The secondary aspects of the paper, focusing solely on AI for medical purposes, do not fit within any eco-responsible sub-categories.",,
Reliability of CKA as a Similarity Measure in Deep Learning,N/A,N/A,N/A,N/A,8cab3ac6cec814f3acdd2107b1131371
The paper investigates the reliability and sensitivity of the Centered Kernel Alignment (CKA) similarity measure used for comparing neural representations in deep learning. It provides a formal characterization of CKA's sensitivity to transformations and demonstrates empirical analyses where CKA yields counter-intuitive results. The authors discuss potential impacts on neural network analysis and call for cautious use of CKA in comparing representations.,"The paper primarily focuses on analyzing a similarity measure (CKA) in deep learning, without addressing specific eco-responsible applications or implications related to environmental or climate topics.",,"Since the paper does not address any specific eco-responsible themes directly but focuses on the statistical and methodological aspects of a similarity measure in neural networks, it doesn't fit into an eco-responsible sub-category.",,
Retrieval-Augmented Multiple Instance Learning,N/A,N/A,N/A,N/A,89d1223d808fdaa4e50548096b4fe654
"The paper presents the Retrieval-Augmented MIL (RAM-MIL) framework, designed to enhance the performance of Multiple Instance Learning (MIL) models, especially in out-of-domain scenarios. The framework utilizes Optimal Transport (OT) to improve nearest neighbor retrieval, thereby reducing performance degradation when distribution shifts occur. This approach also facilitates an interpretable model through visualizations of the transportation matrix, making the retrieval results understandable at the instance level. RAM-MIL achieves state-of-the-art performance in both in-domain and out-of-domain settings, with applications mainly in medical diagnosis domain using whole slide images (WSI).","The paper primarily deals with advancements in machine learning methodologies for medical image analysis, which does not directly align with the predefined eco-responsible categories focused on environmental and climate change applications.",,The paper's focus on improving MIL for medical diagnostics does not fall under any specific eco-responsible sub-category.,,
,N/A,N/A,N/A,N/A,
,The paper does not directly address any secondary eco-responsible topics related to environment or sustainability.,,No secondary sub-categories related to eco-responsible AI are addressed or explored in the paper.,,
SPeCiaL: Self-Supervised Pretraining for Continual Learning,N/A,N/A,N/A,N/A,8ea9ef1a2f37dc0e2f5b7bf94f935c9b
"The paper proposes SPeCiaL, a self-supervised pretraining method designed to enhance continual learning by creating representations that can retain knowledge more effectively with minimal forgetting. This method leverages unsupervised learning techniques to train a linear model that matches different augmented views of the same image. The approach is studied in the context of Continual Few-Shot Learning, showing promising results in comparison to other supervised pretraining techniques.","The paper focuses on a method for self-supervised pretraining to improve continual learning, which does not directly relate to any eco-responsible category listed such as climate change or sustainability.",,"Similar to the primary category, the sub-categories available do not align with the paper's emphasis on machine learning methodology rather than eco-responsible applications.",,
Self-Influence Guided Data Reweighting for Language Model Pre-training,N/A,N/A,N/A,N/A,9034189d836fd047e868b6e90efb3f71
"This paper presents a method called P RESENCE, which leverages self-influence scores to reweight data samples during the pre-training of language models. The study investigates how varying the importance of data samples based on their self-influence scores can improve the quality and efficiency of language model pre-training. This approach is novel in the domain of pre-training sample reweighting, as it adapts influence functions typically used in supervised learning to the large-scale, unsupervised context of language model training.",The paper primarily focuses on a novel method for pre-training language models by reweighting data samples using self-influence scores. There is no specific connection to environmental sustainability or eco-responsible AI applications.,,"As with the primary category, the sub-category is not applicable as the paper focuses on methodological advancements in AI rather than eco-responsible applications.",,
Simplicial Embeddings in Self-Supervised Learning and Downstream Classification,N/A,N/A,N/A,N/A,91e46625dafff4d825dd8daf3942ab95
"The paper introduces Simplicial Embeddings (SEM), a method in self-supervised learning (SSL), which projects data representations into simplices, imparting an inductive bias for discrete representations. It presents the theoretical advantages of using SEM in improving error expectations in downstream classification tasks, demonstrates empirical improvements in generalization on datasets like CIFAR-100 and ImageNet, and shows that SEM can enhance the semantic alignment of features with data categories, even aiding in tasks like transfer learning and robustness evaluations.","The paper focuses on improving machine learning models' accuracy and generalization by introducing a new representation learning technique called Simplicial Embeddings. It primarily addresses theoretical and technical enhancements in AI, not explicitly linked to eco-responsible applications.",,The paper does not fall under any specific eco-responsible sub-category as it focuses on representation learning improvements for self-supervised learning frameworks rather than any environmental or sustainable application.,,
Sociotechnical Harms of Algorithmic Systems: Scoping a Taxonomy for Harm Reduction,N/A,N/A,N/A,N/A,9051b41e26812fca4ca3e7848be7a824
"This paper presents a scoping review of sociotechnical harms from algorithmic systems, offering a taxonomy to help practitioners and researchers systematically identify and address harms across five major themes: representational, allocative, quality-of-service, interpersonal, and societal. It emphasizes how the interplay of technical and social dynamics can reinforce unjust hierarchies and offers a framework for systematic harm anticipation and reduction.","The focus of the paper is on understanding and categorizing the harms of algorithmic systems for harm reduction, which does not specifically align with any eco-responsible categories like climate change or pollution.",,The sub-category for eco-responsible AI doesn't apply here since the taxonomy focuses on social and ethical harms of algorithmic systems.,,
,N/A,N/A,N/A,N/A,
,"The primary aim is categorizing and understanding algorithmic harms, which doesn't directly intersect with established eco-responsible AI categories.",,"As the paper primarily discusses sociotechnical harms, no eco-responsible sub-categories overlap with its main focus.",,
SoundChoice: Grapheme-to-Phoneme Models with Semantic Disambiguation,N/A,N/A,N/A,N/A,91be42e1e874e9a7407038bdb1f3e044
"The paper introduces SoundChoice, a novel Grapheme-to-Phoneme (G2P) model that operates at a sentence level to improve homograph disambiguation in speech synthesis. Leveraging a weighted homograph loss and curriculum learning that transitions from word-level to sentence-level processing, SoundChoice integrates BERT word embeddings and speech recognition techniques like multi-task learning with Connectionist Temporal Classification (CTC). This results in a phoneme error rate (PER) of 2.65% and a 94% homograph accuracy on datasets including LibriSpeech and Wikipedia Homograph.","The paper focuses on advancements in speech synthesis technology, particularly in grapheme-to-phoneme conversion and homograph disambiguation, which do not directly align with any specific eco-responsible applications or categories related to environmental, climate, or sustainability themes.",,"The sub-category level of detail does not apply as the paper is focused solely on technical aspects of speech synthesis using AI, without addressing any eco-responsible issues.",,
,N/A,N/A,N/A,N/A,
,"There is no direct or indirect connection to eco-responsible topics such as climate mitigation, adaptation, or any other environmental sustainability applications discussed in this paper.",,No applicable secondary sub-categories can be identified within the context of eco-responsible AI themes.,,
Stratifying the autistic phenotype using electrophysiological indices of social perception,N/A,N/A,N/A,N/A,8942ead4d440930218c9e1ac4a293690
"The paper investigates the use of electrophysiological indices, specifically the N170 response to faces, as potential stratification biomarkers for Autism Spectrum Disorder (ASD). The study involves analyzing EEG and fMRI data from a large sample to understand the relation between N170 latency and social functioning, genetics, and prognosis in ASD individuals. The findings suggest the N170 as a promising biomarker for enriching clinical trials and personalized interventions in ASD.","The primary focus of the paper is on Autism Spectrum Disorder (ASD) and the development of a stratification biomarker, which does not align with any of the eco-responsible topics or categories provided.",,"The paper does not pertain to any eco-responsible sub-category because it focuses on medical and psychological research related to Autism Spectrum Disorder, rather than environmental impacts or sustainable practices.",,
Studying the Practices of Deploying Machine Learning Projects on Docker,N/A,N/A,N/A,N/A,8b414fd31af734c22ded487bdedd15f9
"The paper explores how Docker is used to deploy machine learning (ML)-based projects. It categorizes ML projects that use Docker, analyzes why and how Docker is used in these projects, and identifies the characteristics of Docker images. The study aims to provide insights into the deployment practices of ML software projects using Docker and highlight areas for improvement.","The paper is primarily focused on the technical study of deploying machine learning projects using Docker rather than on eco-responsible practices. It does not directly relate to any eco-responsible categories such as climate change, pollution, or sustainable finance.",,The paper does not fit into any specific eco-responsible sub-category as defined in the list. Its focus is on software engineering practices rather than environmental impact or sustainability.,,
Synergies between Disentanglement and Sparsity: Generalization and Identifiability in Multi-Task Learning,N/A,N/A,N/A,N/A,894a48d6b5f3cf19b3ee7f409284ab67
"The paper investigates the connection between disentangled representations and sparse task-specific predictors to improve generalization in multi-task learning. The authors propose a theoretical framework establishing conditions under which such representations can better generalize across tasks, suggesting a bi-level optimization approach to achieve disentanglement. The study validates these approaches both theoretically and empirically using various datasets.",The paper primarily delves into theoretical advancements in representations learning and optimization techniques rather than addressing specific eco-responsible topics like climate change mitigation or adaptation.,,The content of the paper revolves around improving task-specific learning through novel machine learning approaches rather than specific environmentally-focused sub-categories.,,
,N/A,N/A,N/A,N/A,
,Secondary aspects of the paper do not delve into eco-responsible topics. The discussions around identifiability and generalization in machine learning remain outside the listed eco-responsible frameworks.,,"The paper's contributions and discussions are technical in nature, focusing on representation learning rather than specific sub-categories within the eco-responsible AI domain.",,
Systematic Rectification of Language Models via Dead-end Analysis,N/A,N/A,N/A,N/A,895c8518be48d4d382d736e02eee9121
This paper presents a systematic approach called rectification to mitigate toxicity in large language models (LLMs) without modifying their training or internal representations. The approach leverages dead-end theory from reinforcement learning to detoxify discourse by adjusting token selection probabilities based on the likelihood of resulting toxicity. The rectification model is smaller than the LLMs and can work across different LLMs sharing the same vocabulary. It demonstrates significant improvements in reducing toxicity compared to base models and other detoxification techniques.,"The paper primarily focuses on reducing toxicity in language models, which is not directly related to eco-responsible themes such as climate change or sustainability. Instead, it addresses ethical concerns in artificial intelligence, particularly around minimizing harmful or offensive content generation in large language models.",,"No specific sub-category related to eco-responsibility fits the focus of this paper, as it revolves around ethical AI and detoxification of language models.",,
,N/A,N/A,N/A,N/A,
,The paper does not address secondary themes related to eco-responsibility but focuses entirely on ethical AI and mitigating toxicity in language generation models.,,There are no relevant eco-responsible sub-categories applicable to this paper as it concentrates on toxicity in language models rather than environmental or sustainability issues.,,
Temporal Abstractions-Augmented Temporally Contrastive Learning: An Alternative to the Laplacian in RL,N/A,N/A,N/A,N/A,8bb90f3a34f6bf8df03ee22af05ef9a7
"This paper introduces a new approach in reinforcement learning called Temporal Abstractions-augmented Temporally Contrastive learning (TATC). TATC integrates temporal abstractions into the representation learning process to address challenges related to exploration in non-uniform prior settings. The paper argues that this method improves upon traditional Laplacian-based methods by offering a more effective training distribution through a skill-based covering policy, leading to better representation quality and dynamics-awareness in challenging continuous navigation tasks with sparse rewards.","The paper focuses on reinforcement learning techniques for solving representation learning and exploration challenges in RL, particularly compared to Laplacian methods. While these advancements have the potential to impact various fields, the paper doesn't explicitly connect to any central eco-responsible category or application.",,"The content of the paper focuses on improving representation learning within reinforcement learning, particularly in non-uniform prior settings. This is not directly related to any specific eco-responsible sub-category, as it is primarily a methodological advancement in AI and RL.",,
The Stack: 3 TB of permissively licensed source code,N/A,N/A,N/A,N/A,9148cc07e3cbf427bef7c7a8322d26b5
"This paper introduces 'The Stack', a dataset of 3.1 TB of permissively licensed source code aimed at promoting open and responsible research on Large Language Models (LLMs) for code. The dataset covers 30 programming languages and emphasizes transparency and data governance. The paper discusses the collection process, license detection, data deduplication, and presents experimental results on text2code benchmarks. It also addresses data governance issues, including an opt-out process for developers who do not want their code included in the dataset.","While the paper contributes significantly to the field of AI and machine learning, particularly in dataset collection and management for code-based LLMs, it does not address any specific eco-responsible AI application or category outlined in the list provided.",,The paper's focus on dataset development for coding LLMs does not align with any specific eco-responsible sub-categories as per the given taxonomy.,,
,N/A,N/A,N/A,N/A,
,The paper does not discuss or imply any secondary connection to eco-responsible AI categories as defined.,,There is no reference to eco-responsible sub-categories or applications that align with the paper's content.,,
Towards Detecting Contextual Real-Time Toxicity for In-Game Chat,N/A,N/A,N/A,N/A,8bc53fc0d50a29373971f48bc57987f1
"The paper discusses the development of ToxBuster, a model aimed at detecting toxic language in real-time within in-game chat environments. The model leverages chat history and metadata to improve accuracy and has been tested across multiple games. ToxBuster outperforms existing solutions and can be adapted to other domains such as social media comment threads.","The paper focuses on toxicity detection in gaming environments, which does not directly align with any predefined eco-responsible AI categories.",,There is no sub-category in eco-responsible AI that fits the focus on real-time toxicity detection for gaming chat described in the paper.,,
Towards Fair Federated Recommendation Learning: Characterizing the Inter-Dependence of System and Data Heterogeneity,N/A,N/A,N/A,N/A,8d201110a533c8ae2ebe5fb082def451
"The paper discusses the inter-dependence between system and data heterogeneity in federated learning (FL) for recommender systems, and its impact on model quality and fairness. It introduces a framework, RF², to model this inter-dependence and evaluates its impact on fairness in FL optimizations. The framework aims to enable more realistic simulations for FL recommender systems, stressing the importance of addressing system-induced data heterogeneity for fair learning outcomes.","The paper primarily discusses federated learning (FL) in the context of improving fairness and effectiveness of recommender systems. There is no direct focus on any environmental or sustainability issue, which does not fit into the defined eco-responsible AI categories.",,"The paper does not fit into any specific sub-category relevant to eco-responsibility, as it focuses on federated learning techniques for improving recommender systems.",,
,N/A,N/A,N/A,N/A,
,"The secondary focus does not relate to any defined eco-responsible AI categories such as climate change, pollution, or sustainable finance.",,Secondary focus does not align with any specific eco-responsible sub-categories.,,
Towards Reliable Neural Specifications,N/A,N/A,N/A,N/A,9070940038b9864661bf54a2aab27afb
"The paper presents a new family of neural network specifications, called neural representation as specification, that uses neural activation patterns (NAPs) instead of data to verify the correctness and robustness of neural networks. This is proposed as a more reliable method for verification compared to traditional data-as-specification approaches, addressing issues such as overfitting and limited verifiable input regions. The method involves mining neural activation patterns, which are sets of neuron activations expected in inputs of the same class, and uses these for robust verification of large input regions. The effectiveness of NAPs is demonstrated on datasets like MNIST and CIFAR10, showing improved robustness verification.","The paper primarily focuses on the reliability and verification of neural network specifications, which, while important for the integrity of AI applications, does not directly align with the eco-responsible categories related to climate change, pollution, or sustainability.",,"The core contribution of the paper is the development of a new method for specifying and verifying the robustness of neural networks, which does not correspond to any specific eco-responsible sub-category defined in our current hierarchical list.",,
Towards efficient representation identification in supervised learning,N/A,N/A,N/A,N/A,92f4cbbf97c79dfefb356c2db752219e
The paper discusses improving representation learning by focusing on disentanglement in supervised tasks where auxiliary information does not guarantee conditional independence. It examines how to reduce the amount of such information required and demonstrates that disentanglement is achievable with fewer assumptions. The work proposes a new approach to enhance empirical risk minimization through independence constraints and evaluates this method experimentally.,"The paper is focused on theoretical advancements in machine learning representation learning with no direct applicability or mention of eco-responsible themes such as climate change, pollution, or sustainable development.",,"The paper does not address any specific eco-responsible sub-categories within the hierarchical list, as it is primarily theoretical and does not apply to environmental contexts.",,
Trajectory of Mini-Batch Momentum: Batch Size Saturation and Convergence in High Dimensions,N/A,N/A,N/A,N/A,8b0abbd7f24e32f8c1a5dd4ddd8c05e9
This paper analyzes the dynamics of large batch stochastic gradient descent with momentum (SGD+M) on the least squares problem in cases where both the number of samples and dimensions are large. The study introduces a deterministic discrete Volterra equation that describes these dynamics. The authors identify a stability measurement called the implicit conditioning ratio (ICR) that determines the ability of SGD+M to accelerate the algorithm. The paper provides explicit choices for the learning rate and momentum parameter that optimize performance and discusses the practical implications of these findings on high-dimensional optimization problems.,"The paper is focused on the mathematical and algorithmic analysis of stochastic gradient descent with momentum, particularly in the context of optimization in high-dimensional settings. It does not directly address or contribute to any eco-responsible applications or categories such as climate change, pollution, or sustainable development.",,The research is primarily theoretical and does not fit into any sub-category that directly relates to eco-responsible AI. The focus is on the algorithmic performance of SGD+M in a mathematical context rather than any environmental or sustainable application.,,
Transfer Entropy Bottleneck: Learning Sequence to Sequence Information Transfer,N/A,N/A,N/A,N/A,8a103bef528daf9b6b24094cfa1dd4cf
"The paper introduces a novel method called Transfer Entropy Bottleneck (TEB), which is an information bottleneck approach tailored for modeling two statistically dependent data streams. This approach aims to effectively utilize the directionality of information transfer between a source stream and a target stream to improve predictive modeling. The method is particularly relevant for scenarios where one needs to incorporate information from both streams to predict future states of the target stream. The paper presents the theoretical framework for TEB, its implementation, and includes experimental results demonstrating its utility in effectively capturing the transfer entropy—a measure of directed information flow—especially in tasks with sequence data such as rotating MNIST digits and colored bouncing balls.","The paper primarily focuses on a novel method for information bottleneck modeling tailored for sequence-to-sequence prediction, which doesn't align directly with any specific predefined eco-responsible AI category related to climate or environmental impact.",,"The sub-category choice reflects the lack of direct application or implication of the proposed method TEB in specific eco-responsible AI contexts like those listed, as the method is generally applicable to sequence-to-sequence data modeling without a specific aim at eco-responsibility.",,
,N/A,N/A,N/A,N/A,
,"Similarly, no secondary eco-responsible AI categories directly match the methodological focus of the paper, as it is centered around improving sequence data modeling through a novel bottleneck approach.",,The paper focuses on the development and theoretical underpinnings of the TEB method rather than applications in any specific eco-responsible domains.,,
Understanding the Evolution of Linear Regions in Deep Reinforcement Learning,N/A,N/A,N/A,N/A,8f3464f743f77456f648251da848c829
"This paper investigates the structure of policies produced by deep reinforcement learning (RL) with rectified linear unit (ReLU) activations. It focuses on how the expressivity of these policies changes during training by analyzing linear regions within the policy's state space. The study seeks to determine whether the complexity and expressivity of the policy increase significantly during training, especially in areas of the state space frequently visited by the policy. Empirical results reveal moderate increases in region density and suggest that the deep RL policy's complexity does not arise primarily from increased density along optimal trajectories.","The paper primarily addresses a theoretical and methodological aspect of deep reinforcement learning by exploring the structural evolution of linear regions within policies. It does not directly benefit or relate to any eco-responsible category or application like climate change mitigation, adaptation, or other environmentally oriented efforts.",,There is no specific eco-responsible sub-category relevant to the focus on linear region evolution within deep reinforcement learning policies presented in the paper.,,
Unlocking Slot Attention by Changing Optimal Transport Costs,N/A,N/A,N/A,N/A,897622218188fd89035bc078392495c0
"The paper focuses on improving slot attention models, particularly in the video domain, by introducing MESH (Minimize Entropy of Sinkhorn), a cross-attention module. By establishing a connection between slot attention and optimal transport, the authors propose a method that combines the tiebreaking capabilities of unregularized optimal transport with the speed of regularized optimal transport. This enhances the model's ability to handle a dynamic number of objects in videos by addressing issues related to soft assignments and lack of tiebreaking.",The paper focuses primarily on improving machine learning models for object-centric modeling in images and videos. It does not directly relate to any specific eco-responsible category such as climate change or sustainability.,,"The sub-categories listed do not apply to the paper's content, which is focused on computational techniques and algorithmic improvements rather than any specific sub-topic within eco-responsibility.",,
,N/A,N/A,N/A,N/A,
,The paper does not explore secondary eco-responsible topics. Its focus remains on theoretical and practical advancements in model architecture and optimal transport algorithms.,,The paper’s content does not align with any specific eco-responsible sub-categories as it targets improvements in computational models for better object detection in images and videos.,,
Use of machine learning in pediatric surgical clinical prediction tools: A systematic review.,N/A,N/A,N/A,N/A,8bf3d80678a31f7207127c970c64c0ea
"This paper provides a systematic review of the use of machine learning in developing clinical prediction tools (CPTs) for pediatric surgery. It compares the efficacy and validity of ML-based CPTs with traditional statistical methods. The review highlights that while there is significant potential in incorporating ML into clinical decision-making, the clinical applicability and external validation of these tools remain limited. The paper calls for more standardized validation and integration of ML-based CPTs into clinical settings to leverage their full potential.","The primary focus of the paper is on machine learning applications in pediatric surgical settings, which does not directly relate to eco-responsible AI topics such as climate change, pollution, or sustainable finance.",,"The chosen sub-categories do not fit the focus of the paper, which centers on the technical and clinical aspects of ML applications in medicine, not eco-responsibility through AI.",,
,N/A,N/A,N/A,N/A,
,The paper does not touch upon or imply any secondary eco-responsible AI topics throughout the analysis of the clinical prediction tools.,,"The paper does not address any topics that relate to eco-responsible AI, such as climate change mitigation, adaptation, science, or pollution.",,
Using Interactive Feedback to Improve the Accuracy and Explainability of Question Answering Systems Post-Deployment,N/A,N/A,N/A,N/A,8ad0cb481cf4cd9f6950d2bafd35f105
"This paper explores the post-deployment phase of Question Answering (QA) systems, utilizing interactive feedback from users to enhance both the accuracy and explainability of these systems. The study introduces a dataset named FEEDBACK QA, which includes structured ratings and unstructured natural language explanations provided by users. The feedback is then used to train models that can improve answer accuracy and provide explanations, helping users discern the correctness of answers. Evaluation shows enhancements in model performance, not only for the system initially deployed but also for other stronger, non-deployed models.","The main focus of the paper is on improving QA systems' post-deployment performance through user feedback, which does not align with any direct eco-responsible AI categories such as those concerned with climate change, sustainability, or environmental protection.",,"The paper does not fall into any of the predefined sub-categories focused on eco-responsibility, as it primarily addresses user interaction data to improve computational models for QA systems.",,
Vesicular trafficking is a key determinant of the statin response in acute myeloid leukemia,N/A,N/A,N/A,N/A,8d97349ad0144cb504ea44c4a8aea471
"The paper explores how vesicular trafficking impacts the response of acute myeloid leukemia (AML) cells to statin treatments. The study identifies that protein geranylgeranylation and RAB proteins play significant roles in mediating the effects of statins on AML cell viability. By inhibiting vesicle-mediated transport, statins can effectively target AML cells, making vesicular trafficking a novel vulnerability in this disease. The research suggests the potential for using statins as part of AML treatment, particularly in leveraging vesicular trafficking pathways.",The paper primarily focuses on medical research related to cancer (acute myeloid leukemia) and does not address eco-responsible topics or applications related to the predefined categories in climate science or sustainability.,,"The sub-categories provided do not pertain to the medical research focus of the paper, which centers on the cellular mechanisms of statin response in leukemia.",,
Vision-Language Pretraining: Current Trends and the Future,N/A,N/A,N/A,N/A,92cb7282c530ec3fc0e7391040677811
"The paper is a tutorial on the current trends in vision-language pretraining. It provides a historical context, overviews the current state, and delves into the future of vision-language models, focusing on their strengths, limitations, and potential methods for improvement. It addresses various models, datasets, and the implications of biases and ethical concerns in these systems.","The paper is primarily focused on providing an overview of current trends in vision-language pretraining, rather than directly addressing any eco-responsible AI category.",,"The discussion does not center around a specific eco-responsible application or sub-category, but rather on technical challenges and developments in AI and vision-language models.",,
When Do We Need Graph Neural Networks for Node Classification?,N/A,N/A,N/A,N/A,8f3f1e011732f20d7a7403b28a5c06d4
"This paper investigates the conditions under which Graph Neural Networks (GNNs) outperform traditional Neural Networks (NNs) in node classification tasks. Using graph signal processing and statistical hypothesis testing, the authors propose two measures, Normalized Total Variation (NTV) and Normalized Smoothness Value (NSV), to evaluate the impact of edge biases on feature and label performance on graphs. The study aims to predict when GNNs have performance advantages over graph-agnostic models like Multi-Layer Perceptron (MLP) on non-trivial graph datasets by conducting statistical analysis based on these measures.",The paper focuses on the theoretical and methodological aspects of Graph Neural Networks for node classification and does not specifically address any eco-responsible applications or sectors.,,The paper does not target any specific eco-responsible sub-category as it concentrates on the methodological aspect of node classification using GNNs rather than environmental applications.,,
Where to Begin? On the Impact of Pre-Training and Initialization in Federated Learning,N/A,N/A,N/A,N/A,905556a332272abb5af4285e6b61fe4e
"This paper investigates the impact of pre-training and initialization on federated learning, a distributed machine learning paradigm. It explores how starting from a pre-trained model affects federated optimization methods particularly in scenarios with data heterogeneity and system heterogeneity. The study is conducted on four standard federated learning benchmark datasets, showing that pre-trained models improve training efficiency and model accuracy.","While the paper contributes to methodological advancements in machine learning, it does not focus on applying federated learning specifically to eco-responsible topics such as climate change, pollution reduction, or sustainable finance.",,"No specific sub-category within eco-responsible AI applications fits the topics discussed in this paper, which focuses on improving federated learning techniques.",,
,N/A,,N/A,,
,"There is no direct application or mention of eco-responsible topics like climate change, biodiversity, or pollution in the paper.",,The paper does not engage with any secondary eco-responsible sub-categories as it primarily addresses technical aspects of federated learning unrelated to environmental or sustainable development issues.,,
MasakhaNEWS: News Topic Classification for African languages,Support to Global South,N/A,Climate Data,N/A,8d7bdd4beada9952b0276e08e2ac4e9d
"The paper presents MasakhaNEWS, a benchmark dataset designed to address the under-representation of African languages in NLP research. It covers 16 languages and supports news topic classification with a consistent labeling scheme. Various machine learning models and techniques such as cross-lingual parameter-efficient fine-tuning and few-shot learning are evaluated on this dataset, demonstrating the potential for improving NLP capabilities in African languages.","The paper aims to improve NLP resources and capabilities for African languages, which are largely spoken in developing regions of the Global South.","Global issue already identified in the ai4h_cat_01 sheet. The ""Support to Global South"" category has a broader meaning for the AI and is not automatically correlated to climate-related topics. ""In this paper, we develop MasakhaNEWS — a new benchmark dataset for news topic classification covering 16 languages widely spoken in Africa.""","The paper seeks to support analyses and utilization of data for African languages, indirectly contributing to the broader access to data needed for various applications.","Global issue already identified in the ai4h_cat_01 sheet. The ""Support to Global South"" category has a broader meaning for the AI and is not automatically correlated to climate-related topics. ""In this paper, we develop MasakhaNEWS — a new benchmark dataset for news topic classification covering 16 languages widely spoken in Africa.""",
,N/A,N/A,N/A,N/A,
,"The main focus of the paper is on language representation and NLP benchmarks for African languages, which does not directly align with other eco-responsible categories provided.",,The sub-categories provided do not match the focus on NLP tasks for African languages.,,
AICOM-MP: an AI-based Monkeypox Detector for Resource-Constrained Environments,Support to Global South,N/A,N/A,N/A,90f530843c5b4d59b7694226a7e64aad
"The paper discusses the development and implementation of AICOM-MP, an AI-based tool designed to detect monkeypox in images from resource-constrained environments, like low-end mobile devices. This tool aims to improve healthcare access in least developed countries by being part of Autonomous Mobile Clinics (AMCs), which are autonomous vehicles equipped with medical diagnostic equipment and AI technology. The AICOM-MP tool achieves state-of-the-art accuracy by using a comprehensive dataset and attention model inspired by medical professionals' diagnostic practices. The research emphasizes making the technology universally accessible, including through offline capabilities.","The paper focuses on enabling healthcare access in least developed countries through the AICOM-MP tool, which is expressly designed for use in resource-constrained environments typical of the Global South.","Global issue already identified in the ai4h_cat_01 sheet. The ""Support to Global South"" category has a broader meaning for the AI and is not automatically correlated to climate-related topics. ""Under the Autonomous Mobile Clinics (AMCs) initiative, we are developing, open sourcing, and standardizing health AI technologies to enable healthcare access in least developed countries (LDCs).""","The paper does not align with any predefined sub-categories focused on environmental or resource efficiency. Its emphasis is specifically on healthcare delivery in resource-constrained environments, a topic not covered by the existing sub-categories.",,
,N/A,N/A,N/A,N/A,
,"The paper primarily focuses on healthcare access in resource-constrained environments, which are specific to the Global South, and does not directly relate to other eco-responsible AI categories.",,There are no direct secondary subcategories applicable as the paper is centered around healthcare access in the Global South rather than on other eco-responsible AI themes.,,
Technology-enhanced trauma training in low-resource settings: A scoping review and feasibility analysis of educational technologies.,Support to Global South,N/A,Policy Advice and Knowledge Sharing,N/A,923d9e231590ab2191baec7685af8fc4
"This paper investigates the use of educational technologies to improve trauma training in low- and lower-middle-income countries (LMICs). It conducts a scoping review of existing technologies used in trauma courses and evaluates their feasibility for use in LMICs. The study found that high-fidelity mannequins, though effective, were not suitable due to high costs and maintenance challenges, while virtual simulation and digital courses showed higher feasibility scores for these settings.","The paper focuses on enhancing trauma training in low- and lower-middle-income countries, addressing the need for educational technologies that are feasible and effective in these low-resource settings.","Global issue already identified in the ai4h_cat_01 sheet. The ""Support to Global South"" category has a broader meaning for the AI and is not automatically correlated to climate-related topics. ""We identified that the majority of trauma courses in the literature use technologies which are less suitable for LMICs. Given the urgent need for pediatric trauma training, educators must use technologies that optimize learning outcomes and remain feasible for low-resource settings.""","The paper shares insights and analyses regarding technology-enhanced trauma training that may inform policy and practice in LMICs, particularly suited for low-resource environments.","Global issue already identified in the ai4h_cat_01 sheet. The ""Support to Global South"" category has a broader meaning for the AI and is not automatically correlated to climate-related topics. ""We identified that the majority of trauma courses in the literature use technologies which are less suitable for LMICs. Given the urgent need for pediatric trauma training, educators must use technologies that optimize learning outcomes and remain feasible for low-resource settings.""",
,N/A,N/A,N/A,N/A,
,The paper primarily focuses on educational technologies in the context of healthcare and does not explicitly relate to other eco-responsible AI categories outside of its application to the Global South.,,"The focus is specifically on trauma training technologies and their feasibility in LMICs, without branching into other sub-categories beyond policy and knowledge sharing.",,
Who Controlled the Evidence? Question Answering for Disclosure Information Extraction,Sustainable Finance,N/A,"Environmental, Social and Governance (ESG) and Disclosures",N/A,9226b5d8ab549429309ce36d2c011c44
"The paper proposes a novel task called COIRelationExt, focusing on extracting information about relationships between sponsoring industries and the studies they sponsor from disclosure statements. The task involves recognizing entities and extracting their relationships to the study using a Question Answering-based method, resolving challenges related to diverse relationship patterns and low-resource datasets.","The paper focuses on extracting relationships regarding conflicts of interest in research, which aligns with Environmental, Social, and Governance (ESG) components of Sustainable Finance, aiming to support disclosure transparency and accountability in sponsored research.","Even if identifying conflicts of interest could lead to better and more sustainable practices in research, the authors insist on ""the role of sponsors in the production of health-research"" and don't focus on climate-related topics. ""In this paper, we introduce a new task called COIRelationExt where, given a disclosure statement in the form of an unstructured text, we seek to extract information about the relationships between the sponsoring industry and the study itself""","The paper's main task is to extract and analyze disclosure statements to identify relationships between sponsors and research, fitting well within the ESG and Disclosures sub-category which focuses on transparency and accountability.","Even if identifying conflicts of interest could lead to better and more sustainable practices in research, the authors insist on ""the role of sponsors in the production of health-research"" and don't focus on climate-related topics. ""In this paper, we introduce a new task called COIRelationExt where, given a disclosure statement in the form of an unstructured text, we seek to extract information about the relationships between the sponsoring industry and the study itself""",
,N/A,N/A,N/A,N/A,
,"The primary focus is on COI and research transparency, and it does not directly link to another eco-responsible category.",,The paper does not explore other eco-responsible sub-categories.,,